cod_ibge,variavel,populacao_estimada,integrado_snt,p_value,tau
3500105,Óbitos totais,35642,Sim,0.35049699598852846,0.06907313746989881
3500204,Óbitos totais,4478,Sim,0.3940349944338268,-0.06400532472346196
3500303,Óbitos totais,32888,Não,0.0410468317405027,-0.14879024044204858
3500402,Óbitos totais,7470,Sim,0.12954183074634273,0.11114388134958886
3500501,Óbitos totais,18245,Sim,0.28460166218850025,0.07864527741532366
3500550,Óbitos totais,7407,Não,0.9649387616467011,0.003480568281299173
3500600,Óbitos totais,2829,Sim,0.3900408572180498,-0.06450367700527061
3500709,Óbitos totais,38879,Sim,0.8470105584586155,0.014242269119345523
3500758,Óbitos totais,6330,Não,0.7509810356892799,0.023678533271664134
3500808,Óbitos totais,4556,Não,0.4702563269578274,-0.05407400038490588
3500907,Óbitos totais,3479,Não,0.3660866482285918,-0.06762446816411839
3501004,Óbitos totais,17156,Sim,0.8819990775179409,-0.010974866226661616
3501103,Óbitos totais,3883,Não,0.29157371288186584,-0.0787115568915876
3501152,Óbitos totais,17591,Sim,0.07081096325371364,0.13342831166582278
3501202,Óbitos totais,3978,Não,0.7476127109192765,0.024174153289479704
3501301,Óbitos totais,28250,Não,0.1765603706444328,-0.0995482064818018
3501400,Óbitos totais,4896,Não,0.19818564765177604,0.09643704694455209
3501509,Óbitos totais,2923,Não,0.7242128519177321,0.02704825656438898
3501608,Óbitos totais,246655,Sim,0.2726978182761419,0.07339753656604474
3501707,Óbitos totais,33757,Sim,0.6001791721709973,0.03863783610069267
3501806,Óbitos totais,5975,Sim,0.6305838425060986,0.035810869502252284
3501905,Óbitos totais,69717,Sim,0.07949764915956486,-0.11924942207094105
3502002,Óbitos totais,4684,Não,0.16588306385936957,-0.10328492099432714
3502101,Óbitos totais,61473,Sim,0.6099538396681798,0.03633050520122244
3502200,Óbitos totais,24512,Sim,0.8025442577521174,0.018186171293387926
3502309,Óbitos totais,5766,Não,0.7210093119595681,0.026729405462521876
3502408,Óbitos totais,4108,Não,0.5968403396364582,-0.03993084766992942
3502507,Óbitos totais,33223,Sim,0.3002195962830948,-0.07363368632826588
3502606,Óbitos totais,4124,Não,0.8817374083653815,0.011672093934287062
3502705,Óbitos totais,24886,Sim,0.12008411761206585,0.113069440295168
3502754,Óbitos totais,22168,Sim,0.9543012604763634,-0.0041625669960751845
3502804,Óbitos totais,207775,Sim,0.9438595669437292,-0.00483443170607169
3502903,Óbitos totais,33656,Sim,0.3124341389411289,0.07187897541935835
3503000,Óbitos totais,5526,Não,0.24428458849166212,0.08643777414269754
3503109,Óbitos totais,7050,Sim,0.30917726215817604,0.0758646644393456
3503158,Óbitos totais,2355,Não,0.2004454243561126,-0.09617157889560526
3503208,Óbitos totais,252318,Sim,0.015733961441597763,-0.15771002594289907
3503307,Óbitos totais,135331,Sim,0.4402098277511446,-0.05232162159481635
3503356,Óbitos totais,2085,Não,0.5298827612434269,-0.047435011963873876
3503406,Óbitos totais,8280,Sim,0.8400198305558554,0.015200916136152872
3503505,Óbitos totais,3625,Não,0.3844063843768896,0.06536288737352974
3503604,Óbitos totais,10257,Não,0.3937283550496023,-0.06356448018222159
3503703,Óbitos totais,7653,Não,0.629670867817118,-0.03555699446963607
3503802,Óbitos totais,53157,Sim,0.7266537819689951,0.02493199997350068
3503901,Óbitos totais,89943,Sim,0.48176986316104214,0.04847679206974651
3503950,Óbitos totais,1873,Sim,0.42081634544507784,0.06034954998673025
3504008,Óbitos totais,104642,Sim,0.37209619874350885,0.060944955194546575
3504107,Óbitos totais,166043,Sim,0.9636585190855915,0.0031922856449128566
3504206,Óbitos totais,13873,Não,0.046067250893649964,0.1484008327779908
3504305,Óbitos totais,4519,Sim,0.25432582102033613,0.08465843451870485
3504404,Óbitos totais,11438,Não,0.2695390863765685,-0.08170909744581897
3504503,Óbitos totais,96098,Sim,0.7000843235691048,0.02631500627480138
3504602,Óbitos totais,28909,Não,0.4256611465827107,0.05823806368095
3504701,Óbitos totais,3963,Não,0.10892779840690642,0.12001054730877593
3504800,Óbitos totais,9854,Não,0.6286400676395928,-0.03605441110890867
3504909,Óbitos totais,10109,Sim,0.8754731602023337,-0.012044696487560028
3505005,Óbitos totais,3618,Não,0.8754731602023337,0.012044696487560028
3505104,Óbitos totais,5659,Não,0.8661722002990478,-0.012766560837858796
3505203,Óbitos totais,32405,Sim,0.9418036097267293,0.005547525176373403
3505302,Óbitos totais,35159,Sim,0.6832975674741375,-0.029942110136221483
3505351,Óbitos totais,5256,Não,0.8120214746958407,0.01804606426294935
3505401,Óbitos totais,6922,Sim,0.05615570334747572,0.13661253248925445
3505500,Óbitos totais,126600,Sim,0.6597825288298337,-0.029711907544236624
3505609,Óbitos totais,33181,Não,0.19687582164315165,-0.09480839619994118
3505708,Óbitos totais,330339,Sim,0.74139473249763,0.022010678736284008
3505807,Óbitos totais,21900,Sim,0.49279778212025016,-0.05036401125195998
3505906,Óbitos totais,59873,Sim,0.6869300214587646,0.02811131889405293
3506003,Óbitos totais,391740,Sim,0.8448318786656517,0.012954348752851338
3506102,Óbitos totais,78210,Sim,0.9613281298203494,-0.003472525763312217
3506201,Óbitos totais,2642,Não,1,3.4641399287372416e-4
3506300,Óbitos totais,11852,Sim,0.2021344016249192,-0.094327287798155815
3506359,Óbitos totais,66873,Sim,0.9052589016019392,0.008133380308239508
3506409,Óbitos totais,7455,Não,0.005050531566879325,0.20780245858079952
3506508,Óbitos totais,122988,Sim,0.07247132540059961,0.12150544755321151
3506607,Óbitos totais,30526,Sim,0.5972134442727196,-0.03807455583534372
3506706,Óbitos totais,13135,Sim,0.8424177743914769,-0.014769432823445349
3506805,Óbitos totais,11467,Sim,0.2399225855156112,0.08685097495226858
3506904,Óbitos totais,10688,Não,0.13121984468505388,0.11086730637830611
3507001,Óbitos totais,63415,Sim,0.12191441594998186,0.10884636451550048
3507100,Óbitos totais,22501,Sim,0.31919801713101814,0.07295141678563219
3507159,Óbitos totais,3610,Não,0.970244682296077,-0.0031012878989902675
3507209,Óbitos totais,928,Não,0.6506392984298162,-0.034288727802507406
3507308,Óbitos totais,4823,Não,0.6606069430921379,0.03320576996931485
3507407,Óbitos totais,14415,Não,0.19933273333656545,-0.0931931310512086
3507456,Óbitos totais,2787,Não,0.4812590545803714,0.05259607103692505
3507506,Óbitos totais,150442,Sim,0.18698726257054255,-0.08869929792667668
3507605,Óbitos totais,184634,Sim,0.8240064088960728,0.01468565871610684
3507704,Óbitos totais,5466,Não,0.8483627702201721,-0.014504491973687823
3507753,Óbitos totais,2605,Não,0.7787069244508327,0.021501225668423534
3507803,Óbitos totais,26167,Sim,0.24263346989008594,0.0861442714191244
3507902,Óbitos totais,24423,Sim,0.7015038178454163,-0.02778862762425528
3508009,Óbitos totais,20674,Sim,0.7979915817730381,-0.019182843816639084
3508108,Óbitos totais,17597,Sim,0.8512773209482034,0.013860398830398241
3508207,Óbitos totais,4447,Sim,0.26028312787603924,-0.08390911065901409
3508306,Óbitos totais,4362,Não,0.4012399765644324,0.06304283863739486
3508405,Óbitos totais,48473,Sim,0.5666005882900066,0.0414815941629054
3508504,Óbitos totais,99678,Sim,0.11881876592625516,-0.10590119100123468
3508603,Óbitos totais,32482,Sim,0.036067402555649795,-0.150572967981208
3508702,Óbitos totais,17266,Não,0.6302872611555811,0.035831379256213686
3508801,Óbitos totais,16905,Sim,0.7212096174030096,-0.026207415995100906
3508900,Óbitos totais,3745,Sim,0.5832144324908082,-0.041141488006561186
3509007,Óbitos totais,98257,Sim,0.7714929934554147,-0.020276405336827733
3509106,Óbitos totais,5585,Não,0.5973541208424976,-0.03954898364792038
3509205,Óbitos totais,97363,Sim,0.05907992696020022,0.12931628072580822
3509254,Óbitos totais,29257,Sim,0.12386972235637558,0.10644158815102463
3509304,Óbitos totais,9232,Sim,0.9851169494604616,-0.0017259657340530064
3509403,Óbitos totais,24217,Sim,0.9171202576522914,0.007767211775475897
3509452,Óbitos totais,6077,Sim,0.20317444601766774,-0.09461360099087891
3509502,Óbitos totais,1185977,Sim,0.25061661789899287,-0.07279643294519449
3509601,Óbitos totais,79663,Sim,0.19192540131720792,0.09239650615328977
3509700,Óbitos totais,47983,Sim,0.515995035683873,0.04668484797872785
3509809,Óbitos totais,4991,Não,0.9725896714991455,0.0028606881557643317
3509908,Óbitos totais,12489,Sim,0.6824485313396895,-0.03050109143297529
3509957,Óbitos totais,5049,Não,0.6163227377727911,-0.03734538671775777
3510005,Óbitos totais,30172,Sim,0.9278057903387125,-0.006848465792298602
3510104,Óbitos totais,2951,Não,0.4946664915899571,-0.05143309170376111
3510153,Óbitos totais,6524,Não,0.3888904770042479,-0.06435076749689499
3510203,Óbitos totais,47403,Sim,0.3261550548530291,0.06799605219977185
3510302,Óbitos totais,23597,Sim,0.47848934685750816,-0.051790605282134
3510401,Óbitos totais,51318,Sim,0.5160617037163744,-0.045943780528362115
3510500,Óbitos totais,141084,Sim,0.20019851162204627,0.08738568547858314
3510609,Óbitos totais,398462,Sim,0.7370544850979948,0.02231449145496603
3510708,Óbitos totais,11491,Não,0.7090660529627626,0.027635747329139017
3510807,Óbitos totais,28786,Sim,0.8650800177126438,-0.01213653628347014
3510906,Óbitos totais,2855,Não,0.41588514851941716,0.06111786646526066
3511003,Óbitos totais,20418,Não,0.569908154897114,0.04158174897346003
3511102,Óbitos totais,119172,Sim,0.014140158462631492,-0.16396093048380217
3511201,Óbitos totais,7105,Não,0.006575353672848055,-0.20063789202497942
3511300,Óbitos totais,13160,Não,0.6519371310545673,-0.033461975709991466
3511409,Óbitos totais,22076,Sim,0.12775328883938758,-0.11287693388095371
3511508,Óbitos totais,46217,Sim,0.6790444783845448,-0.029874300626237877
3511607,Óbitos totais,19588,Sim,0.8691668842306721,-0.012156034360538737
3511706,Óbitos totais,15798,Sim,0.028969751002848536,0.16180206947505096
3511904,Óbitos totais,7087,Não,0.7248583506796635,-0.026169747767357806
3512001,Óbitos totais,18842,Sim,0.7263975361791855,-0.025725445850711418
3512100,Óbitos totais,6781,Não,0.03971415503998368,-0.15206061774234667
3512209,Óbitos totais,29034,Sim,0.017166981947549655,0.17309722036931482
3512308,Óbitos totais,15381,Sim,0.11086796240424887,-0.11739822971302141
3512407,Óbitos totais,25130,Sim,0.07616943087881675,0.12796811683452444
3512506,Óbitos totais,5498,Não,0.17210821285673505,-0.10116942520012732
3512605,Óbitos totais,4295,Não,0.5417516678806846,-0.04560357675111774
3512704,Óbitos totais,4285,Não,0.3894538173209585,0.06414668891257752
3512803,Óbitos totais,61204,Sim,0.6092006738389024,0.0365336925898107
3512902,Óbitos totais,8968,Sim,0.9523560471315952,-0.004634623751598156
3513009,Óbitos totais,287004,Sim,0.006784866525589537,0.17971988504669653
3513108,Óbitos totais,34252,Sim,0.9327960469411533,0.006408077103062737
3513207,Óbitos totais,9543,Sim,0.8768325352002225,0.011709587042328563
3513306,Óbitos totais,2129,Não,0.9369851665189175,0.006402066294472761
3513405,Óbitos totais,76513,Sim,0.14130980192707485,-0.10385163415247543
3513504,Óbitos totais,115082,Sim,0.8405282871686903,-0.01347927201175225
3513603,Óbitos totais,22456,Sim,0.9213942993407348,-0.007313144309286319
3513702,Óbitos totais,32622,Não,0.8627634775203868,0.012653424908943039
3513801,Óbitos totais,404118,Sim,0.5605149152675915,-0.0382742122243335
3513850,Óbitos totais,1641,Não,0.33903795745584797,0.07179202383649988
3513900,Óbitos totais,11314,Não,0.32121417195391433,0.07276758787391575
3514007,Óbitos totais,8958,Sim,0.5422155313419262,-0.04513251361845731
3514106,Óbitos totais,24855,Sim,0.4080397983041273,0.0607831510534735
3514205,Óbitos totais,2250,Não,0.6292953413654911,-0.037035461137614537
3514304,Óbitos totais,8186,Sim,0.6294482414039653,-0.03616095310735629
3514403,Óbitos totais,46664,Sim,0.32186077441385297,0.0714743604076375
3514502,Óbitos totais,12529,Não,0.02008563426811395,-0.17173740798183987
3514601,Óbitos totais,9719,Não,0.1527659529311671,-0.10640803690204034
3514700,Óbitos totais,6295,Não,0.5348027175793604,-0.045949404681582484
3514809,Óbitos totais,13162,Sim,0.8363509030043099,0.01547970481721017
3514908,Óbitos totais,18103,Não,0.36097025169604025,0.06711828901855554
3514924,Óbitos totais,3189,Não,0.555373943673402,-0.044122997828242076
3514957,Óbitos totais,2353,Não,0.5507451917408233,0.04500395524079097
3515004,Óbitos totais,259323,Sim,0.36334585660706453,0.06069166472947763
3515103,Óbitos totais,68805,Sim,0.8555157556825992,0.012921574743526587
3515129,Óbitos totais,3062,Não,NA,NA
3515152,Óbitos totais,20139,Sim,0.7060512888252144,-0.027797397568924725
3515186,Óbitos totais,40681,Sim,0.3283663900406262,0.07102875579017218
3515194,Óbitos totais,4217,Sim,0.9697981105647174,0.003072098761747266
3515202,Óbitos totais,9655,Não,0.8946587039123935,-0.010097775396952708
3515301,Óbitos totais,2749,Não,0.5990916564808715,0.03918512427802289
3515350,Óbitos totais,7928,Não,0.7476714095551511,-0.023969976501498135
3515400,Óbitos totais,16984,Não,0.12540918026778547,-0.11284221004919548
3515509,Óbitos totais,73286,Sim,0.9981202850624339,3.2784681759373476e-4
3515608,Óbitos totais,6066,Não,0.15945144478247075,0.10514107504128672
3515657,Óbitos totais,1689,Não,0.30539461050311345,0.0770048895517433
3515707,Óbitos totais,185622,Sim,0.923538799824643,0.007041453441100113
3515806,Óbitos totais,1492,Não,0.017020382967066594,-0.17784424907593957
3515905,Óbitos totais,2756,Não,0.6877935940328028,-0.029995117180762136
3516002,Óbitos totais,13171,Não,0.9939554633576776,-8.407543100270119e-4
3516101,Óbitos totais,3987,Sim,0.8777027162780547,0.011869902523515927
3516200,Óbitos totais,364331,Sim,0.17894981481594754,-0.08791823646999401
3516309,Óbitos totais,171107,Sim,0.17507881414952833,0.09727453783638745
3516408,Óbitos totais,149786,Sim,0.5772232382235489,-0.03749460189639656
3516507,Óbitos totais,2811,Não,0.9027373311550755,0.009643704694455208
3516606,Óbitos totais,6435,Não,0.37043646114686596,0.06657748672977072
3516705,Óbitos totais,43115,Sim,0.4312309062707653,0.0574183200504483
3516804,Óbitos totais,3235,Não,0.23424518452788726,-0.08922382501148217
3516853,Óbitos totais,4797,Sim,0.6662325085387231,-0.0319522670507212
3516903,Óbitos totais,10449,Não,0.23080549828538893,0.08772056300142878
3517000,Óbitos totais,10355,Não,0.030933313107540744,-0.159612507595861
3517109,Óbitos totais,4173,Sim,0.7729861686529517,-0.021790447154886438
3517208,Óbitos totais,11459,Não,0.8767309471150828,-0.011738680468052163
3517307,Óbitos totais,5606,Não,0.10415147625367711,-0.12057931797537647
3517406,Óbitos totais,40424,Sim,0.6689879036553561,0.030997605911079577
3517505,Óbitos totais,22316,Sim,0.4654292727461693,0.05369423935341967
3517604,Óbitos totais,17256,Sim,0.026920802811088416,0.16283902339971681
3517703,Óbitos totais,18790,Sim,0.4434413463758132,0.05656258998711791
3517802,Óbitos totais,7486,Sim,0.11712794605700545,-0.11717057516387933
3517901,Óbitos totais,10542,Não,0.27779954710591026,-0.08065315876100886
3518008,Óbitos totais,1999,Não,0.7546528410307146,0.024042894723901316
3518107,Óbitos totais,6531,Não,0.20693907504440356,0.09340438036089993
3518206,Óbitos totais,31872,Sim,0.6234318274040729,-0.03623317405040897
3518305,Óbitos totais,32436,Sim,0.8073668470357648,-0.017346647304315625
3518404,Óbitos totais,121710,Sim,0.00033915241771142947,-0.2415913896804943
3518503,Óbitos totais,15268,Sim,0.7405056916248258,0.02468268020255545
3518602,Óbitos totais,38609,Sim,0.6317348304602697,-0.035032176202594564
3518701,Óbitos totais,294973,Sim,8.228369958215508e-4,-0.2204509126850569
3518800,Óbitos totais,1345364,Sim,0.05179213493789269,0.12343178069942691
3518859,Óbitos totais,7462,Não,0.16484504769493985,-0.10187789933816248
3518909,Óbitos totais,4276,Não,0.027255533612551883,-0.16423248882265276
3519006,Óbitos totais,9302,Não,0.8162939752387357,-0.01730462683226462
3519055,Óbitos totais,15596,Sim,0.10271301116103725,0.1210341177578214
3519071,Óbitos totais,247331,Sim,0.1732769321457112,-0.09161562347205633
3519105,Óbitos totais,10633,Não,0.06648290104805674,0.13452094718811633
3519204,Óbitos totais,6207,Não,0.9843764017414526,0.0018178182908727399
3519253,Óbitos totais,8257,Não,3.737442923565386e-4,-0.2644962059910928
3519303,Óbitos totais,33110,Sim,0.9397153921393437,-0.005701109792243094
3519402,Óbitos totais,11934,Não,0.4606126724016849,-0.0539988144032616
3519501,Óbitos totais,6461,Não,0.7090050849076217,0.02805953342277166
3519600,Óbitos totais,61908,Sim,0.12435340279943571,0.10845654517986045
3519709,Óbitos totais,77651,Sim,0.35450114806773286,-0.06277639514319912
3519808,Óbitos totais,7969,Sim,0.07616317347556535,0.1285120594491163
3519907,Óbitos totais,7739,Sim,0.6794253753597326,0.031280797797180654
3520004,Óbitos totais,23430,Sim,0.025900432550652313,0.16333681523396734
3520103,Óbitos totais,26755,Sim,0.11350139290356986,-0.11588591604313718
3520202,Óbitos totais,10904,Sim,0.9956583617566375,-5.864831408134402e-4
3520301,Óbitos totais,29881,Sim,0.5250427365032009,-0.04543606237908483
3520400,Óbitos totais,36329,Sim,0.7094975265384433,0.027700648335777598
3520426,Óbitos totais,13955,Sim,0.21727247997001414,-0.09106336564168165
3520442,Óbitos totais,26240,Sim,0.5348041919683665,-0.04505506641158038
3520509,Óbitos totais,267796,Sim,0.7061251789736422,0.02509078709365415
3520608,Óbitos totais,5191,Não,0.5694762548408532,-0.04252421524047689
3520707,Óbitos totais,4109,Não,0.07370663299190537,0.1328008961700161
3520806,Óbitos totais,3671,Sim,0.5150209525824998,-0.04879848815223214
3520905,Óbitos totais,13933,Sim,0.19785991205624426,0.09619783797112356
3521002,Óbitos totais,37999,Sim,0.4372930404294585,0.05748253390890916
3521101,Óbitos totais,6999,Não,0.8546347911658484,-0.013770337376162513
3521150,Óbitos totais,7037,Sim,0.5450519596895937,0.04510548273088739
3521200,Óbitos totais,4091,Não,0.09573263340244145,-0.12464194814568907
3521309,Óbitos totais,14691,Sim,0.8053773583076177,0.018337738881952056
3521408,Óbitos totais,22435,Sim,0.8283879062039048,0.01639344262295082
3521507,Óbitos totais,6946,Não,0.528883171125653,0.04674272272816684
3521606,Óbitos totais,7145,Não,0.23881973197811154,-0.08820291069236913
3521705,Óbitos totais,18258,Sim,0.0018277443976783799,-0.22858651545361408
3521804,Óbitos totais,25930,Sim,0.17366630564826277,-0.09808654376357022
3521903,Óbitos totais,17420,Não,0.5367841267194144,-0.04520282921084567
3522000,Óbitos totais,3702,Não,0.14574009392278225,0.10903892360526851
3522109,Óbitos totais,117435,Sim,0.30739213816630123,0.06840028799536768
3522158,Óbitos totais,3490,Não,0.1251915153918926,-0.1153390075428567
3522208,Óbitos totais,163928,Sim,0.24748425688595563,0.07754705923747793
3522307,Óbitos totais,163774,Sim,0.6756002745641161,-0.027658808273719273
3522406,Óbitos totais,92324,Sim,0.2626794789180885,-0.0758101295944995
3522505,Óbitos totais,241924,Sim,0.40718647439944,0.05585458793993135
3522604,Óbitos totais,73919,Sim,0.13779184311249648,-0.10096995158935293
3522653,Óbitos totais,4405,Não,0.43843489292086824,-0.058230408207059374
3522703,Óbitos totais,40464,Sim,0.5609770831070654,0.04153080740029555
3522802,Óbitos totais,14260,Sim,0.582577224897532,-0.04079137675580216
3522901,Óbitos totais,13984,Não,0.8030923206351588,0.01880322442606121
3523008,Óbitos totais,4014,Não,0.30838401734434706,-0.07597117671178523
3523107,Óbitos totais,382521,Sim,0.9676210943363052,0.002823505998702354
3523206,Óbitos totais,45327,Sim,0.24823653893462028,-0.08429671795229345
3523305,Óbitos totais,15762,Sim,0.6121515162729232,0.03664673099832077
3523404,Óbitos totais,126403,Sim,0.3012332819665432,0.0706017877950674
3523503,Óbitos totais,19427,Sim,0.8108572780593752,-0.017364167025176652
3523602,Óbitos totais,16433,Sim,0.6306371034984775,-0.034761388739934194
3523701,Óbitos totais,5861,Não,0.4825263953861682,0.05195710611331135
3523800,Óbitos totais,8210,Sim,0.7090856366789398,-0.0279606448916587
3523909,Óbitos totais,174561,Sim,0.3517701014932766,-0.06085065745277561
3524006,Óbitos totais,74119,Sim,2.430760820237994e-5,0.2960272494688741
3524105,Óbitos totais,38451,Sim,0.9566964266454276,0.004123790231623126
3524204,Óbitos totais,6293,Sim,0.026946253150867166,0.16421441091520364
3524303,Óbitos totais,73467,Sim,0.1605791452260385,-0.09756653500555595
3524402,Óbitos totais,249968,Sim,0.5984323387470205,-0.03498822757548106
3524501,Óbitos totais,7878,Não,0.4765825746198064,0.052814656792933116
3524600,Óbitos totais,16254,Sim,0.6166772121111981,0.03645005039148257
3524709,Óbitos totais,61801,Sim,0.04971365432040735,0.13717099950959963
3524808,Óbitos totais,50017,Sim,0.06357252935887163,-0.1325027955122985
3524907,Óbitos totais,6575,Não,0.010338136847149248,0.19082753061033675
3525003,Óbitos totais,121988,Sim,0.34624849540566893,0.0689397275253665
3525102,Óbitos totais,46868,Sim,0.022126064381206078,-0.16259205915017927
3525201,Óbitos totais,39531,Sim,0.33035082855323034,0.06913961486649944
3525300,Óbitos totais,137323,Sim,0.28735398161491554,-0.07145381933991884
3525409,Óbitos totais,3976,Não,0.8930709104264193,-0.010366887980843245
3525508,Óbitos totais,13095,Não,0.8151690667197962,0.017646102922918985
3525607,Óbitos totais,4456,Não,0.5784349062027015,-0.04156808825238362
3525706,Óbitos totais,37859,Sim,0.8598397772710396,-0.012474944113930067
3525805,Óbitos totais,4308,Não,0.1555200597114841,-0.1059929607395047
3525854,Óbitos totais,3123,Não,0.13104261447847756,0.11197565184867349
3525904,Óbitos totais,460313,Sim,0.2401218998194617,-0.07528506430132437
3526001,Óbitos totais,20878,Sim,0.06998296277478513,0.1343426764677081
3526100,Óbitos totais,17255,Sim,0.38482260898791937,-0.06325715615701001
3526209,Óbitos totais,28007,Sim,0.06550973046047592,-0.12852749245769873
3526308,Óbitos totais,5182,Não,0.7689581750643596,-0.022177383148647426
3526407,Óbitos totais,27009,Sim,0.004340072405829842,0.20614142705070887
3526506,Óbitos totais,9909,Não,0.3527167534131192,-0.0695728814070095
3526605,Óbitos totais,7328,Não,0.34346699917102175,-0.0703370939943433
3526704,Óbitos totais,101316,Sim,0.25135620353240895,-0.07974376003541903
3526803,Óbitos totais,68395,Sim,0.38531100892273096,0.061659389850845334
3526902,Óbitos totais,300728,Sim,0.7317505709676115,-0.022423979570903568
3527009,Óbitos totais,7147,Sim,0.24270294621646007,-0.08677420739151806
3527108,Óbitos totais,76729,Sim,0.9277239529427969,-0.006520343784966297
3527207,Óbitos totais,87370,Sim,0.05367864917860576,-0.13288134988693162
3527256,Óbitos totais,1968,Não,0.1251915153918926,-0.1153390075428567
3527306,Óbitos totais,54111,Sim,0.3980367024364047,0.06099368682468293
3527405,Óbitos totais,20372,Sim,0.5108703846650455,-0.04812157465372458
3527504,Óbitos totais,2419,Não,0.16780165338519398,-0.10324134052199836
3527603,Óbitos totais,12531,Sim,0.37519855039114197,0.06587063658999577
3527702,Óbitos totais,4751,Não,0.8013527307155042,0.019287409388910416
3527801,Óbitos totais,4017,Não,0.619670116987934,0.03724400496821462
3527900,Óbitos totais,2699,Não,0.40812566543785767,0.06181736907095416
3528007,Óbitos totais,17120,Não,0.579680802843161,-0.0408217449070697
3528106,Óbitos totais,7587,Não,0.8266260606146897,0.016765687777076658
3528205,Óbitos totais,4048,Sim,0.24835609970589528,-0.08647565274492171
3528304,Óbitos totais,3212,Não,0.07694803005061342,-0.13207895767745886
3528403,Óbitos totais,51660,Sim,0.640542385988603,-0.03312525349113515
3528502,Óbitos totais,97399,Sim,0.8223394119473778,-0.015312789452930355
3528601,Óbitos totais,10092,Não,0.602672570166757,0.0387858058898866
3528700,Óbitos totais,4627,Não,0.11789530379939041,0.11644490404295466
3528809,Óbitos totais,12826,Não,0.8126694501379589,-0.017650059431358174
3528858,Óbitos totais,3392,Não,0.1921272069180954,-0.09769233773581035
3528908,Óbitos totais,3539,Sim,0.7664878595166434,-0.022541489388039463
3529005,Óbitos totais,246627,Sim,0.5443199866049975,-0.04045430448618849
3529104,Óbitos totais,1870,Não,0.0036649621570214314,0.21704061240813038
3529203,Óbitos totais,25299,Sim,0.7175121656521453,-0.025821294651813785
3529302,Óbitos totais,80998,Sim,0.4429936350432356,0.05321045492163612
3529401,Óbitos totais,429380,Sim,0.96019569338544,0.0034767983925107523
3529500,Óbitos totais,6369,Não,0.8352341771174004,-0.015647644856309872
3529609,Óbitos totais,4697,Não,0.8099311371896397,-0.018166794125115803
3529658,Óbitos totais,1988,Não,0.3138758846121194,-0.07529816667919564
3529708,Óbitos totais,19655,Sim,0.7292743092857026,0.02542398929808839
3529807,Óbitos totais,11349,Não,0.8271328535971271,0.016336279787766275
3529906,Óbitos totais,18679,Sim,0.001946692186131441,-0.21072723986080996
3530003,Óbitos totais,3199,Não,0.0352931482696937,-0.15736647507197038
3530102,Óbitos totais,28737,Sim,0.8223729893065626,-0.01654281893292497
3530201,Óbitos totais,16069,Não,0.29981321568809816,0.074425241851027
3530300,Óbitos totais,65485,Sim,0.11194974552891594,0.11226777135266565
3530409,Óbitos totais,4771,Sim,0.5053990690075689,-0.05000373996350678
3530508,Óbitos totais,69324,Sim,0.44926081748496016,0.05250652310130542
3530607,Óbitos totais,468120,Sim,0.09508886572520402,-0.10711597003675453
3530706,Óbitos totais,159735,Sim,0.220017904359945,-0.08279480545078066
3530805,Óbitos totais,95534,Sim,0.8081057418744297,0.016500726476545196
3530904,Óbitos totais,3815,Não,0.7916171131776335,0.02010205871593529
3531001,Óbitos totais,1954,Sim,0.6889109685287718,0.030318311711113557
3531100,Óbitos totais,64519,Sim,0.842130327040448,0.014183501776563419
3531209,Óbitos totais,8873,Sim,0.0669921589497718,0.13635001584516912
3531308,Óbitos totais,48725,Sim,0.13595541024272317,-0.10686165486279729
3531407,Óbitos totais,22650,Não,0.3265972361963308,-0.0711058316173073
3531506,Óbitos totais,18363,Sim,0.31044431990095345,-0.07478051495917543
3531605,Óbitos totais,4301,Não,0.18951022145429283,0.09779862404895341
3531704,Óbitos totais,4205,Não,0.5375432091591297,0.046113509008463525
3531803,Óbitos totais,67296,Sim,0.8152636643007173,-0.016555057794765692
3531902,Óbitos totais,28561,Sim,0.5923277672456156,-0.039165297331801
3532009,Óbitos totais,14081,Sim,0.1322450010611736,-0.11161986664167708
3532058,Óbitos totais,4079,Não,0.3060381036798585,-0.07643171011280543
3532108,Óbitos totais,3763,Não,0.8639276997001355,0.01352412828219449
3532157,Óbitos totais,2699,Não,0.936974335906366,0.006429136462970139
3532207,Óbitos totais,5908,Não,0.8817267151677857,-0.011704743211864982
3532306,Óbitos totais,7134,Sim,0.6416140680136686,0.03473692134952277
3532405,Óbitos totais,18620,Sim,0.6806654693677543,0.029663012992969803
3532504,Óbitos totais,9921,Não,0.897748387390806,0.009796281069505723
3532603,Óbitos totais,9944,Não,0.859897526190678,0.013217479303549306
3532702,Óbitos totais,4860,Sim,0.0839394669005383,-0.1277861031831202
3532801,Óbitos totais,6858,Não,0.318850576191129,0.07433772921502008
3532827,Óbitos totais,8631,Sim,0.4811882381762006,0.0527256182061599
3532843,Óbitos totais,2058,Sim,0.925545878749289,0.007500659206798496
3532868,Óbitos totais,1074,Não,NA,NA
3532900,Óbitos totais,9459,Não,0.2925567474508247,0.07802761136746292
3533007,Óbitos totais,19725,Sim,0.847107260972141,0.014031684221531945
3533106,Óbitos totais,2188,Não,0.6553502455590476,-0.033882151402767055
3533205,Óbitos totais,4795,Não,0.9713282871480668,-0.0032145682314850695
3533254,Óbitos totais,4469,Não,0.5597377851904252,0.04362619845698434
3533304,Óbitos totais,2838,Sim,0.5517615073179121,0.04497085549821809
3533403,Óbitos totais,64228,Sim,0.0896947811255743,-0.12274829518630886
3533502,Óbitos totais,39435,Sim,0.4102955811139699,-0.0585219097299786
3533601,Óbitos totais,7550,Não,0.005871770614012968,0.20315894038646193
3533700,Óbitos totais,4412,Não,0.48354573814626106,-0.051758011093638735
3533809,Óbitos totais,2540,Não,0.46653438217377896,0.05470908643046067
3533908,Óbitos totais,56701,Sim,0.2009556180121311,-0.08846149945801249
3534005,Óbitos totais,4912,Não,0.702396926032376,-0.02834177029057898
3534104,Óbitos totais,6180,Não,0.08984668003499302,-0.12503305286730024
3534203,Óbitos totais,6145,Não,0.2455557113212599,0.08630724454317625
3534302,Óbitos totais,39193,Sim,0.004619834885162656,0.20179366192172224
3534401,Óbitos totais,756952,Sim,0.3178496134865299,-0.06469897542437869
3534500,Óbitos totais,2504,Não,0.3497215422912803,-0.06990053708292712
3534609,Óbitos totais,32099,Sim,0.9974788961503708,4.642904559650396e-4
3534708,Óbitos totais,106877,Sim,0.9096300227171309,-0.007908116777672154
3534757,Óbitos totais,10596,Não,0.08482943632873631,-0.12698221188052727
3534807,Óbitos totais,7901,Não,0.19818564765177604,0.09643704694455209
3534906,Óbitos totais,15217,Não,0.6047309893689257,-0.03860914122364271
3535002,Óbitos totais,11689,Não,0.5326308175613386,-0.045926553144022025
3535101,Óbitos totais,9709,Sim,0.4081082622616631,-0.060938808933005295
3535200,Óbitos totais,8994,Sim,0.1411144289384536,-0.10992316301856961
3535309,Óbitos totais,19767,Não,0.7511261866272707,-0.023369516763117725
3535408,Óbitos totais,15214,Sim,0.9735178505372863,-0.0027135228674889374
3535507,Óbitos totais,42087,Sim,0.9540286036166576,0.004268044196315174
3535606,Óbitos totais,17950,Sim,0.8780376372862717,0.01141438425125416
3535705,Óbitos totais,6211,Sim,0.004015842387999968,-0.21280465300716436
3535804,Óbitos totais,19799,Sim,0.08884364600862295,0.12323902103830052
3535903,Óbitos totais,4111,Não,0.27866886755931797,-0.08118122502584486
3536000,Óbitos totais,10729,Não,0.6923206943458649,0.028396960343303152
3536109,Óbitos totais,7382,Não,0.5682438883771358,-0.04212553196873607
3536208,Óbitos totais,19576,Sim,0.0015262421557430716,-0.2230438204093254
3536257,Óbitos totais,3001,Sim,0.18126030976349822,-0.09987049422582793
3536307,Óbitos totais,14837,Sim,0.263664063295646,-0.08216679282734586
3536406,Óbitos totais,8200,Sim,0.5963599472921245,-0.03948726956826092
3536505,Óbitos totais,115690,Sim,0.15643816209734038,0.0991484825425115
3536570,Óbitos totais,2146,Não,0.4538506461316229,0.05630543603492518
3536604,Óbitos totais,7430,Não,0.6782292989891545,-0.03123049343159093
3536703,Óbitos totais,46223,Sim,0.689390042040698,-0.028260666136799263
3536802,Óbitos totais,6718,Não,0.585238990019076,0.040802370473847493
3536901,Óbitos totais,2848,Sim,0.3869088807319248,0.06496781080952906
3537008,Óbitos totais,15742,Sim,0.0032782213330328526,0.21562202743794767
3537107,Óbitos totais,44332,Sim,0.7171777423991008,0.02683633548022315
3537156,Óbitos totais,2838,Não,0.5018848661916971,-0.050530519518522596
3537206,Óbitos totais,11539,Sim,0.7659033737568638,0.022212772739790138
3537305,Óbitos totais,63317,Sim,0.23290750050412123,0.08314127822381903
3537404,Óbitos totais,24389,Sim,0.28645914763434627,0.07675654689760997
3537503,Óbitos totais,8969,Não,0.011253106220065845,-0.1865437525182693
3537602,Óbitos totais,70543,Sim,0.08658827623320361,0.11818048988834749
3537701,Óbitos totais,5623,Não,0.8357440211367683,-0.015703500006456032
3537800,Óbitos totais,54237,Sim,0.09150020043272263,0.1157853179250128
3537909,Óbitos totais,28417,Sim,0.888338930542604,-0.010152580240892647
3538006,Óbitos totais,172027,Sim,0.900916333766265,-0.008399627925722759
3538105,Óbitos totais,14721,Não,0.3100865816915591,0.0745565068209335
3538204,Óbitos totais,15605,Sim,0.9843251666156183,0.0016399660886398403
3538303,Óbitos totais,3296,Não,0.01036966770845146,0.19148180250661234
3538501,Óbitos totais,12570,Sim,0.4165343460407878,-0.06044748365976065
3538600,Óbitos totais,26764,Sim,0.25807172667223954,0.0814938778927408
3538709,Óbitos totais,438827,Sim,0.18378253162850972,0.08622750940420894
3538808,Óbitos totais,30261,Sim,0.1826382284466887,0.09647743096933074
3538907,Óbitos totais,22743,Sim,0.9515164201126686,0.004694802716193394
3539004,Óbitos totais,11076,Não,0.36011947229881347,0.06776959522579735
3539103,Óbitos totais,18836,Sim,0.5034016691072081,0.04991796549027738
3539202,Óbitos totais,26065,Sim,0.5980853743659732,-0.03844453211426397
3539301,Óbitos totais,75475,Sim,0.9337256642132111,0.005942638853992294
3539400,Óbitos totais,15554,Não,0.5256555069815547,0.046845237634669384
3539509,Óbitos totais,34416,Sim,0.07728455847125558,-0.1274236749291793
3539608,Óbitos totais,4454,Não,0.4852380142536794,-0.05178873335111825
3539707,Óbitos totais,3061,Não,0.04877241015944589,0.14727834855144425
3539806,Óbitos totais,106431,Sim,0.49168950591776267,-0.05002363641461218
3539905,Óbitos totais,5696,Sim,0.13329823132274382,-0.11071173299354864
3540002,Óbitos totais,20512,Não,0.6047751325785257,0.03811491811782842
3540101,Óbitos totais,3443,Não,0.7636779813913607,-0.022567651006585282
3540200,Óbitos totais,38376,Sim,0.8733267734492379,-0.011675446002040542
3540259,Óbitos totais,4196,Sim,0.3907729690831082,-0.06412112195558599
3540309,Óbitos totais,2415,Não,0.3391211370506623,0.07148974028827916
3540408,Óbitos totais,4185,Não,0.6244430211384054,0.03671992947562935
3540507,Óbitos totais,10773,Sim,0.25150857052376674,0.08326556951509274
3540606,Óbitos totais,58345,Sim,0.46648937003357455,-0.05067746721216114
3540705,Óbitos totais,53940,Sim,0.760770651036831,0.02148710301981859
3540754,Óbitos totais,20767,Sim,0.5083091871211243,0.049633035135443364
3540804,Óbitos totais,18994,Sim,0.7146518846626742,0.027196043672817298
3540853,Óbitos totais,2599,Não,NA,NA
3540903,Óbitos totais,17309,Sim,0.7237536454561687,0.025788975586487323
3541000,Óbitos totais,365577,Sim,0.2593340231520906,-0.07333262132926711
3541059,Óbitos totais,5246,Não,0.27840339315771456,-0.08067937184600389
3541109,Óbitos totais,3841,Não,0.8639276997001355,-0.01352412828219449
3541208,Óbitos totais,14772,Não,0.9903957585142501,-0.0011879735761120833
3541307,Óbitos totais,40383,Sim,0.361853656971485,-0.06522293743015933
3541406,Óbitos totais,234083,Sim,0.004051240520541571,-0.19221441898405123
3541505,Óbitos totais,35902,NA,0.6804746210332704,-0.03016388432464895
3541604,Óbitos totais,35991,Sim,0.3538190705748823,-0.06616098993116526
3541653,Óbitos totais,3472,Não,0.11425603286162833,-0.11712594511456492
3541703,Óbitos totais,13399,Sim,0.013986603211239285,0.18287252006179763
3541802,Óbitos totais,3351,Não,0.13233766225136445,0.11322269547785016
3541901,Óbitos totais,9146,Sim,0.008193434241443885,-0.19526973603929917
3542008,Óbitos totais,7225,Não,0.63039726707498,0.03571597998948139
3542107,Óbitos totais,9133,Sim,0.12398401440132002,-0.1149470225008872
3542206,Óbitos totais,29305,Sim,0.45355725630594046,0.0538766205505494
3542305,Óbitos totais,4611,Não,0.11051340880346998,0.11893918525575604
3542404,Óbitos totais,20565,Não,0.023335683675997615,0.16588306205935283
3542503,Óbitos totais,7808,Não,0.770352676786658,-0.02181834679685317
3542602,Óbitos totais,61732,Sim,0.1517996814758239,0.09930411790970967
3542701,Óbitos totais,6492,Não,0.5292662610730001,0.046993074959534704
3542800,Óbitos totais,3166,Não,0.009487485754469067,0.19172367516925304
3542909,Óbitos totais,11079,Não,0.7301391476754842,0.025746398865984503
3543006,Óbitos totais,18930,Sim,0.36749970173745317,0.06645707015252296
3543105,Óbitos totais,4706,Não,0.3589495517331251,-0.06912332233121628
3543204,Óbitos totais,4768,Não,0.2762160401468055,0.08109975967250355
3543238,Óbitos totais,2045,Não,NA,NA
3543253,Óbitos totais,7570,Sim,0.7139080955430253,-0.02785959133953727
3543303,Óbitos totais,118877,Sim,0.010899773703881474,-0.1711869716042744
3543402,Óbitos totais,728400,Sim,0.06771708473126142,0.11694855668105554
3543501,Óbitos totais,5647,Sim,0.26167344052933733,0.08358290358581112
3543600,Óbitos totais,4158,Sim,0.7334728568570579,0.02526957332269243
3543709,Óbitos totais,9145,Não,0.39992002538364824,-0.06256616922469774
3543808,Óbitos totais,9357,Sim,0.2340328674264308,0.08863963240870318
3543907,Óbitos totais,208857,Sim,0.36636267344540824,0.06038309097395104
3544004,Óbitos totais,32267,Sim,0.09299817474397269,-0.12148327663082154
3544103,Óbitos totais,45317,Sim,0.8804104271332402,-0.011533415351396148
3544202,Óbitos totais,10453,Não,0.01892051206854958,0.1745859706600112
3544251,Óbitos totais,17533,Sim,0.3402621166608441,-0.07052901823125379
3544301,Óbitos totais,11095,Não,0.2935578208457701,-0.07823380490906513
3544400,Óbitos totais,2741,Não,0.41418060133573203,-0.061609917729997125
3544509,Óbitos totais,3965,Não,0.11056998390694055,-0.11909689953133491
3544608,Óbitos totais,5185,Não,0.2746099455905397,-0.08171222254840467
3544707,Óbitos totais,2519,Não,0.9736272537495292,0.003071603666917648
3544806,Óbitos totais,6612,Não,0.6470882194993766,0.03414435357052139
3544905,Óbitos totais,11654,Não,0.19763942825995673,-0.09465224656109582
3545001,Óbitos totais,15396,Sim,0.6988206053276695,0.028393311906296004
3545100,Óbitos totais,4883,Não,0.04338723631708595,-0.15108470687979828
3545159,Óbitos totais,8371,Sim,0.9219336767649757,-0.007651667097285499
3545209,Óbitos totais,140125,Sim,0.339262028280913,0.06514917087529473
3545308,Óbitos totais,45138,Sim,0.41108105792751665,-0.0575000141597755
3545407,Óbitos totais,9212,Não,0.018700997464415982,-0.1722475189181815
3545506,Óbitos totais,3699,Não,0.38337145622576396,-0.06533335367494682
3545605,Óbitos totais,14203,Não,0.5851236098315076,0.04015439548874204
3545704,Óbitos totais,6543,Não,0.5189000096275561,-0.04825571478013644
3545803,Óbitos totais,189338,Sim,0.44085166282375493,0.05175971887559248
3546009,Óbitos totais,14212,Sim,0.5438121760456587,0.0454454572718185
3546108,Óbitos totais,2677,Sim,0.037840809681184924,0.15520446871745217
3546207,Óbitos totais,4365,Sim,0.5744162865851148,-0.041479095932495214
3546256,Óbitos totais,2162,Não,0.30391091655402147,0.07671193187482962
3546306,Óbitos totais,29525,Sim,0.5864872743312435,-0.040005246933845606
3546405,Óbitos totais,47677,Sim,0.20400637981132086,0.08954542939643666
3546504,Óbitos totais,6256,Não,0.0965214274748811,0.12374344503709997
3546603,Óbitos totais,36098,Sim,0.46247412185344405,0.053263844343375416
3546702,Óbitos totais,24107,Sim,0.38248429362529424,0.06384256739006058
3546801,Óbitos totais,54586,Sim,0.6588176119928979,0.03095286516769558
3546900,Óbitos totais,7181,Não,0.16458826901829904,0.10311386896457962
3547007,Óbitos totais,5314,Não,0.5866702943338624,0.04078295429878119
3547106,Óbitos totais,3012,Não,0.015767313197103276,-0.17904244438320518
3547205,Óbitos totais,1698,Não,0.1835452100965705,0.0992784745388121
3547304,Óbitos totais,162341,Sim,0.8525573242871979,0.012891133835610498
3547403,Óbitos totais,2790,Não,0.7760819047271741,-0.02158405331966198
3547502,Óbitos totais,25060,Sim,0.7806065976672732,0.020116545306192668
3547601,Óbitos totais,23725,Sim,0.19442888803358968,0.09667095258433941
3547650,Óbitos totais,1686,Não,0.8124862439384843,-0.01821588664508206
3547700,Óbitos totais,18045,Sim,0.8342856954576969,-0.015800776497742672
3547809,Óbitos totais,778711,Sim,0.6854518602185702,0.026410295290946493
3547908,Óbitos totais,6917,Não,0.8553253884083232,-0.013769578476611104
3548005,Óbitos totais,23779,Sim,0.48246271991983125,0.05133038563718852
3548054,Óbitos totais,8568,Não,0.20768459005247433,0.09239266885265698
3548104,Óbitos totais,6237,Sim,0.5814552192391351,-0.040525460216693385
3548203,Óbitos totais,7294,Sim,0.02578908310474427,0.16492895108651967
3548302,Óbitos totais,3063,Não,0.762722723419518,-0.022942520115999634
3548401,Óbitos totais,3933,Não,0.0011806440301724115,-0.24113263785394934
3548500,Óbitos totais,429567,Sim,0.08434696317833698,-0.11281604483160335
3548609,Óbitos totais,11948,Não,0.3047378332527988,-0.07581082352904267
3548708,Óbitos totais,840499,Sim,0.038458519116219614,0.13256459529733547
3548807,Óbitos totais,172109,Sim,0.6926160633574745,0.028515520315430434
3548906,Óbitos totais,265294,Sim,0.7324820494785551,-0.02261168556400924
3549003,Óbitos totais,2629,Não,NA,NA
3549102,Óbitos totais,95762,Sim,0.6759792653650137,0.028876379389808002
3549201,Óbitos totais,2622,Não,0.4317058445517153,0.05923262332695035
3549250,Óbitos totais,1880,Não,0.5875518018112936,-0.040905658657851625
3549300,Óbitos totais,2288,Não,0.5700997559707528,-0.04338439733263417
3549409,Óbitos totais,49815,Sim,0.029120977170845306,-0.15539335934299522
3549508,Óbitos totais,7690,Não,0.2910152568721846,0.07841262256545088
3549607,Óbitos totais,3898,Não,0.08557010973392992,-0.1287521753305148
3549706,Óbitos totais,53416,Sim,0.38921039946944735,-0.06188956377074784
3549805,Óbitos totais,501597,Sim,0.09454999003180263,-0.10812699462839083
3549904,Óbitos totais,724756,Sim,0.5535367329085752,-0.03802182186602361
3549953,Óbitos totais,16458,Sim,0.32198776074028723,0.07148847962000691
3550001,Óbitos totais,10497,Sim,0.005840324231434486,0.20413204592173514
3550100,Óbitos totais,38166,Sim,0.6414346513627203,-0.03261332755922364
3550209,Óbitos totais,32904,Sim,0.5179217225768477,0.04692527024673545
3550308,Óbitos totais,11895578,Sim,0.2414657724585849,-0.07252186897319304
3550407,Óbitos totais,39725,Sim,0.7528997029163103,-0.022687995534346434
3550506,Óbitos totais,7333,Não,0.1360170475927111,-0.11022765488533304
3550605,Óbitos totais,81342,Sim,0.6159512232258655,-0.03423844820749444
3550704,Óbitos totais,84019,Sim,0.47916747585250474,0.048161560977561496
3550803,Óbitos totais,10484,Não,0.0305394392861077,0.1599226190008283
3550902,Óbitos totais,13590,Sim,0.2020693644132874,0.09236681047605823
3551009,Óbitos totais,338407,Sim,0.9139004373255298,0.007245155805067289
3551108,Óbitos totais,10632,Sim,0.3578429878832702,-0.06859490034862369
3551207,Óbitos totais,3769,Não,0.3845820379347782,-0.06498738988201104
3551306,Óbitos totais,3187,Sim,0.7786872921142717,0.021561369074488124
3551405,Óbitos totais,13058,Não,0.7349810620239652,-0.025163721254269352
3551504,Óbitos totais,45408,Sim,0.18531423113378215,0.09670870350908091
3551603,Óbitos totais,30920,Sim,0.6296502431208049,0.03531669182615378
3551702,Óbitos totais,131600,Sim,0.7196915001966073,0.024333545098350885
3551801,Óbitos totais,12912,Sim,0.7830138149721058,0.0203686012088338
3551900,Óbitos totais,14724,Sim,0.7150105282165846,0.027323392250577918
3552007,Óbitos totais,6313,Sim,0.3024489629737498,0.07689009760008515
3552106,Óbitos totais,41405,Sim,0.8407177045460169,-0.014237466668305368
3552205,Óbitos totais,757459,Sim,0.06163116194823385,0.11924513372484118
3552304,Óbitos totais,7466,Sim,0.5029541960101228,-0.04979184876620686
3552403,Óbitos totais,289787,Sim,0.5961410107923723,0.035016735389002386
3552502,Óbitos totais,318765,Sim,0.556345087963545,-0.03925331549667707
3552551,Óbitos totais,3464,Sim,0.5451409162032953,-0.04548068378071632
3552601,Óbitos totais,11499,Sim,0.6709888449026331,-0.03147201491327633
3552700,Óbitos totais,14994,Não,0.09115558865485132,-0.12309528542905404
3552809,Óbitos totais,284274,Sim,0.8461570785983753,0.013332260316649962
3552908,Óbitos totais,6399,Sim,0.602672570166757,-0.0387858058898866
3553005,Óbitos totais,13006,Sim,0.8968522174724137,-0.009795535759431567
3553104,Óbitos totais,5751,Não,0.07972129052808981,0.1312163317961706
3553203,Óbitos totais,6733,Não,0.6367000707453931,0.035177048803097376
3553302,Óbitos totais,21682,Sim,0.0879739954009366,-0.1254159065369451
3553401,Óbitos totais,26021,Sim,0.17253649573360905,0.09847204281654574
3553500,Óbitos totais,8122,Não,0.8417933561802167,-0.015065999652272285
3553609,Óbitos totais,11936,Não,0.6193372986422179,-0.036761429184415204
3553658,Óbitos totais,2652,Não,0.6212978741824375,0.03711830934924483
3553708,Óbitos totais,53322,Sim,0.3060161310012099,-0.07138347934868786
3553807,Óbitos totais,24863,Sim,0.38763047497942155,-0.06238289120626992
3553856,Óbitos totais,7112,Sim,0.8260390024142679,-0.016408393326124673
3553906,Óbitos totais,6635,Não,0.12053996843321493,-0.11589249864708374
3553955,Óbitos totais,15248,Sim,0.285030078839645,0.07797050705317889
3554003,Óbitos totais,128560,Sim,0.7342758103902041,0.02302620007672628
3554102,Óbitos totais,321298,Sim,0.05058692638059899,-0.12810596329425536
3554201,Óbitos totais,4142,Não,0.4755629960289504,-0.05337027516063744
3554300,Óbitos totais,22559,Sim,0.5018419841295615,-0.04948196819547965
3554409,Óbitos totais,7985,Sim,0.5376730608453384,0.045964394603454015
3554508,Óbitos totais,38690,Sim,0.22523050979929185,0.0852050817438337
3554607,Óbitos totais,2490,Não,0.982438165861907,-0.0020436286126418565
3554656,Óbitos totais,2063,Não,NA,NA
3554706,Óbitos totais,9484,Sim,0.5528865608892966,0.04398083486308039
3554755,Óbitos totais,1719,Não,0.27234059307946107,-0.0822925603587368
3554805,Óbitos totais,53083,Sim,0.6216292493827648,-0.035645007889945325
3554904,Óbitos totais,7013,Não,0.19895779687935097,-0.0950498879856467
3554953,Óbitos totais,6947,Não,0.8377612862802759,0.015523834216955423
3555000,Óbitos totais,65416,Sim,0.6539253651421916,0.03181054180598478
3555109,Óbitos totais,16206,Sim,0.5422864628428661,-0.04515274643305463
3555208,Óbitos totais,1839,Não,0.22182823702976964,-0.09114583612382679
3555307,Óbitos totais,1672,Não,0.8112266084640516,0.018178797026154943
3555356,Óbitos totais,5456,Não,0.19304953502375724,-0.09656517293351231
3555406,Óbitos totais,96598,Sim,0.5817273892068502,0.03712338410452928
3555505,Óbitos totais,5265,Não,0.6420007025290768,-0.035130742141449046
3555604,Óbitos totais,10627,Não,0.2567756316619605,-0.08322967677587094
3555703,Óbitos totais,1628,Sim,0.41418060133573203,0.061609917729997125
3555802,Óbitos totais,8973,Não,0.761896555949051,0.022763830547595374
3555901,Óbitos totais,1419,Não,0.5122982815725874,-0.049588470368046464
3556008,Óbitos totais,14038,Sim,0.7054337251837394,-0.02782030361477519
3556107,Óbitos totais,14531,Não,0.8062571489038044,0.018189424002082004
3556206,Óbitos totais,131277,Sim,0.020389212683417104,0.15789074079639623
3556305,Óbitos totais,24723,Sim,0.10692256116048295,-0.11960890473097338
3556354,Óbitos totais,10805,Sim,0.6384790396149542,-0.034765206446098845
3556404,Óbitos totais,41226,Sim,0.7805654471281367,0.020286192423291736
3556453,Óbitos totais,52103,Sim,0.15357537038702296,-0.1043595522615096
3556503,Óbitos totais,119576,Sim,0.6668816393680514,0.030668340905615522
3556602,Óbitos totais,10294,Não,0.051295447876528906,0.14502644123609396
3556701,Óbitos totais,79235,Sim,0.7484330294111343,-0.023016055841599686
3556800,Óbitos totais,17681,Sim,0.6862508723395748,-0.030144683614165217
3556909,Óbitos totais,8327,Sim,0.2523933810764257,-0.08526288450741924
3556958,Óbitos totais,1826,Sim,0.18566434289135836,0.09867741522506347
3557006,Óbitos totais,132849,Sim,0.1546870137230931,0.09981141640063794
3557105,Óbitos totais,100159,Sim,0.8430141713626276,0.013626180211168267
3557154,Óbitos totais,2761,Não,0.09832646889525382,-0.12307994131035949
3557204,Óbitos totais,12411,Não,0.6300118171499305,-0.036065573770491806
3557303,Óbitos totais,11566,Sim,0.400318710305507,-0.06321984188587303
3500105,Óbitos em vias urbanas,35642,Sim,0.3360197272850998,0.07174344120596579
3500204,Óbitos em vias urbanas,4478,Sim,0.11348694905844486,-0.11871179269926274
3500303,Óbitos em vias urbanas,32888,Não,0.44675155585782267,-0.05702633145968095
3500402,Óbitos em vias urbanas,7470,Sim,0.30667287853713887,-0.07724539037273889
3500501,Óbitos em vias urbanas,18245,Sim,0.47236284837672826,0.05361181498164968
3500550,Óbitos em vias urbanas,7407,Não,0.2116403877879226,-0.09353488970369082
3500600,Óbitos em vias urbanas,2829,Sim,0.8244928277578483,-0.017244940968605797
3500709,Óbitos em vias urbanas,38879,Sim,0.3341688279204359,-0.07176534283858403
3500758,Óbitos em vias urbanas,6330,Não,0.26811499823190443,-0.08359432656775853
3500808,Óbitos em vias urbanas,4556,Não,0.20132513028346072,-0.0962921989577978
3500907,Óbitos em vias urbanas,3479,Não,0.9095700148856819,0.009523404292529453
3501004,Óbitos em vias urbanas,17156,Sim,0.4599153233839814,-0.054951069027557864
3501103,Óbitos em vias urbanas,3883,Não,0.11834981273562829,0.11745531960786325
3501152,Óbitos em vias urbanas,17591,Sim,0.6069360347895526,0.038651600781671944
3501202,Óbitos em vias urbanas,3978,Não,0.4385112439683174,-0.058032345020271804
3501301,Óbitos em vias urbanas,28250,Não,0.43128086842579416,-0.058723916284468096
3501400,Óbitos em vias urbanas,4896,Não,NA,NA
3501509,Óbitos em vias urbanas,2923,Não,0.23302620839151553,0.08994326276277816
3501608,Óbitos em vias urbanas,246655,Sim,0.6891430222320482,-0.027334844602411607
3501707,Óbitos em vias urbanas,33757,Sim,0.7733450021097705,-0.021785340108192722
3501806,Óbitos em vias urbanas,5975,Sim,0.389997682598693,0.06468410722346438
3501905,Óbitos em vias urbanas,69717,Sim,4.660529682308388e-4,-0.2542659310866177
3502002,Óbitos em vias urbanas,4684,Não,0.11180486307236102,-0.11957163167286979
3502101,Óbitos em vias urbanas,61473,Sim,0.5457158379570871,-0.044518960149304794
3502200,Óbitos em vias urbanas,24512,Sim,0.630824141199915,-0.03572690966995942
3502309,Óbitos em vias urbanas,5766,Não,0.056786932852755254,-0.1425125249291714
3502408,Óbitos em vias urbanas,4108,Não,0.5968403396364582,-0.03993084766992942
3502507,Óbitos em vias urbanas,33223,Sim,4.950636365528606e-4,-0.25322202628901924
3502606,Óbitos em vias urbanas,4124,Não,0.3484857490017159,0.07062600325146011
3502705,Óbitos em vias urbanas,24886,Sim,0.09096987646592421,0.1257838593228264
3502754,Óbitos em vias urbanas,22168,Sim,0.736023096662461,0.02522994338804567
3502804,Óbitos em vias urbanas,207775,Sim,0.7450292553026078,0.022067872592347874
3502903,Óbitos em vias urbanas,33656,Sim,0.4981888279542677,-0.05024503407280459
3503000,Óbitos em vias urbanas,5526,Não,0.739381805729954,0.025545575644145148
3503109,Óbitos em vias urbanas,7050,Sim,0.3545778387774791,-0.06961242015477595
3503158,Óbitos em vias urbanas,2355,Não,0.26811499823190443,-0.08359432656775853
3503208,Óbitos em vias urbanas,252318,Sim,0.00956733731064688,-0.17354729270051594
3503307,Óbitos em vias urbanas,135331,Sim,0.7054646545600574,-0.02664860946869442
3503356,Óbitos em vias urbanas,2085,Não,0.5298827612434269,-0.047435011963873876
3503406,Óbitos em vias urbanas,8280,Sim,0.0449004436097078,0.1500131841359699
3503505,Óbitos em vias urbanas,3625,Não,0.13979578514300867,0.11110638341284361
3503604,Óbitos em vias urbanas,10257,Não,0.10171674903472917,-0.12259178416637534
3503703,Óbitos em vias urbanas,7653,Não,0.8381557263889914,-0.015238167109891917
3503802,Óbitos em vias urbanas,53157,Sim,0.15555339141088428,-0.10473735746059772
3503901,Óbitos em vias urbanas,89943,Sim,0.013095953021518641,-0.17917268974247533
3503950,Óbitos em vias urbanas,1873,Sim,0.06902369858559562,0.13576488207776005
3504008,Óbitos em vias urbanas,104642,Sim,0.3065005209181159,0.07290500377335284
3504107,Óbitos em vias urbanas,166043,Sim,1.4844367021555255e-4,-0.26338453758488656
3504206,Óbitos em vias urbanas,13873,Não,0.01270512122119153,0.18545210721286248
3504305,Óbitos em vias urbanas,4519,Sim,0.5507451917408233,-0.04500395524079097
3504404,Óbitos em vias urbanas,11438,Não,0.5084785227364181,-0.04943102764216594
3504503,Óbitos em vias urbanas,96098,Sim,0.9539971794261772,-0.004373492507114735
3504602,Óbitos em vias urbanas,28909,Não,0.19624928727898788,0.09562420755051466
3504701,Óbitos em vias urbanas,3963,Não,NA,NA
3504800,Óbitos em vias urbanas,9854,Não,0.488553776482519,0.05206187257092225
3504909,Óbitos em vias urbanas,10109,Sim,0.9277081202098714,0.007513404601219162
3505005,Óbitos em vias urbanas,3618,Não,0.28962418169622595,0.0794051021005355
3505104,Óbitos em vias urbanas,5659,Não,0.9942644721419854,0.0010715227438283564
3505203,Óbitos em vias urbanas,32405,Sim,0.8303476946507677,0.01618219955812706
3505302,Óbitos em vias urbanas,35159,Sim,0.12927660774079047,-0.11287150559161367
3505351,Óbitos em vias urbanas,5256,Não,0.8120214746958407,0.01804606426294935
3505401,Óbitos em vias urbanas,6922,Sim,4.0578912926319253e-4,-0.26138602114664145
3505500,Óbitos em vias urbanas,126600,Sim,0.43828959207170376,-0.05430211784827903
3505609,Óbitos em vias urbanas,33181,Não,0.08399478779110864,-0.12874860259643695
3505708,Óbitos em vias urbanas,330339,Sim,0.11448582963615439,-0.10652816678966788
3505807,Óbitos em vias urbanas,21900,Sim,0.4019976531671522,-0.06277019966943523
3505906,Óbitos em vias urbanas,59873,Sim,0.2850858457709341,-0.0781703033505746
3506003,Óbitos em vias urbanas,391740,Sim,0.5874821842119404,0.03633175913726364
3506102,Óbitos em vias urbanas,78210,Sim,0.761882483785434,0.021958485808176338
3506201,Óbitos em vias urbanas,2642,Não,0.1742661683511528,-0.10179466066369386
3506300,Óbitos em vias urbanas,11852,Sim,0.20836315243074,-0.09336346679439443
3506359,Óbitos em vias urbanas,66873,Sim,0.6872693092305824,0.029297355526236073
3506409,Óbitos em vias urbanas,7455,Não,0.9433798506343105,0.005715138252063223
3506508,Óbitos em vias urbanas,122988,Sim,0.14176033143278774,0.10215160668932834
3506607,Óbitos em vias urbanas,30526,Sim,0.09500790670356872,-0.12392433970500585
3506706,Óbitos em vias urbanas,13135,Sim,0.20902333181817706,-0.09399107220768002
3506805,Óbitos em vias urbanas,11467,Sim,0.44767265443977883,0.056673285845989005
3506904,Óbitos em vias urbanas,10688,Não,0.3460945213597453,0.0706468843391059
3507001,Óbitos em vias urbanas,63415,Sim,0.11986260596597695,0.11283111440370192
3507100,Óbitos em vias urbanas,22501,Sim,0.9553586211657363,0.004503381907358414
3507159,Óbitos em vias urbanas,3610,Não,0.7991315233528508,0.019175561596921825
3507209,Óbitos em vias urbanas,928,Não,0.7913954786798235,-0.02032929084166023
3507308,Óbitos em vias urbanas,4823,Não,0.6942028278688026,-0.030053618404876647
3507407,Óbitos em vias urbanas,14415,Não,0.793983076134621,-0.01963094133767069
3507456,Óbitos em vias urbanas,2787,Não,0.22450192676543848,0.09069593917169745
3507506,Óbitos em vias urbanas,150442,Sim,0.0013349699545248913,-0.22672917756767963
3507605,Óbitos em vias urbanas,184634,Sim,0.011381053951810821,-0.1716628241031449
3507704,Óbitos em vias urbanas,5466,Não,0.3940349944338268,0.06400532472346196
3507753,Óbitos em vias urbanas,2605,Não,0.9095700148856819,0.009523404292529453
3507803,Óbitos em vias urbanas,26167,Sim,0.3214432651646296,0.07374143882424637
3507902,Óbitos em vias urbanas,24423,Sim,0.0011361072862193428,-0.2406558692084711
3508009,Óbitos em vias urbanas,20674,Sim,0.41794899745492736,-0.0602367737078878
3508108,Óbitos em vias urbanas,17597,Sim,0.4564161062339692,0.054746882387426275
3508207,Óbitos em vias urbanas,4447,Sim,0.14125288928168275,-0.10996341127565179
3508306,Óbitos em vias urbanas,4362,Não,0.8323407505694547,-0.016529490122682153
3508405,Óbitos em vias urbanas,48473,Sim,0.1707726962267078,-0.10093787169432704
3508504,Óbitos em vias urbanas,99678,Sim,0.0010742852683417175,-0.23081396243164415
3508603,Óbitos em vias urbanas,32482,Sim,2.9363090445244585e-4,-0.269150521609538
3508702,Óbitos em vias urbanas,17266,Não,0.28000462374153606,0.08041289661606345
3508801,Óbitos em vias urbanas,16905,Sim,0.41976679537183337,0.059991198722686365
3508900,Óbitos em vias urbanas,3745,Sim,0.1735353843912616,-0.10218230257658059
3509007,Óbitos em vias urbanas,98257,Sim,0.3745534090471981,-0.06591033992332404
3509106,Óbitos em vias urbanas,5585,Não,0.66736176761702,-0.03255899886932707
3509205,Óbitos em vias urbanas,97363,Sim,0.009057003100078403,0.1879017527849355
3509254,Óbitos em vias urbanas,29257,Sim,0.041880872505066766,-0.14826044989853931
3509304,Óbitos em vias urbanas,9232,Sim,0.25982096836870056,-0.08381382207848277
3509403,Óbitos em vias urbanas,24217,Sim,0.7652802918966656,-0.02251690953679207
3509452,Óbitos em vias urbanas,6077,Sim,0.2076254911386822,0.09466889797536143
3509502,Óbitos em vias urbanas,1185977,Sim,3.30899994836642e-4,-0.23070771496807768
3509601,Óbitos em vias urbanas,79663,Sim,0.9091429622111363,0.008374228086141813
3509700,Óbitos em vias urbanas,47983,Sim,0.6655072990986255,0.03159286545473879
3509809,Óbitos em vias urbanas,4991,Não,0.25196984911479986,-0.08543745967101878
3509908,Óbitos em vias urbanas,12489,Sim,0.7749332221613234,0.02156387111906568
3509957,Óbitos em vias urbanas,5049,Não,0.36508305278186115,-0.06794515572815277
3510005,Óbitos em vias urbanas,30172,Sim,0.6822067495229887,-0.030700447093889718
3510104,Óbitos em vias urbanas,2951,Não,0.0567405796531084,-0.14275468742316405
3510153,Óbitos em vias urbanas,6524,Não,0.6495958812836151,0.03491914907260799
3510203,Óbitos em vias urbanas,47403,Sim,0.37933275771124186,0.06506684319124398
3510302,Óbitos em vias urbanas,23597,Sim,0.11446735850838698,0.11794043454518115
3510401,Óbitos em vias urbanas,51318,Sim,0.08308213360600639,-0.12718116613350486
3510500,Óbitos em vias urbanas,141084,Sim,0.04461613449572548,0.14582512600263053
3510609,Óbitos em vias urbanas,398462,Sim,0.6449103808046937,-0.030965913886781046
3510708,Óbitos em vias urbanas,11491,Não,0.37292647325142136,-0.06653214944594228
3510807,Óbitos em vias urbanas,28786,Sim,0.3508294883052794,0.06962921256761856
3510906,Óbitos em vias urbanas,2855,Não,0.8686985402333434,-0.012936821444692874
3511003,Óbitos em vias urbanas,20418,Não,0.46306433668615565,0.054364370287589274
3511102,Óbitos em vias urbanas,119172,Sim,0.023542314094802962,-0.155972663346692
3511201,Óbitos em vias urbanas,7105,Não,7.797615784113719e-4,-0.24893544142871726
3511300,Óbitos em vias urbanas,13160,Não,0.6442986566947944,-0.03453450469925672
3511409,Óbitos em vias urbanas,22076,Sim,0.5745595628187523,-0.04212819783278045
3511508,Óbitos em vias urbanas,46217,Sim,0.1459461760962124,-0.10722518067818912
3511607,Óbitos em vias urbanas,19588,Sim,0.6879379251293913,0.029893932476298363
3511706,Óbitos em vias urbanas,15798,Sim,0.17148037751503,0.10235893590215221
3511904,Óbitos em vias urbanas,7087,Não,0.3335153326645897,0.07246075043029379
3512001,Óbitos em vias urbanas,18842,Sim,0.5258179292721545,-0.04744051646194449
3512100,Óbitos em vias urbanas,6781,Não,0.1251915153918926,-0.1153390075428567
3512209,Óbitos em vias urbanas,29034,Sim,0.1184450850640276,0.11633952067390751
3512308,Óbitos em vias urbanas,15381,Sim,0.7545381461964543,0.023650607391609724
3512407,Óbitos em vias urbanas,25130,Sim,0.484877177183229,0.05216095380029806
3512506,Óbitos em vias urbanas,5498,Não,0.2867232486644815,0.07957230950949565
3512605,Óbitos em vias urbanas,4295,Não,0.10892779840690642,-0.12001054730877593
3512704,Óbitos em vias urbanas,4285,Não,0.5603869274695454,0.04393243249696262
3512803,Óbitos em vias urbanas,61204,Sim,0.5344716588645214,-0.04556066714117657
3512902,Óbitos em vias urbanas,8968,Sim,0.24406705845436422,-0.08663850818705005
3513009,Óbitos em vias urbanas,287004,Sim,0.4283838178588856,0.05450570956206823
3513108,Óbitos em vias urbanas,34252,Sim,0.5471812611480088,0.045214396483959765
3513207,Óbitos em vias urbanas,9543,Sim,0.4616717279978741,-0.055342949948858085
3513306,Óbitos em vias urbanas,2129,Não,0.42753050706814605,0.059589111138202366
3513405,Óbitos em vias urbanas,76513,Sim,0.1336856862742868,-0.11010803506686245
3513504,Óbitos em vias urbanas,115082,Sim,0.43490288270079386,-0.05669668290283663
3513603,Óbitos em vias urbanas,22456,Sim,0.17553899273260826,-0.10027981723629657
3513702,Óbitos em vias urbanas,32622,Não,0.8245468380875596,0.016507920135265773
3513801,Óbitos em vias urbanas,404118,Sim,0.09069602288998194,-0.1132455367221069
3513850,Óbitos em vias urbanas,1641,Não,0.33903795745584797,0.07179202383649988
3513900,Óbitos em vias urbanas,11314,Não,0.9123607101574431,0.008583240173095797
3514007,Óbitos em vias urbanas,8958,Sim,0.9960955971900249,7.225596678067536e-4
3514106,Óbitos em vias urbanas,24855,Sim,0.7049684161629064,-0.028223705481937804
3514205,Óbitos em vias urbanas,2250,Não,NA,NA
3514304,Óbitos em vias urbanas,8186,Sim,0.7764469400088094,0.022221276682568722
3514403,Óbitos em vias urbanas,46664,Sim,0.5646807313978428,0.04254170723400108
3514502,Óbitos em vias urbanas,12529,Não,0.0318615348547437,-0.1603386818032033
3514601,Óbitos em vias urbanas,9719,Não,0.004175705126261971,-0.2132186194038972
3514700,Óbitos em vias urbanas,6295,Não,0.004467639586436638,-0.2119406530173177
3514809,Óbitos em vias urbanas,13162,Sim,0.4310905234956253,-0.059121109529691365
3514908,Óbitos em vias urbanas,18103,Não,0.9689369738137058,-0.003170356510941463
3514924,Óbitos em vias urbanas,3189,Não,0.555373943673402,-0.044122997828242076
3514957,Óbitos em vias urbanas,2353,Não,0.5507451917408233,0.04500395524079097
3515004,Óbitos em vias urbanas,259323,Sim,0.30808209658290914,-0.07028151035834619
3515103,Óbitos em vias urbanas,68805,Sim,0.637669601592143,-0.034590171561370155
3515129,Óbitos em vias urbanas,3062,Não,NA,NA
3515152,Óbitos em vias urbanas,20139,Sim,0.7025657325278821,0.02872152899578929
3515186,Óbitos em vias urbanas,40681,Sim,0.2293278401266119,-0.08929044540604239
3515194,Óbitos em vias urbanas,4217,Sim,0.19149116416056666,-0.09840851102280435
3515202,Óbitos em vias urbanas,9655,Não,0.7539611182761972,-0.02372440217246672
3515301,Óbitos em vias urbanas,2749,Não,0.08115763804515475,-0.1307332400612134
3515350,Óbitos em vias urbanas,7928,Não,0.3779095418941529,-0.06580324742745877
3515400,Óbitos em vias urbanas,16984,Não,0.9657408808049893,0.0034963966348230723
3515509,Óbitos em vias urbanas,73286,Sim,0.9104723366465419,-0.008377946427224128
3515608,Óbitos em vias urbanas,6066,Não,0.7447373681511091,0.024707329355691914
3515657,Óbitos em vias urbanas,1689,Não,0.059410675985504875,0.14125200650292022
3515707,Óbitos em vias urbanas,185622,Sim,0.6937326781158416,-0.028553751848704297
3515806,Óbitos em vias urbanas,1492,Não,0.11834981273562829,-0.11745531960786325
3515905,Óbitos em vias urbanas,2756,Não,0.8088335835606894,-0.018744501052832388
3516002,Óbitos em vias urbanas,13171,Não,0.5740749662855723,0.0425066990325623
3516101,Óbitos em vias urbanas,3987,Sim,NA,NA
3516200,Óbitos em vias urbanas,364331,Sim,0.019117864125276263,-0.15572966187908702
3516309,Óbitos em vias urbanas,171107,Sim,0.15705595702980607,0.10162694733370534
3516408,Óbitos em vias urbanas,149786,Sim,0.2071854686902932,-0.09043342431081591
3516507,Óbitos em vias urbanas,2811,Não,0.9027373311550755,0.009643704694455208
3516606,Óbitos em vias urbanas,6435,Não,0.7547764265871044,-0.024337588747575266
3516705,Óbitos em vias urbanas,43115,Sim,0.9568208269174397,0.004304368631687485
3516804,Óbitos em vias urbanas,3235,Não,NA,NA
3516853,Óbitos em vias urbanas,4797,Sim,0.5700610781091868,-0.04200843854249743
3516903,Óbitos em vias urbanas,10449,Não,0.2558059488945668,0.0848478217421694
3517000,Óbitos em vias urbanas,10355,Não,0.054799071737709655,-0.1425226911804941
3517109,Óbitos em vias urbanas,4173,Sim,0.9501075285510737,-0.004996614275380204
3517208,Óbitos em vias urbanas,11459,Não,0.27718655668623166,-0.08076509621358036
3517307,Óbitos em vias urbanas,5606,Não,0.05317557920385631,-0.14388976770804315
3517406,Óbitos em vias urbanas,40424,Sim,0.9503418461140128,0.0048057754853283625
3517505,Óbitos em vias urbanas,22316,Sim,0.4748617905657311,0.05328812009831111
3517604,Óbitos em vias urbanas,17256,Sim,0.05937029768631226,0.14100421160882973
3517703,Óbitos em vias urbanas,18790,Sim,0.9273390819472394,0.0070573204272817
3517802,Óbitos em vias urbanas,7486,Sim,0.12297912549683658,-0.11570643085877508
3517901,Óbitos em vias urbanas,10542,Não,0.19784416564298307,-0.09605054479416725
3518008,Óbitos em vias urbanas,1999,Não,NA,NA
3518107,Óbitos em vias urbanas,6531,Não,NA,NA
3518206,Óbitos em vias urbanas,31872,Sim,0.301089042006251,-0.07681116098138348
3518305,Óbitos em vias urbanas,32436,Sim,0.05178693090347292,-0.14243506081794322
3518404,Óbitos em vias urbanas,121710,Sim,0.00016534250990086095,-0.26088176964827076
3518503,Óbitos em vias urbanas,15268,Sim,0.18347214322977842,-0.09961730990794454
3518602,Óbitos em vias urbanas,38609,Sim,0.7143272022867366,-0.027380351685403544
3518701,Óbitos em vias urbanas,294973,Sim,6.177962138869054e-6,-0.29933897394228814
3518800,Óbitos em vias urbanas,1345364,Sim,0.1012769345240142,-0.104607721064147
3518859,Óbitos em vias urbanas,7462,Não,0.013242146135961372,-0.18432677469449582
3518909,Óbitos em vias urbanas,4276,Não,0.7091514207853601,-0.02855093748463281
3519006,Óbitos em vias urbanas,9302,Não,0.5018784812431201,0.05046026983796001
3519055,Óbitos em vias urbanas,15596,Sim,0.348252979626626,0.07025621607507594
3519071,Óbitos em vias urbanas,247331,Sim,0.007177177930958419,-0.18649266154442284
3519105,Óbitos em vias urbanas,10633,Não,0.9341311220020568,0.006757528067218826
3519204,Óbitos em vias urbanas,6207,Não,0.9604462851213468,0.004312273814897625
3519253,Óbitos em vias urbanas,8257,Não,0.6356384480267425,-0.03606434208585198
3519303,Óbitos em vias urbanas,33110,Sim,0.2960510018360204,-0.07794314839658793
3519402,Óbitos em vias urbanas,11934,Não,0.5493015111673953,-0.04474190969201208
3519501,Óbitos em vias urbanas,6461,Não,0.5965384490131864,-0.039807311046963306
3519600,Óbitos em vias urbanas,61908,Sim,0.1985485993344884,-0.09421637105350356
3519709,Óbitos em vias urbanas,77651,Sim,0.17288175481847934,0.09717469659140106
3519808,Óbitos em vias urbanas,7969,Sim,0.3327747569110449,-0.07234445288752171
3519907,Óbitos em vias urbanas,7739,Sim,0.5253623506515719,0.04808578944780263
3520004,Óbitos em vias urbanas,23430,Sim,0.011319549041223044,0.18769850767409324
3520103,Óbitos em vias urbanas,26755,Sim,0.018786050441298708,-0.17474670389144342
3520202,Óbitos em vias urbanas,10904,Sim,0.8949260493737798,0.010218143063209282
3520301,Óbitos em vias urbanas,29881,Sim,0.36705654664665593,-0.06725356236723828
3520400,Óbitos em vias urbanas,36329,Sim,0.627714394003626,0.035999926710761083
3520426,Óbitos em vias urbanas,13955,Sim,0.45837029021213777,-0.05490782172607079
3520442,Óbitos em vias urbanas,26240,Sim,0.5149059153737363,-0.04831573507111609
3520509,Óbitos em vias urbanas,267796,Sim,0.10328905255335993,0.11132985971237631
3520608,Óbitos em vias urbanas,5191,Não,0.16411439585699966,-0.10475744721782397
3520707,Óbitos em vias urbanas,4109,Não,0.07370663299190537,0.1328008961700161
3520806,Óbitos em vias urbanas,3671,Sim,0.9078758120157203,0.009240586746209195
3520905,Óbitos em vias urbanas,13933,Sim,0.8358604686360397,-0.01588328315723052
3521002,Óbitos em vias urbanas,37999,Sim,0.3989073662198774,0.0624118666249247
3521101,Óbitos em vias urbanas,6999,Não,0.5701097137411288,0.04286090975313426
3521150,Óbitos em vias urbanas,7037,Sim,0.959799759679487,0.004508042760731497
3521200,Óbitos em vias urbanas,4091,Não,0.2540148958914372,-0.08562943718153855
3521309,Óbitos em vias urbanas,14691,Sim,0.42111180227393624,-0.06029247892292113
3521408,Óbitos em vias urbanas,22435,Sim,0.6475553529256777,-0.034294985294498696
3521507,Óbitos em vias urbanas,6946,Não,0.40131849058709146,0.0628284065921951
3521606,Óbitos em vias urbanas,7145,Não,0.14757323088385482,-0.10899007134783706
3521705,Óbitos em vias urbanas,18258,Sim,0.30391091655402147,-0.07671193187482962
3521804,Óbitos em vias urbanas,25930,Sim,0.2365398134058887,-0.08791004463229417
3521903,Óbitos em vias urbanas,17420,Não,0.7825241388398412,-0.020618183467636563
3522000,Óbitos em vias urbanas,3702,Não,0.7547764265871044,-0.024337588747575266
3522109,Óbitos em vias urbanas,117435,Sim,0.4896288488916822,-0.049901042085048086
3522158,Óbitos em vias urbanas,3490,Não,0.1251915153918926,-0.1153390075428567
3522208,Óbitos em vias urbanas,163928,Sim,0.13529100901233382,-0.10350082390245074
3522307,Óbitos em vias urbanas,163774,Sim,0.004389588084856951,-0.19807451479468569
3522406,Óbitos em vias urbanas,92324,Sim,0.383728124924583,-0.061642511134213394
3522505,Óbitos em vias urbanas,241924,Sim,0.8918901725168416,-0.00975787625513604
3522604,Óbitos em vias urbanas,73919,Sim,0.09041075929366786,-0.12163903984422464
3522653,Óbitos em vias urbanas,4405,Não,0.08844279807078723,-0.12751120651557443
3522703,Óbitos em vias urbanas,40464,Sim,0.22220969859496859,0.08947569787513973
3522802,Óbitos em vias urbanas,14260,Sim,0.5268740168254076,-0.04764306126032131
3522901,Óbitos em vias urbanas,13984,Não,0.41093043136112034,-0.061668723770462806
3523008,Óbitos em vias urbanas,4014,Não,0.12020080613266339,-0.11643139300223587
3523107,Óbitos em vias urbanas,382521,Sim,0.8095742781244435,0.01628769499544655
3523206,Óbitos em vias urbanas,45327,Sim,0.7933204223566668,0.01971431482378733
3523305,Óbitos em vias urbanas,15762,Sim,0.005962426084403628,-0.20398523820927542
3523404,Óbitos em vias urbanas,126403,Sim,0.507621377860251,-0.04810185127566136
3523503,Óbitos em vias urbanas,19427,Sim,0.469215914568916,-0.054075553729349315
3523602,Óbitos em vias urbanas,16433,Sim,0.3992324260722233,-0.06289120715350223
3523701,Óbitos em vias urbanas,5861,Não,0.40852963871719133,-0.06204639407173649
3523800,Óbitos em vias urbanas,8210,Sim,0.394630848875439,-0.06380055934742974
3523909,Óbitos em vias urbanas,174561,Sim,0.6004867958283859,-0.03697494563781351
3524006,Óbitos em vias urbanas,74119,Sim,4.4818166214932595e-4,0.2532796113001144
3524105,Óbitos em vias urbanas,38451,Sim,0.36547156651243135,0.06692634162858295
3524204,Óbitos em vias urbanas,6293,Sim,0.012256022192289629,0.18625084776589568
3524303,Óbitos em vias urbanas,73467,Sim,0.04276154697844504,-0.14789063046770828
3524402,Óbitos em vias urbanas,249968,Sim,2.9934754833624316e-4,-0.24708691137013844
3524501,Óbitos em vias urbanas,7878,Não,0.2726535537940848,-0.0821229305970002
3524600,Óbitos em vias urbanas,16254,Sim,0.018328873667186777,-0.1754967357228576
3524709,Óbitos em vias urbanas,61801,Sim,0.3394004307024414,0.07039988954497896
3524808,Óbitos em vias urbanas,50017,Sim,0.27984279271714907,-0.07970511389806645
3524907,Óbitos em vias urbanas,6575,Não,0.5509749525416405,-0.04550070939764072
3525003,Óbitos em vias urbanas,121988,Sim,0.8938035069240666,0.010063531459918484
3525102,Óbitos em vias urbanas,46868,Sim,2.9299709179159047e-4,-0.26728736360257854
3525201,Óbitos em vias urbanas,39531,Sim,0.7687638565262674,0.02197011330777468
3525300,Óbitos em vias urbanas,137323,Sim,0.09243545988770047,-0.11717038416792407
3525409,Óbitos em vias urbanas,3976,Não,0.7329603823958855,-0.02574972051928739
3525508,Óbitos em vias urbanas,13095,Não,0.7057913712021309,-0.028521784743839047
3525607,Óbitos em vias urbanas,4456,Não,0.7913954786798235,-0.02032929084166023
3525706,Óbitos em vias urbanas,37859,Sim,0.2682157418735461,-0.08107036507830735
3525805,Óbitos em vias urbanas,4308,Não,NA,NA
3525854,Óbitos em vias urbanas,3123,Não,0.8427522956753577,-0.01540097791034866
3525904,Óbitos em vias urbanas,460313,Sim,0.0017074779085521155,-0.20570058214802892
3526001,Óbitos em vias urbanas,20878,Sim,0.6736390089522506,0.031754199830840074
3526100,Óbitos em vias urbanas,17255,Sim,0.001931494454156312,-0.22982317391452145
3526209,Óbitos em vias urbanas,28007,Sim,1.0579807099475833e-6,-0.35205506123464997
3526308,Óbitos em vias urbanas,5182,Não,0.3438794916128464,-0.07070954999740824
3526407,Óbitos em vias urbanas,27009,Sim,0.02649365219367245,0.16453434029152356
3526506,Óbitos em vias urbanas,9909,Não,0.7081816340595587,0.028306980640806834
3526605,Óbitos em vias urbanas,7328,Não,0.03274545800818459,-0.15899430606353643
3526704,Óbitos em vias urbanas,101316,Sim,0.4472588437586216,-0.054424250196303474
3526803,Óbitos em vias urbanas,68395,Sim,0.6622128256195663,-0.03213124382488587
3526902,Óbitos em vias urbanas,300728,Sim,0.4392685897359519,-0.051581166433228284
3527009,Óbitos em vias urbanas,7147,Sim,0.8557059192882591,-0.014168899677520767
3527108,Óbitos em vias urbanas,76729,Sim,0.624713443756993,0.03545644211780679
3527207,Óbitos em vias urbanas,87370,Sim,2.3488387172688905e-4,-0.26270485209911165
3527256,Óbitos em vias urbanas,1968,Não,0.1251915153918926,-0.1153390075428567
3527306,Óbitos em vias urbanas,54111,Sim,0.7139475599813605,0.027563814943715348
3527405,Óbitos em vias urbanas,20372,Sim,0.8553597718002748,0.013741119103830548
3527504,Óbitos em vias urbanas,2419,Não,0.03163012616269001,-0.16078620938404
3527603,Óbitos em vias urbanas,12531,Sim,0.12020080613266339,0.11643139300223587
3527702,Óbitos em vias urbanas,4751,Não,0.8013527307155042,0.019287409388910416
3527801,Óbitos em vias urbanas,4017,Não,0.13979578514300867,0.11110638341284361
3527900,Óbitos em vias urbanas,2699,Não,0.8957336588174393,-0.010518766441706826
3528007,Óbitos em vias urbanas,17120,Não,0.29175970182338373,-0.07863597638233538
3528106,Óbitos em vias urbanas,7587,Não,0.8464031875503665,0.014918534334040005
3528205,Óbitos em vias urbanas,4048,Sim,0.9547121143929116,-0.0052907801625163625
3528304,Óbitos em vias urbanas,3212,Não,NA,NA
3528403,Óbitos em vias urbanas,51660,Sim,0.25623736038008044,0.08260437414530845
3528502,Óbitos em vias urbanas,97399,Sim,0.0070369288212802274,-0.19154223810912333
3528601,Óbitos em vias urbanas,10092,Não,0.9316945224126838,0.006653448643067814
3528700,Óbitos em vias urbanas,4627,Não,0.5018848661916971,0.050530519518522596
3528809,Óbitos em vias urbanas,12826,Não,0.808230216782991,-0.018530497016768937
3528858,Óbitos em vias urbanas,3392,Não,0.1921272069180954,-0.09769233773581035
3528908,Óbitos em vias urbanas,3539,Sim,0.04818079728856763,-0.14770666829631923
3529005,Óbitos em vias urbanas,246627,Sim,0.021300444898656703,-0.15962974330253218
3529104,Óbitos em vias urbanas,1870,Não,0.08843457506096046,0.12803687993289598
3529203,Óbitos em vias urbanas,25299,Sim,0.029799135920863102,-0.16095224881673548
3529302,Óbitos em vias urbanas,80998,Sim,0.5875034547912108,0.03922505931166731
3529401,Óbitos em vias urbanas,429380,Sim,0.8083199250864643,0.016316207007991954
3529500,Óbitos em vias urbanas,6369,Não,0.7862421385436891,0.020693450850442587
3529609,Óbitos em vias urbanas,4697,Não,0.8013527307155042,0.019287409388910416
3529658,Óbitos em vias urbanas,1988,Não,0.3138758846121194,-0.07529816667919564
3529708,Óbitos em vias urbanas,19655,Sim,0.715983333524,0.02729537886871177
3529807,Óbitos em vias urbanas,11349,Não,0.9141751453993692,0.00828468050159156
3529906,Óbitos em vias urbanas,18679,Sim,7.354687167317104e-11,-0.46695647394007445
3530003,Óbitos em vias urbanas,3199,Não,0.16725027584473204,-0.10368498349682442
3530102,Óbitos em vias urbanas,28737,Sim,0.6117868104792973,-0.037808586227936036
3530201,Óbitos em vias urbanas,16069,Não,0.4858343074478817,0.052085042549127866
3530300,Óbitos em vias urbanas,65485,Sim,0.9857044340473159,-0.0015243521834004384
3530409,Óbitos em vias urbanas,4771,Sim,1,4.812430430335485e-4
3530508,Óbitos em vias urbanas,69324,Sim,0.7938886562610229,-0.018892059097790324
3530607,Óbitos em vias urbanas,468120,Sim,4.0972109536751227e-4,-0.23053037534993837
3530706,Óbitos em vias urbanas,159735,Sim,0.22314195546528964,-0.0852790197052492
3530805,Óbitos em vias urbanas,95534,Sim,0.24268239050861903,-0.08388581585085063
3530904,Óbitos em vias urbanas,3815,Não,1,0
3531001,Óbitos em vias urbanas,1954,Sim,0.6092711424152878,0.03915177320262108
3531100,Óbitos em vias urbanas,64519,Sim,0.49912918756268104,0.04987103704257711
3531209,Óbitos em vias urbanas,8873,Sim,0.13275924603289851,0.11210463494431708
3531308,Óbitos em vias urbanas,48725,Sim,0.6674732906358036,0.03173215864042028
3531407,Óbitos em vias urbanas,22650,Não,0.010200294905729428,-0.19069344054666476
3531506,Óbitos em vias urbanas,18363,Sim,0.7635933402335982,-0.02265226941745247
3531605,Óbitos em vias urbanas,4301,Não,0.8798064377518815,0.012021447361950658
3531704,Óbitos em vias urbanas,4205,Não,0.49236583846593623,0.05143624426856901
3531803,Óbitos em vias urbanas,67296,Sim,0.033579732532000445,-0.15695335293085017
3531902,Óbitos em vias urbanas,28561,Sim,0.6022534924334505,0.038931236243613464
3532009,Óbitos em vias urbanas,14081,Sim,0.22443995444983136,-0.09027539371757516
3532058,Óbitos em vias urbanas,4079,Não,0.3060381036798585,-0.07643171011280543
3532108,Óbitos em vias urbanas,3763,Não,0.8647180811901104,-0.013756028422542543
3532157,Óbitos em vias urbanas,2699,Não,0.6701599895852286,-0.03280283700760145
3532207,Óbitos em vias urbanas,5908,Não,0.3942935302964174,0.06454751798269961
3532306,Óbitos em vias urbanas,7134,Sim,0.8743574069394288,0.012283536722962793
3532405,Óbitos em vias urbanas,18620,Sim,0.8795050046009453,-0.01153722199605343
3532504,Óbitos em vias urbanas,9921,Não,0.09119192464325791,-0.12550124509378383
3532603,Óbitos em vias urbanas,9944,Não,0.2249199962996804,-0.0908876758441524
3532702,Óbitos em vias urbanas,4860,Sim,0.01021549511274511,-0.19039468947809274
3532801,Óbitos em vias urbanas,6858,Não,0.48748799218860245,0.05236332489518544
3532827,Óbitos em vias urbanas,8631,Sim,0.29756781431407625,0.07781380543193774
3532843,Óbitos em vias urbanas,2058,Sim,0.9117030182222742,0.009016085521462994
3532868,Óbitos em vias urbanas,1074,Não,NA,NA
3532900,Óbitos em vias urbanas,9459,Não,0.22098693369828873,0.09125447820181154
3533007,Óbitos em vias urbanas,19725,Sim,0.5383719347735252,-0.04582606229451751
3533106,Óbitos em vias urbanas,2188,Não,0.42657486437015874,-0.060314893852686534
3533205,Óbitos em vias urbanas,4795,Não,0.18201522828242966,0.10052482308781088
3533254,Óbitos em vias urbanas,4469,Não,0.5597377851904252,0.04362619845698434
3533304,Óbitos em vias urbanas,2838,Sim,0.5517615073179121,0.04497085549821809
3533403,Óbitos em vias urbanas,64228,Sim,0.6800013077790945,0.030773701550742747
3533502,Óbitos em vias urbanas,39435,Sim,0.6498649402183084,-0.03335302427081347
3533601,Óbitos em vias urbanas,7550,Não,0.2248142309771911,0.09026355037060863
3533700,Óbitos em vias urbanas,4412,Não,0.31823766086586813,-0.07477332757168614
3533809,Óbitos em vias urbanas,2540,Não,0.24130858712259368,0.08786486499392523
3533908,Óbitos em vias urbanas,56701,Sim,0.16080831248484906,-0.10222613750858765
3534005,Óbitos em vias urbanas,4912,Não,0.007218585990360835,-0.200553278054833
3534104,Óbitos em vias urbanas,6180,Não,0.6092711424152878,0.03915177320262108
3534203,Óbitos em vias urbanas,6145,Não,0.8800087831983845,0.011786750182111921
3534302,Óbitos em vias urbanas,39193,Sim,0.4992211474273412,0.04976298720529398
3534401,Óbitos em vias urbanas,756952,Sim,0.36139755881602637,-0.05989949342591307
3534500,Óbitos em vias urbanas,2504,Não,0.06362410881360539,-0.13870930779095966
3534609,Óbitos em vias urbanas,32099,Sim,0.753677868909213,-0.02370757600009208
3534708,Óbitos em vias urbanas,106877,Sim,0.9672498394911846,-0.003065232949928054
3534757,Óbitos em vias urbanas,10596,Não,0.2136871275770944,-0.09270873283450974
3534807,Óbitos em vias urbanas,7901,Não,0.8424453192562011,-0.015872340487549087
3534906,Óbitos em vias urbanas,15217,Não,0.41232309542946327,-0.061120736246972646
3535002,Óbitos em vias urbanas,11689,Não,0.17232821302202586,-0.10177270490956446
3535101,Óbitos em vias urbanas,9709,Sim,0.11299277860288333,-0.1181217338106993
3535200,Óbitos em vias urbanas,8994,Sim,0.7748457478256316,0.02165199519331422
3535309,Óbitos em vias urbanas,19767,Não,0.79995907267416,-0.019271476178269627
3535408,Óbitos em vias urbanas,15214,Sim,0.9801643209712196,0.0021419344296950606
3535507,Óbitos em vias urbanas,42087,Sim,0.16942297794073127,-0.10158871535999138
3535606,Óbitos em vias urbanas,17950,Sim,0.6383688253153821,0.03526567484293115
3535705,Óbitos em vias urbanas,6211,Sim,3.8092357122069956e-4,-0.26292029632550823
3535804,Óbitos em vias urbanas,19799,Sim,0.7682767601769364,0.022209276208246097
3535903,Óbitos em vias urbanas,4111,Não,0.3524712217221343,-0.06978024123986454
3536000,Óbitos em vias urbanas,10729,Não,0.10868298334095262,-0.11897173197228547
3536109,Óbitos em vias urbanas,7382,Não,0.4487064680286396,0.05671175650124276
3536208,Óbitos em vias urbanas,19576,Sim,4.996646725933618e-4,-0.2538972767908171
3536257,Óbitos em vias urbanas,3001,Sim,0.18126030976349822,-0.09987049422582793
3536307,Óbitos em vias urbanas,14837,Sim,0.8361667293035272,-0.015742311378317518
3536406,Óbitos em vias urbanas,8200,Sim,0.555216006103041,-0.04430331324170448
3536505,Óbitos em vias urbanas,115690,Sim,0.27577025279385997,0.07745641322813958
3536570,Óbitos em vias urbanas,2146,Não,NA,NA
3536604,Óbitos em vias urbanas,7430,Não,0.04484412667610704,-0.15026809202438324
3536703,Óbitos em vias urbanas,46223,Sim,0.9692817716916506,0.003066452677267494
3536802,Óbitos em vias urbanas,6718,Não,0.9272750865000874,0.007111894543827637
3536901,Óbitos em vias urbanas,2848,Sim,0.7682019144901395,0.022501977620395484
3537008,Óbitos em vias urbanas,15742,Sim,0.05084764852274935,0.14435478043139097
3537107,Óbitos em vias urbanas,44332,Sim,0.8923483982379803,-0.010228148846663296
3537156,Óbitos em vias urbanas,2838,Não,0.19149116416056666,-0.09840851102280435
3537206,Óbitos em vias urbanas,11539,Sim,0.5017449500676767,-0.05023002896669001
3537305,Óbitos em vias urbanas,63317,Sim,0.17410096863130914,0.09753025832300402
3537404,Óbitos em vias urbanas,24389,Sim,0.5786302983899004,0.041332162998018965
3537503,Óbitos em vias urbanas,8969,Não,0.7284749782236588,0.026489682005799695
3537602,Óbitos em vias urbanas,70543,Sim,0.23990638756206095,-0.08443186766550219
3537701,Óbitos em vias urbanas,5623,Não,0.6014514221276658,0.03931381140367004
3537800,Óbitos em vias urbanas,54237,Sim,0.5387904325077606,-0.0449400301915826
3537909,Óbitos em vias urbanas,28417,Sim,0.21884021953906982,-0.09011736953796563
3538006,Óbitos em vias urbanas,172027,Sim,0.007487480964451547,-0.1844677588386155
3538105,Óbitos em vias urbanas,14721,Não,0.9094320066395115,0.00859792773827539
3538204,Óbitos em vias urbanas,15605,Sim,0.283616638680088,-0.07995219907222813
3538303,Óbitos em vias urbanas,3296,Não,NA,NA
3538501,Óbitos em vias urbanas,12570,Sim,0.3181386237831138,-0.0744790084678507
3538600,Óbitos em vias urbanas,26764,Sim,0.48820918403404256,0.051590346859865625
3538709,Óbitos em vias urbanas,438827,Sim,0.787291444352081,0.01804119389615158
3538808,Óbitos em vias urbanas,30261,Sim,0.8331771520393519,0.01601863243249465
3538907,Óbitos em vias urbanas,22743,Sim,0.11051844506610269,0.11839911494282634
3539004,Óbitos em vias urbanas,11076,Não,0.6714780644320313,-0.032145682314850696
3539103,Óbitos em vias urbanas,18836,Sim,0.20461817621968853,-0.09448584202682564
3539202,Óbitos em vias urbanas,26065,Sim,0.006177422504518402,-0.20438966493348124
3539301,Óbitos em vias urbanas,75475,Sim,0.32420744831198167,0.07212362559804293
3539400,Óbitos em vias urbanas,15554,Não,0.8358604686360397,0.01588328315723052
3539509,Óbitos em vias urbanas,34416,Sim,0.6632515673447303,-0.032387878842850944
3539608,Óbitos em vias urbanas,4454,Não,0.11605967270908533,-0.11630609829492555
3539707,Óbitos em vias urbanas,3061,Não,0.056786932852755254,0.1425125249291714
3539806,Óbitos em vias urbanas,106431,Sim,0.30252726426208526,-0.0755717233590841
3539905,Óbitos em vias urbanas,5696,Sim,0.1907834393700502,-0.09794691280292152
3540002,Óbitos em vias urbanas,20512,Não,0.9292438240706498,-0.007059236958769119
3540101,Óbitos em vias urbanas,3443,Não,0.6942028278688026,0.030053618404876647
3540200,Óbitos em vias urbanas,38376,Sim,0.14524726631173543,-0.1059909668140855
3540259,Óbitos em vias urbanas,4196,Sim,0.14757323088385482,-0.10899007134783706
3540309,Óbitos em vias urbanas,2415,Não,0.29343154857849174,-0.07936170243774543
3540408,Óbitos em vias urbanas,4185,Não,0.8298410811232699,0.016633056143176554
3540507,Óbitos em vias urbanas,10773,Sim,0.3991778969217892,0.06345202899063648
3540606,Óbitos em vias urbanas,58345,Sim,0.6394244600814718,-0.03455304641158425
3540705,Óbitos em vias urbanas,53940,Sim,0.7365679916294199,0.024645400218049927
3540754,Óbitos em vias urbanas,20767,Sim,0.5083091871211243,0.049633035135443364
3540804,Óbitos em vias urbanas,18994,Sim,0.6183201327250225,0.03697951655323077
3540853,Óbitos em vias urbanas,2599,Não,NA,NA
3540903,Óbitos em vias urbanas,17309,Sim,0.4755629960289504,-0.05337027516063744
3541000,Óbitos em vias urbanas,365577,Sim,0.004051189010941772,-0.18956483248574676
3541059,Óbitos em vias urbanas,5246,Não,0.9758733198034499,0.0030053618404876645
3541109,Óbitos em vias urbanas,3841,Não,0.11180486307236102,-0.11957163167286979
3541208,Óbitos em vias urbanas,14772,Não,0.9135197365653465,-0.008479449518438636
3541307,Óbitos em vias urbanas,40383,Sim,0.17805664221868747,-0.09696321713160469
3541406,Óbitos em vias urbanas,234083,Sim,0.0023166189163136143,-0.20583560284918273
3541505,Óbitos em vias urbanas,35902,NA,0.5330496790573211,-0.046129888747311935
3541604,Óbitos em vias urbanas,35991,Sim,0.049023863155447364,-0.14428220983976744
3541653,Óbitos em vias urbanas,3472,Não,0.8949007316239472,-0.010256152406089432
3541703,Óbitos em vias urbanas,13399,Sim,0.050046415142294874,0.1464578563589571
3541802,Óbitos em vias urbanas,3351,Não,0.13233766225136445,0.11322269547785016
3541901,Óbitos em vias urbanas,9146,Sim,0.007405241989638914,-0.19927462452065348
3542008,Óbitos em vias urbanas,7225,Não,0.1251915153918926,-0.1153390075428567
3542107,Óbitos em vias urbanas,9133,Sim,0.11290551759036395,-0.11856112181439385
3542206,Óbitos em vias urbanas,29305,Sim,0.0712493785169334,0.134720022359628
3542305,Óbitos em vias urbanas,4611,Não,0.10554884085234295,0.12168794373787634
3542404,Óbitos em vias urbanas,20565,Não,0.25916469960001537,0.08373477327273722
3542503,Óbitos em vias urbanas,7808,Não,0.7660380064758526,-0.022793447307316018
3542602,Óbitos em vias urbanas,61732,Sim,0.02438965832094529,-0.1645426123587715
3542701,Óbitos em vias urbanas,6492,Não,0.2247804939303536,0.09095493513334067
3542800,Óbitos em vias urbanas,3166,Não,0.2780215944890031,0.08133007427266971
3542909,Óbitos em vias urbanas,11079,Não,0.8524530381694091,0.01413766451587846
3543006,Óbitos em vias urbanas,18930,Sim,0.1826710832116907,0.09886577549759488
3543105,Óbitos em vias urbanas,4706,Não,0.09387175039205094,-0.12592056786788944
3543204,Óbitos em vias urbanas,4768,Não,0.13252969099735754,0.11242069420918592
3543238,Óbitos em vias urbanas,2045,Não,NA,NA
3543253,Óbitos em vias urbanas,7570,Sim,0.7764469400088094,-0.022221276682568722
3543303,Óbitos em vias urbanas,118877,Sim,0.15701784477174116,-0.10044920619669793
3543402,Óbitos em vias urbanas,728400,Sim,0.8789152168340957,0.01003376964019395
3543501,Óbitos em vias urbanas,5647,Sim,0.19288934255892695,0.0971573502850748
3543600,Óbitos em vias urbanas,4158,Sim,0.7492706366997903,0.02417943106642133
3543709,Óbitos em vias urbanas,9145,Não,0.1372292692552859,-0.11117669208200945
3543808,Óbitos em vias urbanas,9357,Sim,0.0628802875009436,0.13855801993711786
3543907,Óbitos em vias urbanas,208857,Sim,0.7626678668159815,0.020868139563313955
3544004,Óbitos em vias urbanas,32267,Sim,0.007149531103334194,-0.20076265312035374
3544103,Óbitos em vias urbanas,45317,Sim,0.5353426701637292,-0.04668057517425421
3544202,Óbitos em vias urbanas,10453,Não,0.3381808075908522,0.07179306684262603
3544251,Óbitos em vias urbanas,17533,Sim,0.7057913712021309,-0.028521784743839047
3544301,Óbitos em vias urbanas,11095,Não,0.015981457640455263,-0.18001054244861253
3544400,Óbitos em vias urbanas,2741,Não,0.41418060133573203,-0.061609917729997125
3544509,Óbitos em vias urbanas,3965,Não,0.5895354407704203,-0.041268085267627624
3544608,Óbitos em vias urbanas,5185,Não,0.4670386181141933,-0.054674545271134134
3544707,Óbitos em vias urbanas,2519,Não,0.5058519728655688,-0.0502352628215908
3544806,Óbitos em vias urbanas,6612,Não,0.6763257501141846,0.03129657228017884
3544905,Óbitos em vias urbanas,11654,Não,0.036708711262813894,-0.1552956639288027
3545001,Óbitos em vias urbanas,15396,Sim,0.7763816892409101,-0.021534457356546716
3545100,Óbitos em vias urbanas,4883,Não,0.04371592487007464,-0.15092958352141686
3545159,Óbitos em vias urbanas,8371,Sim,0.07820834566451894,-0.13179729749088784
3545209,Óbitos em vias urbanas,140125,Sim,0.742600632838216,-0.02357789486770926
3545308,Óbitos em vias urbanas,45138,Sim,0.9564480250758637,0.004250615978094715
3545407,Óbitos em vias urbanas,9212,Não,0.019061652807180064,-0.17436661698956782
3545506,Óbitos em vias urbanas,3699,Não,0.2709487273299936,-0.08245946534495904
3545605,Óbitos em vias urbanas,14203,Não,0.9669573127637094,0.0035095065294644683
3545704,Óbitos em vias urbanas,6543,Não,0.3804623868794959,-0.06611796049072861
3545803,Óbitos em vias urbanas,189338,Sim,0.7457865306145882,0.0226932732620568
3546009,Óbitos em vias urbanas,14212,Sim,0.948516448065897,0.005293673473369034
3546108,Óbitos em vias urbanas,2677,Sim,0.13979578514300867,0.11110638341284361
3546207,Óbitos em vias urbanas,4365,Sim,0.9713282871480668,-0.0032145682314850695
3546256,Óbitos em vias urbanas,2162,Não,NA,NA
3546306,Óbitos em vias urbanas,29525,Sim,0.2582678079312832,-0.08454693496095939
3546405,Óbitos em vias urbanas,47677,Sim,0.36357999593771817,0.0668199511607342
3546504,Óbitos em vias urbanas,6256,Não,0.34146426901157445,0.07103238060948149
3546603,Óbitos em vias urbanas,36098,Sim,0.7342484041535755,-0.025168654018021583
3546702,Óbitos em vias urbanas,24107,Sim,0.3153732653030281,0.07513871191957025
3546801,Óbitos em vias urbanas,54586,Sim,0.08489008967335794,-0.12477523643708399
3546900,Óbitos em vias urbanas,7181,Não,0.48668742475462523,0.05259383220853413
3547007,Óbitos em vias urbanas,5314,Não,0.3545778387774791,-0.06961242015477595
3547106,Óbitos em vias urbanas,3012,Não,NA,NA
3547205,Óbitos em vias urbanas,1698,Não,0.19344831894747697,0.0976742598158491
3547304,Óbitos em vias urbanas,162341,Sim,0.5637360534767497,-0.04075919558337595
3547403,Óbitos em vias urbanas,2790,Não,0.6984457275439717,0.02935582562504646
3547502,Óbitos em vias urbanas,25060,Sim,0.3570321685531432,-0.06895445579450274
3547601,Óbitos em vias urbanas,23725,Sim,0.590799536530017,0.040315675481057064
3547650,Óbitos em vias urbanas,1686,Não,0.7120248789907961,-0.028570212877588357
3547700,Óbitos em vias urbanas,18045,Sim,0.9178680573402825,0.007976151203328336
3547809,Óbitos em vias urbanas,778711,Sim,0.8328646720423161,-0.013903871254794468
3547908,Óbitos em vias urbanas,6917,Não,0.5578383095052053,-0.04412023099230699
3548005,Óbitos em vias urbanas,23779,Sim,0.456650256664954,0.05584359280596013
3548054,Óbitos em vias urbanas,8568,Não,0.7945430392517049,-0.019783170872526543
3548104,Óbitos em vias urbanas,6237,Sim,0.09176098741824568,0.12628801886485902
3548203,Óbitos em vias urbanas,7294,Sim,0.8798064377518815,-0.012021447361950658
3548302,Óbitos em vias urbanas,3063,Não,0.11834981273562829,0.11745531960786325
3548401,Óbitos em vias urbanas,3933,Não,0.034184144060118854,-0.15832896115803746
3548500,Óbitos em vias urbanas,429567,Sim,2.6624248212157994e-4,-0.23829618867426874
3548609,Óbitos em vias urbanas,11948,Não,0.605013149121076,-0.03873354068610759
3548708,Óbitos em vias urbanas,840499,Sim,0.33314629379240546,0.06342185725349883
3548807,Óbitos em vias urbanas,172109,Sim,0.7195065317451683,0.02601392798612201
3548906,Óbitos em vias urbanas,265294,Sim,0.7130252324672985,-0.02539522009086885
3549003,Óbitos em vias urbanas,2629,Não,NA,NA
3549102,Óbitos em vias urbanas,95762,Sim,0.9684165730360093,0.0030088342412304876
3549201,Óbitos em vias urbanas,2622,Não,0.4317058445517153,0.05923262332695035
3549250,Óbitos em vias urbanas,1880,Não,0.5875518018112936,-0.040905658657851625
3549300,Óbitos em vias urbanas,2288,Não,NA,NA
3549409,Óbitos em vias urbanas,49815,Sim,0.7639243688519808,-0.02239216005338826
3549508,Óbitos em vias urbanas,7690,Não,0.5314835025931843,-0.04702240187497789
3549607,Óbitos em vias urbanas,3898,Não,0.4432770342080009,-0.05819858178767998
3549706,Óbitos em vias urbanas,53416,Sim,0.5022503525904866,0.04971418450533673
3549805,Óbitos em vias urbanas,501597,Sim,0.0011876216604696274,-0.2130754207984836
3549904,Óbitos em vias urbanas,724756,Sim,0.9803908547012122,0.0017316759042418249
3549953,Óbitos em vias urbanas,16458,Sim,0.009211703214508,-0.19304570611821356
3550001,Óbitos em vias urbanas,10497,Sim,0.31379519489931923,0.07555515775626712
3550100,Óbitos em vias urbanas,38166,Sim,0.288392202615289,-0.0781635593177126
3550209,Óbitos em vias urbanas,32904,Sim,0.8118310474489593,0.01794325466692812
3550308,Óbitos em vias urbanas,11895578,Sim,0.024348348513851228,-0.13910461491110732
3550407,Óbitos em vias urbanas,39725,Sim,0.48840237122704144,0.05087669711063181
3550506,Óbitos em vias urbanas,7333,Não,0.08690951889589602,-0.12698765177805726
3550605,Óbitos em vias urbanas,81342,Sim,0.33000910722166255,-0.07127585515220806
3550704,Óbitos em vias urbanas,84019,Sim,0.7608126404731483,-0.02214284672932907
3550803,Óbitos em vias urbanas,10484,Não,0.031034132125726952,0.16121641941623877
3550902,Óbitos em vias urbanas,13590,Sim,0.32726577619627645,0.07306154502248755
3551009,Óbitos em vias urbanas,338407,Sim,0.18922143534387637,-0.08760931693355252
3551108,Óbitos em vias urbanas,10632,Sim,0.37637783765776295,-0.066018620810678
3551207,Óbitos em vias urbanas,3769,Não,0.9437425256241154,-0.006010723680975329
3551306,Óbitos em vias urbanas,3187,Sim,0.7786872921142717,0.021561369074488124
3551405,Óbitos em vias urbanas,13058,Não,0.013641394020084185,-0.18431608548184908
3551504,Óbitos em vias urbanas,45408,Sim,0.6273150696342986,0.03623319407141854
3551603,Óbitos em vias urbanas,30920,Sim,0.4453114723098093,-0.05677820296867893
3551702,Óbitos em vias urbanas,131600,Sim,0.8751170501272216,-0.011262196154741926
3551801,Óbitos em vias urbanas,12912,Sim,0.9669465133673489,-0.0035296184793845594
3551900,Óbitos em vias urbanas,14724,Sim,0.7902594161657446,0.020358932132738775
3552007,Óbitos em vias urbanas,6313,Sim,0.6819942166796997,-0.031074159571022338
3552106,Óbitos em vias urbanas,41405,Sim,0.051222646357080064,-0.14180952249214812
3552205,Óbitos em vias urbanas,757459,Sim,0.021680128338086656,0.14779735952441458
3552304,Óbitos em vias urbanas,7466,Sim,0.09176098741824568,-0.12628801886485902
3552403,Óbitos em vias urbanas,289787,Sim,0.011385392772368807,-0.1717011340708891
3552502,Óbitos em vias urbanas,318765,Sim,0.21849149613866672,-0.08342884893480558
3552551,Óbitos em vias urbanas,3464,Sim,0.6420007025290768,-0.035130742141449046
3552601,Óbitos em vias urbanas,11499,Sim,0.6893484298092459,-0.0296897749218922
3552700,Óbitos em vias urbanas,14994,Não,0.12215904811046376,-0.11429091823418291
3552809,Óbitos em vias urbanas,284274,Sim,0.05550050277250309,-0.13320132756011344
3552908,Óbitos em vias urbanas,6399,Sim,0.4771828256301491,-0.053595403128013336
3553005,Óbitos em vias urbanas,13006,Sim,0.30539461050311345,0.0770048895517433
3553104,Óbitos em vias urbanas,5751,Não,0.8647180811901104,0.013756028422542543
3553203,Óbitos em vias urbanas,6733,Não,0.8257755767516131,-0.01675775462366322
3553302,Óbitos em vias urbanas,21682,Sim,0.09968041778441668,-0.12152220644945566
3553401,Óbitos em vias urbanas,26021,Sim,0.11420303039485573,0.11651858091039632
3553500,Óbitos em vias urbanas,8122,Não,0.741200408583403,0.025025011870858215
3553609,Óbitos em vias urbanas,11936,Não,0.5611534251202477,-0.043793116916052914
3553658,Óbitos em vias urbanas,2652,Não,0.20132513028346072,-0.0962921989577978
3553708,Óbitos em vias urbanas,53322,Sim,0.5253132667571402,-0.046455093528200334
3553807,Óbitos em vias urbanas,24863,Sim,0.5277919350020178,0.04705997732129879
3553856,Óbitos em vias urbanas,7112,Sim,0.8798064377518815,-0.012021447361950658
3553906,Óbitos em vias urbanas,6635,Não,0.41024551498144407,-0.06243120591769308
3553955,Óbitos em vias urbanas,15248,Sim,0.3463509216888616,0.07072050109267153
3554003,Óbitos em vias urbanas,128560,Sim,0.5565825263491241,0.041914945778551954
3554102,Óbitos em vias urbanas,321298,Sim,0.0183911900786777,-0.15694598743509205
3554201,Óbitos em vias urbanas,4142,Não,0.1060744087914892,-0.12088943291892115
3554300,Óbitos em vias urbanas,22559,Sim,0.6614065336444359,-0.032971951454210904
3554409,Óbitos em vias urbanas,7985,Sim,0.3473529195062565,0.06996331414268057
3554508,Óbitos em vias urbanas,38690,Sim,0.781342111175674,-0.020806715457036475
3554607,Óbitos em vias urbanas,2490,Não,0.19728863036587574,0.09644835514121415
3554656,Óbitos em vias urbanas,2063,Não,NA,NA
3554706,Óbitos em vias urbanas,9484,Sim,0.5792685111152813,0.042075065766827305
3554755,Óbitos em vias urbanas,1719,Não,0.0968060903166195,-0.12429663828408935
3554805,Óbitos em vias urbanas,53083,Sim,0.21537660238428993,-0.09115242857298927
3554904,Óbitos em vias urbanas,7013,Não,1,-4.7960615719232897e-4
3554953,Óbitos em vias urbanas,6947,Não,0.33345815821319985,0.07240421859487582
3555000,Óbitos em vias urbanas,65416,Sim,0.8713262417121895,-0.011901763845606454
3555109,Óbitos em vias urbanas,16206,Sim,0.4220419865118245,-0.05998800359880042
3555208,Óbitos em vias urbanas,1839,Não,0.8913618998071016,0.010715227438283565
3555307,Óbitos em vias urbanas,1672,Não,0.8402222402210715,0.015745380884379205
3555356,Óbitos em vias urbanas,5456,Não,0.0019908283007456975,-0.22990404131557715
3555406,Óbitos em vias urbanas,96598,Sim,0.014705381922168219,-0.17530482803339817
3555505,Óbitos em vias urbanas,5265,Não,0.05948994620166818,-0.14107295765879374
3555604,Óbitos em vias urbanas,10627,Não,0.12676506790672631,-0.11386313902187499
3555703,Óbitos em vias urbanas,1628,Sim,0.41418060133573203,0.061609917729997125
3555802,Óbitos em vias urbanas,8973,Não,0.21600245148659913,0.09265248508384467
3555901,Óbitos em vias urbanas,1419,Não,0.5122982815725874,-0.049588470368046464
3556008,Óbitos em vias urbanas,14038,Sim,0.419215697866689,-0.059697503084756624
3556107,Óbitos em vias urbanas,14531,Não,0.6879379251293913,-0.029893932476298363
3556206,Óbitos em vias urbanas,131277,Sim,0.9862741864218717,-0.0014089353624072425
3556305,Óbitos em vias urbanas,24723,Sim,0.17521914450331708,-0.10147653128230608
3556354,Óbitos em vias urbanas,10805,Sim,3.9946157778268903e-4,-0.26321298970983503
3556404,Óbitos em vias urbanas,41226,Sim,0.9791311704967763,-0.0021848187847167025
3556453,Óbitos em vias urbanas,52103,Sim,0.5790012409243488,-0.041206244874522284
3556503,Óbitos em vias urbanas,119576,Sim,0.7910495070827196,0.019136162213261126
3556602,Óbitos em vias urbanas,10294,Não,0.7273314529069198,0.02646836736684517
3556701,Óbitos em vias urbanas,79235,Sim,0.2716701457821737,0.08105865713707562
3556800,Óbitos em vias urbanas,17681,Sim,0.15590897872192394,-0.10604684282044734
3556909,Óbitos em vias urbanas,8327,Sim,0.9687488102002937,0.0032849172238800075
3556958,Óbitos em vias urbanas,1826,Sim,NA,NA
3557006,Óbitos em vias urbanas,132849,Sim,0.4554321477160021,0.05336049891113148
3557105,Óbitos em vias urbanas,100159,Sim,0.5254526279209235,0.04538695177269627
3557154,Óbitos em vias urbanas,2761,Não,0.1979149996158637,-0.09595667602602159
3557204,Óbitos em vias urbanas,12411,Não,0.07903696173545043,-0.13137935074815876
3557303,Óbitos em vias urbanas,11566,Sim,0.400318710305507,-0.06321984188587303
3500105,Óbitos em estadas e rodovias,35642,Sim,0.27711181072098245,-0.0810746957729242
3500204,Óbitos em estadas e rodovias,4478,Sim,0.8166449058231093,-0.01803217104292599
3500303,Óbitos em estadas e rodovias,32888,Não,0.03761837030778497,-0.15204119417377138
3500402,Óbitos em estadas e rodovias,7470,Sim,0.07444359427531305,0.13078732700835521
3500501,Óbitos em estadas e rodovias,18245,Sim,0.5395580153299833,0.04571916276804232
3500550,Óbitos em estadas e rodovias,7407,Não,0.5436978146336893,0.04508408584213454
3500600,Óbitos em estadas e rodovias,2829,Sim,NA,NA
3500709,Óbitos em estadas e rodovias,38879,Sim,0.7924383933408451,0.019578120939477077
3500758,Óbitos em estadas e rodovias,6330,Não,0.4429964343172638,0.057048930934180384
3500808,Óbitos em estadas e rodovias,4556,Não,0.8363306629842826,-0.015827003187346856
3500907,Óbitos em estadas e rodovias,3479,Não,0.28743850747866717,-0.07957595529223722
3501004,Óbitos em estadas e rodovias,17156,Sim,0.532836908689649,0.04596123151237582
3501103,Óbitos em estadas e rodovias,3883,Não,0.08399478779110864,-0.12874860259643695
3501152,Óbitos em estadas e rodovias,17591,Sim,0.058420951357295026,0.14031195295386134
3501202,Óbitos em estadas e rodovias,3978,Não,0.21514726903401088,0.09256398833811949
3501301,Óbitos em estadas e rodovias,28250,Não,0.23925636156707147,-0.0874099158705768
3501400,Óbitos em estadas e rodovias,4896,Não,0.19818564765177604,0.09643704694455209
3501509,Óbitos em estadas e rodovias,2923,Não,0.4955643345688332,-0.05184964559266035
3501608,Óbitos em estadas e rodovias,246655,Sim,0.25372171148860595,0.08035325272016627
3501707,Óbitos em estadas e rodovias,33757,Sim,0.18831276846158285,0.09736281870010231
3501806,Óbitos em estadas e rodovias,5975,Sim,0.9531733319482586,0.004698901826337301
3501905,Óbitos em estadas e rodovias,69717,Sim,0.984851227094546,-0.0014861081243076704
3502002,Óbitos em estadas e rodovias,4684,Não,0.39062822684160714,-0.06416993843695429
3502101,Óbitos em estadas e rodovias,61473,Sim,0.08775388703089049,0.12428126599853172
3502200,Óbitos em estadas e rodovias,24512,Sim,0.4899797109542859,0.050672369419963906
3502309,Óbitos em estadas e rodovias,5766,Não,0.1016460246308605,0.12156145654138366
3502408,Óbitos em estadas e rodovias,4108,Não,NA,NA
3502507,Óbitos em estadas e rodovias,33223,Sim,0.004939849573048972,0.20575834880033703
3502606,Óbitos em estadas e rodovias,4124,Não,0.32814635126686825,-0.07363136509194779
3502705,Óbitos em estadas e rodovias,24886,Sim,0.14616736210402106,0.1068354467918949
3502754,Óbitos em estadas e rodovias,22168,Sim,0.6299176722049981,0.034260541138259076
3502804,Óbitos em estadas e rodovias,207775,Sim,0.6039830601530436,0.03726717639794932
3502903,Óbitos em estadas e rodovias,33656,Sim,0.06010501731598424,0.13600655222721308
3503000,Óbitos em estadas e rodovias,5526,Não,0.26840450981259456,0.082204566851496
3503109,Óbitos em estadas e rodovias,7050,Sim,0.07107368900203606,0.13447076271183414
3503158,Óbitos em estadas e rodovias,2355,Não,0.4955643345688332,-0.05184964559266035
3503208,Óbitos em estadas e rodovias,252318,Sim,0.8525557509232066,-0.01288631652085499
3503307,Óbitos em estadas e rodovias,135331,Sim,0.16940617240024544,-0.0987747871722569
3503356,Óbitos em estadas e rodovias,2085,Não,NA,NA
3503406,Óbitos em estadas e rodovias,8280,Sim,0.390526719198138,-0.06383280418929398
3503505,Óbitos em estadas e rodovias,3625,Não,0.89478697187026,0.010472664979037089
3503604,Óbitos em estadas e rodovias,10257,Não,0.856563402527638,0.013885024640645179
3503703,Óbitos em estadas e rodovias,7653,Não,NA,NA
3503802,Óbitos em estadas e rodovias,53157,Sim,0.2969405971414513,0.07587948946343477
3503901,Óbitos em estadas e rodovias,89943,Sim,0.0016710492496483861,0.22437119671406766
3503950,Óbitos em estadas e rodovias,1873,Sim,0.1251915153918926,-0.1153390075428567
3504008,Óbitos em estadas e rodovias,104642,Sim,0.9145039326338629,-0.007821389245429878
3504107,Óbitos em estadas e rodovias,166043,Sim,5.6046095438270846e-6,0.3100380240307895
3504206,Óbitos em estadas e rodovias,13873,Não,0.9036143316698062,0.009435660213602278
3504305,Óbitos em estadas e rodovias,4519,Sim,0.08580855137721326,0.12753964745280313
3504404,Óbitos em estadas e rodovias,11438,Não,0.49309880997976946,-0.051262475802611264
3504503,Óbitos em estadas e rodovias,96098,Sim,0.7002884613801396,0.027096140497374008
3504602,Óbitos em estadas e rodovias,28909,Não,0.8656591096388939,0.012773171022951365
3504701,Óbitos em estadas e rodovias,3963,Não,0.10892779840690642,0.12001054730877593
3504800,Óbitos em estadas e rodovias,9854,Não,0.5086138665459119,-0.04927118558211977
3504909,Óbitos em estadas e rodovias,10109,Sim,0.8171711779490338,-0.017640582138473825
3505005,Óbitos em estadas e rodovias,3618,Não,0.3463509216888616,-0.07072050109267153
3505104,Óbitos em estadas e rodovias,5659,Não,0.8374186708883403,-0.015533691606477057
3505203,Óbitos em estadas e rodovias,32405,Sim,0.9565398642131306,-0.004310020798121629
3505302,Óbitos em estadas e rodovias,35159,Sim,0.23778774129376873,0.08706501152418467
3505351,Óbitos em estadas e rodovias,5256,Não,NA,NA
3505401,Óbitos em estadas e rodovias,6922,Sim,2.3587067553063213e-5,0.3049289069120758
3505500,Óbitos em estadas e rodovias,126600,Sim,0.9693921787521436,0.0028480831821052384
3505609,Óbitos em estadas e rodovias,33181,Não,0.8796216257605811,-0.011457147769895544
3505708,Óbitos em estadas e rodovias,330339,Sim,0.15847754625500518,0.09801184849694454
3505807,Óbitos em estadas e rodovias,21900,Sim,0.8411353390355989,0.01502488379923964
3505906,Óbitos em estadas e rodovias,59873,Sim,0.669505056791893,0.030566252624262224
3506003,Óbitos em estadas e rodovias,391740,Sim,0.37573989331346186,-0.05990279523824803
3506102,Óbitos em estadas e rodovias,78210,Sim,0.2625211691701209,-0.07961668838920206
3506201,Óbitos em estadas e rodovias,2642,Não,0.2558059488945668,0.0848478217421694
3506300,Óbitos em estadas e rodovias,11852,Sim,0.6699902681245373,-0.03224328388324775
3506359,Óbitos em estadas e rodovias,66873,Sim,0.8520531169664372,-0.012915301711786517
3506409,Óbitos em estadas e rodovias,7455,Não,9.722149031859647e-4,0.24534968221329012
3506508,Óbitos em estadas e rodovias,122988,Sim,0.34324882033801607,0.06804973545176257
3506607,Óbitos em estadas e rodovias,30526,Sim,0.8230328889507371,0.01637154819899334
3506706,Óbitos em estadas e rodovias,13135,Sim,0.7148436604725656,0.027055819733740938
3506805,Óbitos em estadas e rodovias,11467,Sim,0.5902184312528942,0.04035556605737483
3506904,Óbitos em estadas e rodovias,10688,Não,0.18840049207373094,0.09695868783619124
3507001,Óbitos em estadas e rodovias,63415,Sim,0.4680399733499321,0.05302764990196571
3507100,Óbitos em estadas e rodovias,22501,Sim,0.2607788129614212,0.08290164614069724
3507159,Óbitos em estadas e rodovias,3610,Não,NA,NA
3507209,Óbitos em estadas e rodovias,928,Não,0.6701599895852286,-0.03280283700760145
3507308,Óbitos em estadas e rodovias,4823,Não,0.3720264559738594,0.06714826368912016
3507407,Óbitos em estadas e rodovias,14415,Não,0.3494420958649929,-0.06867690358566482
3507456,Óbitos em estadas e rodovias,2787,Não,0.5519922723312913,-0.04508042760731497
3507506,Óbitos em estadas e rodovias,150442,Sim,0.8323007051241845,0.015001646755515683
3507605,Óbitos em estadas e rodovias,184634,Sim,6.176003452103263e-4,0.23271799993110792
3507704,Óbitos em estadas e rodovias,5466,Não,0.320069555283752,-0.07429679727682191
3507753,Óbitos em estadas e rodovias,2605,Não,0.793250529615712,0.02024406113705898
3507803,Óbitos em estadas e rodovias,26167,Sim,0.4522656933011203,0.05596321627397694
3507902,Óbitos em estadas e rodovias,24423,Sim,0.340263968417605,0.06994183904439125
3508009,Óbitos em estadas e rodovias,20674,Sim,0.488553776482519,0.05206187257092225
3508108,Óbitos em estadas e rodovias,17597,Sim,0.36686702075707595,-0.06727404434955529
3508207,Óbitos em estadas e rodovias,4447,Sim,0.9609541056206427,0.003999200239920028
3508306,Óbitos em estadas e rodovias,4362,Não,0.20898185965175028,0.0942539848113338
3508405,Óbitos em estadas e rodovias,48473,Sim,0.11327389025660904,0.11658408036490385
3508504,Óbitos em estadas e rodovias,99678,Sim,0.086837649794434,0.12014623670804056
3508603,Óbitos em estadas e rodovias,32482,Sim,0.8121218261639915,-0.017525494921016665
3508702,Óbitos em estadas e rodovias,17266,Não,0.5819512032643563,-0.04147301713276857
3508801,Óbitos em estadas e rodovias,16905,Sim,0.23615404550106922,-0.08751828629616762
3508900,Óbitos em estadas e rodovias,3745,Sim,0.4930465444513963,0.05173482290581739
3509007,Óbitos em estadas e rodovias,98257,Sim,0.8803622945265415,0.010783808172440928
3509106,Óbitos em estadas e rodovias,5585,Não,0.7682019144901395,-0.022501977620395484
3509205,Óbitos em estadas e rodovias,97363,Sim,0.9721036361968112,0.002643267096614839
3509254,Óbitos em estadas e rodovias,29257,Sim,1.0968960113091074e-4,0.27429780199933573
3509304,Óbitos em estadas e rodovias,9232,Sim,0.028700856188632752,0.16379222030657772
3509403,Óbitos em estadas e rodovias,24217,Sim,0.6765383279391943,0.030675026525344457
3509452,Óbitos em estadas e rodovias,6077,Sim,0.035567944256900116,-0.15615732718714956
3509502,Óbitos em estadas e rodovias,1185977,Sim,0.03431796441410861,0.13630917887495902
3509601,Óbitos em estadas e rodovias,79663,Sim,0.19592274511557303,0.09625330187838176
3509700,Óbitos em estadas e rodovias,47983,Sim,0.5499342577033659,0.044549009104203126
3509809,Óbitos em estadas e rodovias,4991,Não,0.047304756288392716,0.14805129674543063
3509908,Óbitos em estadas e rodovias,12489,Sim,0.6714780644320313,-0.032145682314850696
3509957,Óbitos em estadas e rodovias,5049,Não,0.7970999548562816,0.019398441184445687
3510005,Óbitos em estadas e rodovias,30172,Sim,0.7107113205586204,0.02756964280894949
3510104,Óbitos em estadas e rodovias,2951,Não,0.9095700148856819,-0.009523404292529453
3510153,Óbitos em estadas e rodovias,6524,Não,0.27761374332216665,-0.08101530977621943
3510203,Óbitos em estadas e rodovias,47403,Sim,0.8976072038863352,0.009223989880964402
3510302,Óbitos em estadas e rodovias,23597,Sim,0.04832064971782257,-0.1449758308529076
3510401,Óbitos em estadas e rodovias,51318,Sim,0.5245486723482904,0.04649316679940457
3510500,Óbitos em estadas e rodovias,141084,Sim,0.837193968286823,0.014542382313785998
3510609,Óbitos em estadas e rodovias,398462,Sim,0.29508396452003816,0.07659172337529006
3510708,Óbitos em estadas e rodovias,11491,Não,0.18551308860479826,0.09795024991097986
3510807,Óbitos em estadas e rodovias,28786,Sim,0.9158614319450512,-0.007691741073081153
3510906,Óbitos em estadas e rodovias,2855,Não,0.21152242941072893,0.09417588689279124
3511003,Óbitos em estadas e rodovias,20418,Não,0.7060212830236825,-0.028219478172901616
3511102,Óbitos em estadas e rodovias,119172,Sim,0.20840514069430313,-0.09018768481058598
3511201,Óbitos em estadas e rodovias,7105,Não,0.9429914147365914,-0.005662829512097564
3511300,Óbitos em estadas e rodovias,13160,Não,0.9244179223609513,-0.0072951136410382275
3511409,Óbitos em estadas e rodovias,22076,Sim,0.16145616750442104,-0.10393833632610405
3511508,Óbitos em estadas e rodovias,46217,Sim,0.37365502449863447,-0.06520628810621103
3511607,Óbitos em estadas e rodovias,19588,Sim,0.7094975265384433,-0.027700648335777598
3511706,Óbitos em estadas e rodovias,15798,Sim,0.2147925753600193,0.09207335820403117
3511904,Óbitos em estadas e rodovias,7087,Não,0.1066925579824857,-0.11946721976443415
3512001,Óbitos em estadas e rodovias,18842,Sim,0.6620545705597045,-0.03250043875888489
3512100,Óbitos em estadas e rodovias,6781,Não,0.040127415794770215,-0.1518000574476004
3512209,Óbitos em estadas e rodovias,29034,Sim,0.06534571323241005,0.13495603277990645
3512308,Óbitos em estadas e rodovias,15381,Sim,0.0634404434932285,-0.1368879666429221
3512407,Óbitos em estadas e rodovias,25130,Sim,0.10308219417663297,0.11923613194655937
3512506,Óbitos em estadas e rodovias,5498,Não,0.03185729913973133,-0.15981175750859317
3512605,Óbitos em estadas e rodovias,4295,Não,0.7581706653086326,0.02320973752253952
3512704,Óbitos em estadas e rodovias,4285,Não,0.47957921525427877,0.05275852491619163
3512803,Óbitos em estadas e rodovias,61204,Sim,0.45296368653833335,0.05507826694144824
3512902,Óbitos em estadas e rodovias,8968,Sim,0.49195024885757893,0.0511745325642286
3513009,Óbitos em estadas e rodovias,287004,Sim,0.011226887560210369,0.17313268572758755
3513108,Óbitos em estadas e rodovias,34252,Sim,0.7116939793612633,-0.027542067250193418
3513207,Óbitos em estadas e rodovias,9543,Sim,0.8100058971389441,0.018103561096070447
3513306,Óbitos em estadas e rodovias,2129,Não,0.23302620839151553,-0.08994326276277816
3513405,Óbitos em estadas e rodovias,76513,Sim,0.7102807077748136,-0.026936255020914603
3513504,Óbitos em estadas e rodovias,115082,Sim,0.6035661482084993,0.03508353268975408
3513603,Óbitos em estadas e rodovias,22456,Sim,0.6863365008735176,0.029693153973306116
3513702,Óbitos em estadas e rodovias,32622,Não,0.845008750726657,-0.014653023484440262
3513801,Óbitos em estadas e rodovias,404118,Sim,0.4873379047893414,0.04838140073652924
3513850,Óbitos em estadas e rodovias,1641,Não,NA,NA
3513900,Óbitos em estadas e rodovias,11314,Não,0.24790468528138046,0.08517848087174489
3514007,Óbitos em estadas e rodovias,8958,Sim,0.3591989051094808,-0.06881775515379744
3514106,Óbitos em estadas e rodovias,24855,Sim,0.08822939506204891,0.12601334373310913
3514205,Óbitos em estadas e rodovias,2250,Não,0.6292953413654911,-0.037035461137614537
3514304,Óbitos em estadas e rodovias,8186,Sim,0.5504351437882096,-0.04468740508071042
3514403,Óbitos em estadas e rodovias,46664,Sim,0.2526741742671511,0.0840037744389475
3514502,Óbitos em estadas e rodovias,12529,Não,0.2792770878864966,-0.08043000320687009
3514601,Óbitos em estadas e rodovias,9719,Não,0.6156362388898811,0.03771699175810361
3514700,Óbitos em estadas e rodovias,6295,Não,0.44085522012194767,0.05722024833613947
3514809,Óbitos em estadas e rodovias,13162,Sim,0.25336297071149994,0.08465731538649751
3514908,Óbitos em estadas e rodovias,18103,Não,0.22237069320487832,0.09092812371794302
3514924,Óbitos em estadas e rodovias,3189,Não,NA,NA
3514957,Óbitos em estadas e rodovias,2353,Não,NA,NA
3515004,Óbitos em estadas e rodovias,259323,Sim,0.005019551859990469,0.19766126445626425
3515103,Óbitos em estadas e rodovias,68805,Sim,0.2715986099640949,0.07976898696720917
3515129,Óbitos em estadas e rodovias,3062,Não,NA,NA
3515152,Óbitos em estadas e rodovias,20139,Sim,0.5284745135610558,-0.04661645217501203
3515186,Óbitos em estadas e rodovias,40681,Sim,0.04900398641551626,0.14444232165627313
3515194,Óbitos em estadas e rodovias,4217,Sim,0.6970908829407392,0.029003138025831775
3515202,Óbitos em estadas e rodovias,9655,Não,0.758261799506715,0.023300179027642372
3515301,Óbitos em estadas e rodovias,2749,Não,0.2641154968565776,0.08295995651716562
3515350,Óbitos em estadas e rodovias,7928,Não,0.7405568691975228,0.02486484338346484
3515400,Óbitos em estadas e rodovias,16984,Não,0.08813820862601172,-0.12651918585593688
3515509,Óbitos em estadas e rodovias,73286,Sim,0.8564660632588665,0.013207933171759079
3515608,Óbitos em estadas e rodovias,6066,Não,0.3083848190330221,0.07628307775454685
3515657,Óbitos em estadas e rodovias,1689,Não,NA,NA
3515707,Óbitos em estadas e rodovias,185622,Sim,NA,NA
3515806,Óbitos em estadas e rodovias,1492,Não,0.06653617474689585,-0.1369935235445271
3515905,Óbitos em estadas e rodovias,2756,Não,0.7429684982025109,-0.024638340985200603
3516002,Óbitos em estadas e rodovias,13171,Não,0.9743811272521379,0.0026825633383010432
3516101,Óbitos em estadas e rodovias,3987,Sim,0.8777027162780547,0.011869902523515927
3516200,Óbitos em estadas e rodovias,364331,Sim,0.9737801518105992,-0.0024374327889079275
3516309,Óbitos em estadas e rodovias,171107,Sim,NA,NA
3516408,Óbitos em estadas e rodovias,149786,Sim,0.46353554073367736,-0.050444363412342604
3516507,Óbitos em estadas e rodovias,2811,Não,NA,NA
3516606,Óbitos em estadas e rodovias,6435,Não,0.3138718250532928,0.07484233529506125
3516705,Óbitos em estadas e rodovias,43115,Sim,0.7355135191465826,0.025056615349920295
3516804,Óbitos em estadas e rodovias,3235,Não,0.23424518452788726,-0.08922382501148217
3516853,Óbitos em estadas e rodovias,4797,Sim,0.6292953413654911,0.037035461137614537
3516903,Óbitos em estadas e rodovias,10449,Não,0.3633127082986606,0.06688159581734067
3517000,Óbitos em estadas e rodovias,10355,Não,0.38099037691993515,-0.06573231847203767
3517109,Óbitos em estadas e rodovias,4173,Sim,0.6714780644320313,-0.032145682314850696
3517208,Óbitos em estadas e rodovias,11459,Não,0.2451305732774802,0.08710499078907229
3517307,Óbitos em estadas e rodovias,5606,Não,0.8169756530534494,0.017865134376004448
3517406,Óbitos em estadas e rodovias,40424,Sim,0.3210753683016126,0.07331238380876164
3517505,Óbitos em estadas e rodovias,22316,Sim,0.3380816099255011,0.07118891438204922
3517604,Óbitos em estadas e rodovias,17256,Sim,0.09469073870383846,0.12386873336078431
3517703,Óbitos em estadas e rodovias,18790,Sim,0.4917385781985569,0.05151869975715835
3517802,Óbitos em estadas e rodovias,7486,Sim,0.37775359555339627,-0.06618034648846048
3517901,Óbitos em estadas e rodovias,10542,Não,0.7038098737363625,0.02887307446902589
3518008,Óbitos em estadas e rodovias,1999,Não,0.7546528410307146,0.024042894723901316
3518107,Óbitos em estadas e rodovias,6531,Não,0.20693907504440356,0.09340438036089993
3518206,Óbitos em estadas e rodovias,31872,Sim,0.894432336052143,0.01016108823947155
3518305,Óbitos em estadas e rodovias,32436,Sim,0.15109148696298885,0.10417145549041194
3518404,Óbitos em estadas e rodovias,121710,Sim,0.6903321110269256,0.029349014566555864
3518503,Óbitos em estadas e rodovias,15268,Sim,0.2670738738642342,0.08240401134937167
3518602,Óbitos em estadas e rodovias,38609,Sim,0.6500605436306561,-0.03381814988718327
3518701,Óbitos em estadas e rodovias,294973,Sim,0.5712074346565905,0.041164196334089735
3518800,Óbitos em estadas e rodovias,1345364,Sim,1.3556452344881579e-7,0.341101323329573
3518859,Óbitos em estadas e rodovias,7462,Não,0.9035286743067045,0.009271417691620567
3518909,Óbitos em estadas e rodovias,4276,Não,0.02781508455935006,-0.16367062269229743
3519006,Óbitos em estadas e rodovias,9302,Não,0.5703459539672642,-0.042095996656654276
3519055,Óbitos em estadas e rodovias,15596,Sim,0.2185268163285394,0.09176615657116798
3519071,Óbitos em estadas e rodovias,247331,Sim,0.8457286552053319,-0.013948157322813287
3519105,Óbitos em estadas e rodovias,10633,Não,0.05664032397091199,0.14014505064590901
3519204,Óbitos em estadas e rodovias,6207,Não,1,4.396260193894787e-4
3519253,Óbitos em estadas e rodovias,8257,Não,3.0638386716941014e-4,-0.26838725746652514
3519303,Óbitos em estadas e rodovias,33110,Sim,0.8588331389760478,0.013238462821049036
3519402,Óbitos em estadas e rodovias,11934,Não,0.41336563530494075,-0.06051054461027838
3519501,Óbitos em estadas e rodovias,6461,Não,0.2530517406750056,0.08572181950626852
3519600,Óbitos em estadas e rodovias,61908,Sim,0.0019050256546309981,0.22441998897227497
3519709,Óbitos em estadas e rodovias,77651,Sim,0.026856515828709702,-0.15483595568533282
3519808,Óbitos em estadas e rodovias,7969,Sim,0.028764505337180533,0.15929141362776636
3519907,Óbitos em estadas e rodovias,7739,Sim,0.8957336588174393,-0.010518766441706826
3520004,Óbitos em estadas e rodovias,23430,Sim,0.6175296911973084,0.03744705679197844
3520103,Óbitos em estadas e rodovias,26755,Sim,0.6423004580257519,-0.03472130527599045
3520202,Óbitos em estadas e rodovias,10904,Sim,0.9057093796017968,0.00875125987764831
3520301,Óbitos em estadas e rodovias,29881,Sim,0.9353218991709797,-0.006055203663989868
3520400,Óbitos em estadas e rodovias,36329,Sim,0.6701599895852286,0.03280283700760145
3520426,Óbitos em estadas e rodovias,13955,Sim,NA,NA
3520442,Óbitos em estadas e rodovias,26240,Sim,0.5813013551654322,-0.04071015866478777
3520509,Óbitos em estadas e rodovias,267796,Sim,0.11641756309127534,-0.1102302575751805
3520608,Óbitos em estadas e rodovias,5191,Não,0.8472063868358555,-0.014605067064083458
3520707,Óbitos em estadas e rodovias,4109,Não,NA,NA
3520806,Óbitos em estadas e rodovias,3671,Sim,0.3133054830978535,-0.07556145020617414
3520905,Óbitos em estadas e rodovias,13933,Sim,0.08078292234694523,0.13040007178168497
3521002,Óbitos em estadas e rodovias,37999,Sim,0.7547764265871044,-0.024337588747575266
3521101,Óbitos em estadas e rodovias,6999,Não,0.5744356384842838,-0.04172692230004385
3521150,Óbitos em estadas e rodovias,7037,Sim,0.5317951919563877,0.04662575279918717
3521200,Óbitos em estadas e rodovias,4091,Não,0.3487366601388051,-0.07089645417771925
3521309,Óbitos em estadas e rodovias,14691,Sim,0.1034299368051755,0.12079720779735574
3521408,Óbitos em estadas e rodovias,22435,Sim,0.2590702532318123,0.08465029676244017
3521507,Óbitos em estadas e rodovias,6946,Não,0.9026139065106076,0.00942054214140023
3521606,Óbitos em estadas e rodovias,7145,Não,0.7273314529069198,-0.02646836736684517
3521705,Óbitos em estadas e rodovias,18258,Sim,0.0018068479950986566,-0.22965059398910648
3521804,Óbitos em estadas e rodovias,25930,Sim,0.3755316911600196,-0.06498700389870046
3521903,Óbitos em estadas e rodovias,17420,Não,0.3041280472486299,-0.07609734234500416
3522000,Óbitos em estadas e rodovias,3702,Não,0.04484412667610704,0.15026809202438324
3522109,Óbitos em estadas e rodovias,117435,Sim,0.02046521678369321,0.15832398587562144
3522158,Óbitos em estadas e rodovias,3490,Não,NA,NA
3522208,Óbitos em estadas e rodovias,163928,Sim,0.004174853304204277,0.19995709335284095
3522307,Óbitos em estadas e rodovias,163774,Sim,0.392655857910598,0.05799700650858232
3522406,Óbitos em estadas e rodovias,92324,Sim,0.39617412699449733,-0.05994885119371658
3522505,Óbitos em estadas e rodovias,241924,Sim,1,1.6998174408261395e-4
3522604,Óbitos em estadas e rodovias,73919,Sim,0.4006901785888224,-0.059535429113268576
3522653,Óbitos em estadas e rodovias,4405,Não,NA,NA
3522703,Óbitos em estadas e rodovias,40464,Sim,0.9461592150024274,0.005175018503001499
3522802,Óbitos em estadas e rodovias,14260,Sim,0.6181654277290095,-0.037179635446495336
3522901,Óbitos em estadas e rodovias,13984,Não,0.23026797469205035,0.08951093323371331
3523008,Óbitos em estadas e rodovias,4014,Não,0.8361667293035272,-0.015742311378317518
3523107,Óbitos em estadas e rodovias,382521,Sim,0.2545096818413587,-0.07814012587147207
3523206,Óbitos em estadas e rodovias,45327,Sim,0.11563141715867857,-0.11632728203345566
3523305,Óbitos em estadas e rodovias,15762,Sim,0.011465365612364815,0.18366169039381045
3523404,Óbitos em estadas e rodovias,126403,Sim,0.19657596207494724,0.09059652791805627
3523503,Óbitos em estadas e rodovias,19427,Sim,0.9318114405295768,-0.006407756061996539
3523602,Óbitos em estadas e rodovias,16433,Sim,0.8291953615462327,0.015893370427858863
3523701,Óbitos em estadas e rodovias,5861,Não,0.23977069835649747,0.08706242012205691
3523800,Óbitos em estadas e rodovias,8210,Sim,0.8730124062394455,-0.012353664677845957
3523909,Óbitos em estadas e rodovias,174561,Sim,0.2852194399778276,-0.07098812775809425
3524006,Óbitos em estadas e rodovias,74119,Sim,0.1699378540992487,0.10105564198056471
3524105,Óbitos em estadas e rodovias,38451,Sim,0.3409487306923393,-0.07047540044440591
3524204,Óbitos em estadas e rodovias,6293,Sim,0.6714780644320313,0.032145682314850696
3524303,Óbitos em estadas e rodovias,73467,Sim,0.9501336301180963,-0.004620480047853592
3524402,Óbitos em estadas e rodovias,249968,Sim,0.0035230522682042653,0.19748935355809244
3524501,Óbitos em estadas e rodovias,7878,Não,0.1036523029437758,0.12107797526652415
3524600,Óbitos em estadas e rodovias,16254,Sim,0.03803145021927236,0.15152578221974158
3524709,Óbitos em estadas e rodovias,61801,Sim,0.04993652708318499,0.1412307447510494
3524808,Óbitos em estadas e rodovias,50017,Sim,0.37615521190573337,-0.06453307336339148
3524907,Óbitos em estadas e rodovias,6575,Não,0.0030698993888586333,0.22030316444279213
3525003,Óbitos em estadas e rodovias,121988,Sim,0.27566877622039093,0.0812792065257091
3525102,Óbitos em estadas e rodovias,46868,Sim,0.7304128467388762,-0.025171573598423102
3525201,Óbitos em estadas e rodovias,39531,Sim,0.25066117069270755,0.08340945891519512
3525300,Óbitos em estadas e rodovias,137323,Sim,0.7344873871756283,-0.02383916967784242
3525409,Óbitos em estadas e rodovias,3976,Não,0.6092711424152878,0.03915177320262108
3525508,Óbitos em estadas e rodovias,13095,Não,0.18283874951667467,0.09968980138718929
3525607,Óbitos em estadas e rodovias,4456,Não,0.6342021950001172,-0.03568064126599359
3525706,Óbitos em estadas e rodovias,37859,Sim,0.4204947408360271,0.058226312377539856
3525805,Óbitos em estadas e rodovias,4308,Não,0.1555200597114841,-0.1059929607395047
3525854,Óbitos em estadas e rodovias,3123,Não,0.08953304470196294,0.12590730379129764
3525904,Óbitos em estadas e rodovias,460313,Sim,0.2542246496568555,0.07414528838242915
3526001,Óbitos em estadas e rodovias,20878,Sim,0.04542615337713655,0.1484983702068039
3526100,Óbitos em estadas e rodovias,17255,Sim,0.27162143092596797,0.08073415008718521
3526209,Óbitos em estadas e rodovias,28007,Sim,0.0019844228563845067,0.2221338486159226
3526308,Óbitos em estadas e rodovias,5182,Não,0.26314525803743394,0.08415013153365461
3526407,Óbitos em estadas e rodovias,27009,Sim,0.033526777736146644,0.155374879971798
3526506,Óbitos em estadas e rodovias,9909,Não,0.0828316940788923,-0.12971347911738254
3526605,Óbitos em estadas e rodovias,7328,Não,0.67392071166876,0.031531560960625725
3526704,Óbitos em estadas e rodovias,101316,Sim,0.2817176954346886,-0.07910792614672976
3526803,Óbitos em estadas e rodovias,68395,Sim,0.3394004307024414,0.07039988954497896
3526902,Óbitos em estadas e rodovias,300728,Sim,0.9212313908466668,0.006867198191208801
3527009,Óbitos em estadas e rodovias,7147,Sim,0.08662588618546634,-0.12761084401926634
3527108,Óbitos em estadas e rodovias,76729,Sim,0.06730286629076757,-0.13442731244291575
3527207,Óbitos em estadas e rodovias,87370,Sim,0.20616491669553114,0.09085722459613566
3527256,Óbitos em estadas e rodovias,1968,Não,NA,NA
3527306,Óbitos em estadas e rodovias,54111,Sim,0.6261276869761727,0.03579329199132122
3527405,Óbitos em estadas e rodovias,20372,Sim,0.4088742105910554,-0.06118615705249279
3527504,Óbitos em estadas e rodovias,2419,Não,0.8298410811232699,0.016633056143176554
3527603,Óbitos em estadas e rodovias,12531,Sim,0.8182833045509763,0.01728755482853951
3527702,Óbitos em estadas e rodovias,4751,Não,NA,NA
3527801,Óbitos em estadas e rodovias,4017,Não,0.9736599075712625,-0.002861080057698599
3527900,Óbitos em estadas e rodovias,2699,Não,0.30309159590998663,0.07693455339315879
3528007,Óbitos em estadas e rodovias,17120,Não,0.9942476408638873,-8.000482176922564e-4
3528106,Óbitos em estadas e rodovias,7587,Não,0.9321137683011886,0.007407092227522907
3528205,Óbitos em estadas e rodovias,4048,Sim,0.17886892515977543,-0.10072313791986551
3528304,Óbitos em estadas e rodovias,3212,Não,0.07694803005061342,-0.13207895767745886
3528403,Óbitos em estadas e rodovias,51660,Sim,0.14616008571113542,-0.10636368327781977
3528502,Óbitos em estadas e rodovias,97399,Sim,0.008356373531719223,0.18517534907364458
3528601,Óbitos em estadas e rodovias,10092,Não,0.11251408011377033,0.11889554946789166
3528700,Óbitos em estadas e rodovias,4627,Não,0.0859109732901879,0.1284070281242397
3528809,Óbitos em estadas e rodovias,12826,Não,0.636846126964034,-0.03507538765626301
3528858,Óbitos em estadas e rodovias,3392,Não,NA,NA
3528908,Óbitos em estadas e rodovias,3539,Sim,0.20898185965175028,0.0942539848113338
3529005,Óbitos em estadas e rodovias,246627,Sim,0.05351238219490366,0.13183600051202551
3529104,Óbitos em estadas e rodovias,1870,Não,0.018029587048803072,0.17680125273167882
3529203,Óbitos em estadas e rodovias,25299,Sim,0.19992927972223073,0.09272672521537159
3529302,Óbitos em estadas e rodovias,80998,Sim,0.5327984218415374,-0.04506954336748219
3529401,Óbitos em estadas e rodovias,429380,Sim,0.2478266771457536,-0.08624112745348635
3529500,Óbitos em estadas e rodovias,6369,Não,0.7000933818412536,-0.028798986076100073
3529609,Óbitos em estadas e rodovias,4697,Não,0.6383688253153821,-0.03526567484293115
3529658,Óbitos em estadas e rodovias,1988,Não,NA,NA
3529708,Óbitos em estadas e rodovias,19655,Sim,0.6532695287038445,0.03344072496386493
3529807,Óbitos em estadas e rodovias,11349,Não,0.6610229032612595,0.0329093293230038
3529906,Óbitos em estadas e rodovias,18679,Sim,0.006244395059150931,0.19138896889507126
3530003,Óbitos em estadas e rodovias,3199,Não,0.12020080613266339,-0.11643139300223587
3530102,Óbitos em estadas e rodovias,28737,Sim,0.9339498771403871,-0.006425803289085182
3530201,Óbitos em estadas e rodovias,16069,Não,0.23924881418354038,0.08532533840043081
3530300,Óbitos em estadas e rodovias,65485,Sim,0.006494100036124999,0.1980919292457725
3530409,Óbitos em estadas e rodovias,4771,Sim,0.20898185965175028,-0.0942539848113338
3530508,Óbitos em estadas e rodovias,69324,Sim,0.09763171101193903,0.11977968198059538
3530607,Óbitos em estadas e rodovias,468120,Sim,0.7018064279856279,0.025631155701765176
3530706,Óbitos em estadas e rodovias,159735,Sim,0.6175445469807599,-0.03474042784488585
3530805,Óbitos em estadas e rodovias,95534,Sim,0.07395641482630251,0.12386633975940335
3530904,Óbitos em estadas e rodovias,3815,Não,NA,NA
3531001,Óbitos em estadas e rodovias,1954,Sim,0.7913954786798235,-0.02032929084166023
3531100,Óbitos em estadas e rodovias,64519,Sim,0.6734073550167892,-0.030748957075521454
3531209,Óbitos em estadas e rodovias,8873,Sim,0.3015484659620273,0.07748012992840131
3531308,Óbitos em estadas e rodovias,48725,Sim,0.025990328612473516,-0.163015177999825
3531407,Óbitos em estadas e rodovias,22650,Não,0.7997493921586366,0.018678785325156433
3531506,Óbitos em estadas e rodovias,18363,Sim,0.2905102395747207,-0.07852376535068276
3531605,Óbitos em estadas e rodovias,4301,Não,0.16551094133233926,0.10340760779967793
3531704,Óbitos em estadas e rodovias,4205,Não,0.8870375196600033,0.011068589989771616
3531803,Óbitos em estadas e rodovias,67296,Sim,0.32547372954483555,0.0705864759428273
3531902,Óbitos em estadas e rodovias,28561,Sim,0.08315421390744532,-0.12856596778395793
3532009,Óbitos em estadas e rodovias,14081,Sim,0.13503367936464275,-0.11177456183396384
3532058,Óbitos em estadas e rodovias,4079,Não,NA,NA
3532108,Óbitos em estadas e rodovias,3763,Não,0.6701599895852286,0.03280283700760145
3532157,Óbitos em estadas e rodovias,2699,Não,0.29911169141843474,0.07813940785267928
3532207,Óbitos em estadas e rodovias,5908,Não,0.8647180811901104,-0.013756028422542543
3532306,Óbitos em estadas e rodovias,7134,Sim,0.8792185199372581,0.01165876664255381
3532405,Óbitos em estadas e rodovias,18620,Sim,0.590478550412795,0.03923278628547973
3532504,Óbitos em estadas e rodovias,9921,Não,0.0727355964078757,0.1341294742007566
3532603,Óbitos em estadas e rodovias,9944,Não,0.6216264523801664,0.036781198799896775
3532702,Óbitos em estadas e rodovias,4860,Sim,0.21507680408400928,0.09276243074091296
3532801,Óbitos em estadas e rodovias,6858,Não,0.26471609985504324,0.083472731970387265
3532827,Óbitos em estadas e rodovias,8631,Sim,NA,NA
3532843,Óbitos em estadas e rodovias,2058,Sim,0.9919566835352016,0.0015026809202438323
3532868,Óbitos em estadas e rodovias,1074,Não,NA,NA
3532900,Óbitos em estadas e rodovias,9459,Não,0.8405019673661006,0.015487937607213956
3533007,Óbitos em estadas e rodovias,19725,Sim,0.4668741608208688,0.053000264645524084
3533106,Óbitos em estadas e rodovias,2188,Não,0.9919566835352016,0.0015026809202438323
3533205,Óbitos em estadas e rodovias,4795,Não,0.40848695130329665,-0.06221995075780859
3533254,Óbitos em estadas e rodovias,4469,Não,NA,NA
3533304,Óbitos em estadas e rodovias,2838,Sim,NA,NA
3533403,Óbitos em estadas e rodovias,64228,Sim,0.003974699536191724,-0.21084772316177894
3533502,Óbitos em estadas e rodovias,39435,Sim,0.44153842922458114,-0.05616683460970438
3533601,Óbitos em estadas e rodovias,7550,Não,0.0031084108491047672,0.220139226151279
3533700,Óbitos em estadas e rodovias,4412,Não,0.7300657801504615,0.025844065824918896
3533809,Óbitos em estadas e rodovias,2540,Não,NA,NA
3533908,Óbitos em estadas e rodovias,56701,Sim,0.5926382328866565,-0.038148786226674704
3534005,Óbitos em estadas e rodovias,4912,Não,0.021188973015475183,0.1703600372338762
3534104,Óbitos em estadas e rodovias,6180,Não,0.0595283510954884,-0.13893734584505485
3534203,Óbitos em estadas e rodovias,6145,Não,0.19791658337190507,0.09581454801300299
3534302,Óbitos em estadas e rodovias,39193,Sim,6.45794497782347e-4,0.24863957453731517
3534401,Óbitos em estadas e rodovias,756952,Sim,0.2689124469055289,-0.07576675376808377
3534500,Óbitos em estadas e rodovias,2504,Não,0.8461062246592993,0.015001318413596991
3534609,Óbitos em estadas e rodovias,32099,Sim,0.7423137218930829,0.02448365117864024
3534708,Óbitos em estadas e rodovias,106877,Sim,0.6945818619457123,0.028608823213566587
3534757,Óbitos em estadas e rodovias,10596,Não,0.28616705008715704,-0.0790170479655632
3534807,Óbitos em estadas e rodovias,7901,Não,0.10881882819853755,0.12012762770071955
3534906,Óbitos em estadas e rodovias,15217,Não,0.9648763337860562,0.0036922148661921957
3535002,Óbitos em estadas e rodovias,11689,Não,0.5768275908073226,-0.04144868703555963
3535101,Óbitos em estadas e rodovias,9709,Sim,0.5707492037298203,0.04227461385740623
3535200,Óbitos em estadas e rodovias,8994,Sim,0.03489612361866893,-0.15755990348365578
3535309,Óbitos em estadas e rodovias,19767,Não,0.9082737839058895,-0.008701211783075915
3535408,Óbitos em estadas e rodovias,15214,Sim,0.6420562148042889,0.035011249475040015
3535507,Óbitos em estadas e rodovias,42087,Sim,0.4604542265968246,0.053454159970983336
3535606,Óbitos em estadas e rodovias,17950,Sim,0.9559741652212078,0.0043272730734545874
3535705,Óbitos em estadas e rodovias,6211,Sim,0.33821787344196275,0.07212868417170396
3535804,Óbitos em estadas e rodovias,19799,Sim,0.08624379782959658,0.1252550414130742
3535903,Óbitos em estadas e rodovias,4111,Não,0.5895354407704203,-0.041268085267627624
3536000,Óbitos em estadas e rodovias,10729,Não,0.11045393866819321,0.11539513060645212
3536109,Óbitos em estadas e rodovias,7382,Não,0.4297091819373101,-0.05854793521164281
3536208,Óbitos em estadas e rodovias,19576,Sim,0.7577356236990794,0.02271783925565267
3536257,Óbitos em estadas e rodovias,3001,Sim,NA,NA
3536307,Óbitos em estadas e rodovias,14837,Sim,0.20186140829754912,-0.09423609774687594
3536406,Óbitos em estadas e rodovias,8200,Sim,0.4291595411484152,-0.059281416358646526
3536505,Óbitos em estadas e rodovias,115690,Sim,0.7917172942246924,0.01978988030435169
3536570,Óbitos em estadas e rodovias,2146,Não,0.4538506461316229,0.05630543603492518
3536604,Óbitos em estadas e rodovias,7430,Não,0.6613846714750511,0.032977654217509346
3536703,Óbitos em estadas e rodovias,46223,Sim,0.49650765468662206,-0.04902944074059102
3536802,Óbitos em estadas e rodovias,6718,Não,0.04547076466688169,0.14969750528858897
3536901,Óbitos em estadas e rodovias,2848,Sim,0.19149116416056666,0.09840851102280435
3537008,Óbitos em estadas e rodovias,15742,Sim,0.027044616635012102,0.1639403535034675
3537107,Óbitos em estadas e rodovias,44332,Sim,0.15238881197823714,0.10707423111957368
3537156,Óbitos em estadas e rodovias,2838,Não,0.936974335906366,-0.006429136462970139
3537206,Óbitos em estadas e rodovias,11539,Sim,0.19186974500248558,0.09760053217909333
3537305,Óbitos em estadas e rodovias,63317,Sim,0.783066763977508,-0.02019426200981726
3537404,Óbitos em estadas e rodovias,24389,Sim,0.38737199062251143,0.06333236929863739
3537503,Óbitos em estadas e rodovias,8969,Não,0.001576041091204951,-0.23295217496727746
3537602,Óbitos em estadas e rodovias,70543,Sim,0.0016248967465062555,0.22583447103943322
3537701,Óbitos em estadas e rodovias,5623,Não,0.32644536624276516,-0.07337974205042633
3537800,Óbitos em estadas e rodovias,54237,Sim,0.014571174502353288,0.17220636797270747
3537909,Óbitos em estadas e rodovias,28417,Sim,0.4613301071252987,0.053677827934242896
3538006,Óbitos em estadas e rodovias,172027,Sim,0.03147278109251632,0.14787084047791613
3538105,Óbitos em estadas e rodovias,14721,Não,0.13938952002238775,0.11002570245016807
3538204,Óbitos em estadas e rodovias,15605,Sim,0.5957725319801889,0.039146993228244276
3538303,Óbitos em estadas e rodovias,3296,Não,0.01036966770845146,0.19148180250661234
3538501,Óbitos em estadas e rodovias,12570,Sim,0.5750504612713294,-0.04219127830930699
3538600,Óbitos em estadas e rodovias,26764,Sim,0.7550090842406432,0.023048205719201256
3538709,Óbitos em estadas e rodovias,438827,Sim,0.14592657802135658,0.0968891958334651
3538808,Óbitos em estadas e rodovias,30261,Sim,0.09873772403295995,0.12047425679443985
3538907,Óbitos em estadas e rodovias,22743,Sim,0.32105983807527444,-0.07370413427321795
3539004,Óbitos em estadas e rodovias,11076,Não,0.38106561050888704,0.06496662166337804
3539103,Óbitos em estadas e rodovias,18836,Sim,0.010989464493989003,0.1899439425607763
3539202,Óbitos em estadas e rodovias,26065,Sim,0.7925045826433075,0.019479856911620408
3539301,Óbitos em estadas e rodovias,75475,Sim,0.8939679232978194,-0.00967564513338813
3539400,Óbitos em estadas e rodovias,15554,Não,0.5836656857759654,0.0405181222726237
3539509,Óbitos em estadas e rodovias,34416,Sim,0.09551822359509085,-0.12281433792584225
3539608,Óbitos em estadas e rodovias,4454,Não,0.2560364353464679,0.08571063863276507
3539707,Óbitos em estadas e rodovias,3061,Não,0.44699492974826127,0.057291637826497016
3539806,Óbitos em estadas e rodovias,106431,Sim,0.4259293489803143,-0.05951361618632233
3539905,Óbitos em estadas e rodovias,5696,Sim,0.5029646941629116,-0.049754924883660255
3540002,Óbitos em estadas e rodovias,20512,Não,0.5625307391309626,0.04277341408218717
3540101,Óbitos em estadas e rodovias,3443,Não,0.4364454143295729,-0.05797256702400142
3540200,Óbitos em estadas e rodovias,38376,Sim,0.0063416264582026784,0.20375700454133194
3540259,Óbitos em estadas e rodovias,4196,Sim,0.9057738387849622,-0.009232146407179053
3540309,Óbitos em estadas e rodovias,2415,Não,0.0886510281434024,0.12716439181039063
3540408,Óbitos em estadas e rodovias,4185,Não,0.6614065336444359,0.032971951454210904
3540507,Óbitos em estadas e rodovias,10773,Sim,0.35791989792246204,0.06686234992046826
3540606,Óbitos em estadas e rodovias,58345,Sim,0.5676062108624221,-0.040440415143140465
3540705,Óbitos em estadas e rodovias,53940,Sim,0.9697577057751964,-0.0029423927639230995
3540754,Óbitos em estadas e rodovias,20767,Sim,NA,NA
3540804,Óbitos em estadas e rodovias,18994,Sim,0.5895354407704203,-0.041268085267627624
3540853,Óbitos em estadas e rodovias,2599,Não,NA,NA
3540903,Óbitos em estadas e rodovias,17309,Sim,0.4686233626748019,0.05290444638989119
3541000,Óbitos em estadas e rodovias,365577,Sim,0.07052998529119045,0.12532488180523318
3541059,Óbitos em estadas e rodovias,5246,Não,0.19893454527550244,-0.09567787908502601
3541109,Óbitos em estadas e rodovias,3841,Não,0.18201522828242966,0.10052482308781088
3541208,Óbitos em estadas e rodovias,14772,Não,0.6145697101222783,-0.03788888641819399
3541307,Óbitos em estadas e rodovias,40383,Sim,0.7485600255310627,0.024189405288634235
3541406,Óbitos em estadas e rodovias,234083,Sim,0.5294243167209393,0.046144418934331854
3541505,Óbitos em estadas e rodovias,35902,NA,0.3459950583334159,0.07003605746897959
3541604,Óbitos em estadas e rodovias,35991,Sim,0.5124748505432567,0.04788111144086307
3541653,Óbitos em estadas e rodovias,3472,Não,0.06681905324849695,-0.13640491182078476
3541703,Óbitos em estadas e rodovias,13399,Sim,0.11251408011377033,0.11889554946789166
3541802,Óbitos em estadas e rodovias,3351,Não,NA,NA
3541901,Óbitos em estadas e rodovias,9146,Sim,0.5259165164150046,-0.047391952309985094
3542008,Óbitos em estadas e rodovias,7225,Não,0.35128761950831905,0.06893982061162222
3542107,Óbitos em estadas e rodovias,9133,Sim,0.6048673471377453,-0.03897337914313984
3542206,Óbitos em estadas e rodovias,29305,Sim,0.7627224036294975,-0.021992606060576916
3542305,Óbitos em estadas e rodovias,4611,Não,0.4159628883552715,0.06090998196342578
3542404,Óbitos em estadas e rodovias,20565,Não,0.049862309545486205,0.14531449934244103
3542503,Óbitos em estadas e rodovias,7808,Não,0.910396155803344,-0.008662374774603875
3542602,Óbitos em estadas e rodovias,61732,Sim,8.180358249519803e-5,0.27917711821493585
3542701,Óbitos em estadas e rodovias,6492,Não,0.7939114142749054,-0.01974559759380228
3542800,Óbitos em estadas e rodovias,3166,Não,0.022007342829004503,0.1696856299803082
3542909,Óbitos em estadas e rodovias,11079,Não,0.4849346490524336,0.05231549630734797
3543006,Óbitos em estadas e rodovias,18930,Sim,0.44755566199852487,-0.05672956863631125
3543105,Óbitos em estadas e rodovias,4706,Não,0.7120248789907961,0.028570212877588357
3543204,Óbitos em estadas e rodovias,4768,Não,0.8041768267196345,0.019043942734889418
3543238,Óbitos em estadas e rodovias,2045,Não,NA,NA
3543253,Óbitos em estadas e rodovias,7570,Sim,0.8041593519334369,-0.019097212608832338
3543303,Óbitos em estadas e rodovias,118877,Sim,0.12875284697548908,-0.10538628338095704
3543402,Óbitos em estadas e rodovias,728400,Sim,0.2676729226869231,0.07368957870871941
3543501,Óbitos em estadas e rodovias,5647,Sim,0.8424453192562011,-0.015872340487549087
3543600,Óbitos em estadas e rodovias,4158,Sim,0.6045471430891478,0.0385342614684699
3543709,Óbitos em estadas e rodovias,9145,Não,0.5903074834467599,0.04023796823750023
3543808,Óbitos em estadas e rodovias,9357,Sim,0.8046536662626187,0.018781364693337133
3543907,Óbitos em estadas e rodovias,208857,Sim,0.2533124904901495,0.08139402744452034
3544004,Óbitos em estadas e rodovias,32267,Sim,0.8870685305587156,-0.010651839915643568
3544103,Óbitos em estadas e rodovias,45317,Sim,0.741200408583403,0.025025011870858215
3544202,Óbitos em estadas e rodovias,10453,Não,0.02233881738176511,0.17013526950372826
3544251,Óbitos em estadas e rodovias,17533,Sim,0.5698440705307302,-0.04220897654792854
3544301,Óbitos em estadas e rodovias,11095,Não,0.7083889811532507,0.02806019645119904
3544400,Óbitos em estadas e rodovias,2741,Não,NA,NA
3544509,Óbitos em estadas e rodovias,3965,Não,0.12829273327921914,-0.11396723653658009
3544608,Óbitos em estadas e rodovias,5185,Não,0.36353630832338846,-0.06878014211271272
3544707,Óbitos em estadas e rodovias,2519,Não,0.30667287853713887,0.07724539037273889
3544806,Óbitos em estadas e rodovias,6612,Não,0.9198475769238165,0.008011002210627909
3544905,Óbitos em estadas e rodovias,11654,Não,0.8100699069418136,-0.018040983787856346
3545001,Óbitos em estadas e rodovias,15396,Sim,0.48255397649238047,0.05155968903913457
3545100,Óbitos em estadas e rodovias,4883,Não,0.6092711424152878,-0.03915177320262108
3545159,Óbitos em estadas e rodovias,8371,Sim,0.18680012711005026,0.09882931742276765
3545209,Óbitos em estadas e rodovias,140125,Sim,0.25848625003888553,0.08022148953300788
3545308,Óbitos em estadas e rodovias,45138,Sim,0.11917584908646765,-0.11140871370784454
3545407,Óbitos em estadas e rodovias,9212,Não,0.08721085299758595,-0.12775205892113334
3545506,Óbitos em estadas e rodovias,3699,Não,NA,NA
3545605,Óbitos em estadas e rodovias,14203,Não,0.3921731507226763,0.06335153325146957
3545704,Óbitos em estadas e rodovias,6543,Não,0.6420562148042889,-0.035011249475040015
3545803,Óbitos em estadas e rodovias,189338,Sim,0.22398743236347146,0.08622248669970375
3546009,Óbitos em estadas e rodovias,14212,Sim,0.4375980998380275,0.0582132827305628
3546108,Óbitos em estadas e rodovias,2677,Sim,0.14757323088385482,0.10899007134783706
3546207,Óbitos em estadas e rodovias,4365,Sim,0.37063954164353236,-0.06633390974224891
3546256,Óbitos em estadas e rodovias,2162,Não,0.30391091655402147,0.07671193187482962
3546306,Óbitos em estadas e rodovias,29525,Sim,0.6881701430780787,0.02990036125314203
3546405,Óbitos em estadas e rodovias,47677,Sim,0.2742622002002207,0.07869884642723728
3546504,Óbitos em estadas e rodovias,6256,Não,0.11630755712661005,0.11766347123506377
3546603,Óbitos em estadas e rodovias,36098,Sim,0.12307169733039347,0.11398880536513764
3546702,Óbitos em estadas e rodovias,24107,Sim,0.7390254152403872,0.02465108540956827
3546801,Óbitos em estadas e rodovias,54586,Sim,0.02946369918747936,0.15646531162534696
3546900,Óbitos em estadas e rodovias,7181,Não,0.23904731109863797,0.08755275752373323
3547007,Óbitos em estadas e rodovias,5314,Não,0.20378841009174367,0.09500634959530488
3547106,Óbitos em estadas e rodovias,3012,Não,0.015767313197103276,-0.17904244438320518
3547205,Óbitos em estadas e rodovias,1698,Não,0.42491616973744845,0.060005273654387965
3547304,Óbitos em estadas e rodovias,162341,Sim,0.1947977268858597,0.09401217771780992
3547403,Óbitos em estadas e rodovias,2790,Não,0.3376551403188399,-0.07207657662043172
3547502,Óbitos em estadas e rodovias,25060,Sim,0.4812003993377553,0.05117022146806995
3547601,Óbitos em estadas e rodovias,23725,Sim,0.03577633818488695,0.15708997468555633
3547650,Óbitos em estadas e rodovias,1686,Não,0.9604462851213468,-0.004312273814897625
3547700,Óbitos em estadas e rodovias,18045,Sim,0.34376255824421187,-0.07097257465013887
3547809,Óbitos em estadas e rodovias,778711,Sim,0.40406678351574443,0.06201973979915453
3547908,Óbitos em estadas e rodovias,6917,Não,0.9135611737810692,0.008424208216920933
3548005,Óbitos em estadas e rodovias,23779,Sim,0.733934799399755,0.025034614629768023
3548054,Óbitos em estadas e rodovias,8568,Não,0.16717432629685716,0.10188837661699893
3548104,Óbitos em estadas e rodovias,6237,Sim,0.3410442538090125,-0.07002088224279936
3548203,Óbitos em estadas e rodovias,7294,Sim,0.038235913004520485,0.1537657805079577
3548302,Óbitos em estadas e rodovias,3063,Não,0.29554605537318085,-0.0784426160144684
3548401,Óbitos em estadas e rodovias,3933,Não,0.019277952343112272,-0.17414699226560848
3548500,Óbitos em estadas e rodovias,429567,Sim,0.010155817169006365,0.18224577742638656
3548609,Óbitos em estadas e rodovias,11948,Não,0.7537912518098406,0.02368916907388516
3548708,Óbitos em estadas e rodovias,840499,Sim,0.157855784874205,0.09241672774224673
3548807,Óbitos em estadas e rodovias,172109,Sim,NA,NA
3548906,Óbitos em estadas e rodovias,265294,Sim,0.7115052615845907,-0.025238439322967755
3549003,Óbitos em estadas e rodovias,2629,Não,NA,NA
3549102,Óbitos em estadas e rodovias,95762,Sim,0.9812784717003744,-0.0018857317333546859
3549201,Óbitos em estadas e rodovias,2622,Não,NA,NA
3549250,Óbitos em estadas e rodovias,1880,Não,NA,NA
3549300,Óbitos em estadas e rodovias,2288,Não,0.5700997559707528,-0.04338439733263417
3549409,Óbitos em estadas e rodovias,49815,Sim,0.0415488828211558,-0.14769605321898788
3549508,Óbitos em estadas e rodovias,7690,Não,0.027293519730199407,0.16485864564151484
3549607,Óbitos em estadas e rodovias,3898,Não,0.26811499823190443,-0.08359432656775853
3549706,Óbitos em estadas e rodovias,53416,Sim,0.536766030605951,-0.04523235424940247
3549805,Óbitos em estadas e rodovias,501597,Sim,0.06870772566294009,0.1265521425934719
3549904,Óbitos em estadas e rodovias,724756,Sim,0.38656611703744814,-0.05757667452645025
3549953,Óbitos em estadas e rodovias,16458,Sim,0.0022681063842402466,0.22270116537480533
3550001,Óbitos em estadas e rodovias,10497,Sim,0.015098302636320761,0.18000246253574018
3550100,Óbitos em estadas e rodovias,38166,Sim,0.7161608164661611,0.025933479030113036
3550209,Óbitos em estadas e rodovias,32904,Sim,0.524366597566684,0.04679120628086272
3550308,Óbitos em estadas e rodovias,11895578,Sim,0.010139172188058087,0.16426270539014973
3550407,Óbitos em estadas e rodovias,39725,Sim,0.3910573574906195,-0.0628104430212466
3550506,Óbitos em estadas e rodovias,7333,Não,0.6316820674228687,0.03624492326962825
3550605,Óbitos em estadas e rodovias,81342,Sim,0.5553608747223084,0.041243447451229785
3550704,Óbitos em estadas e rodovias,84019,Sim,0.14379173649689717,0.10198878274571543
3550803,Óbitos em estadas e rodovias,10484,Não,0.27840339315771456,0.08067937184600389
3550902,Óbitos em estadas e rodovias,13590,Sim,0.20254551125586248,0.09354017370101556
3551009,Óbitos em estadas e rodovias,338407,Sim,0.24825285428062074,0.08058819446632653
3551108,Óbitos em estadas e rodovias,10632,Sim,0.8202979028298376,-0.01798865255255563
3551207,Óbitos em estadas e rodovias,3769,Não,0.7091898825247058,-0.028236947835076475
3551306,Óbitos em estadas e rodovias,3187,Sim,NA,NA
3551405,Óbitos em estadas e rodovias,13058,Não,0.3323356701212809,0.0717591775422262
3551504,Óbitos em estadas e rodovias,45408,Sim,0.23484303253236122,0.08753980618734844
3551603,Óbitos em estadas e rodovias,30920,Sim,0.3486662038779785,0.06937132225349794
3551702,Óbitos em estadas e rodovias,131600,Sim,0.8413345138650281,-0.014444237305981805
3551801,Óbitos em estadas e rodovias,12912,Sim,0.586016848462529,0.04024244283472047
3551900,Óbitos em estadas e rodovias,14724,Sim,1,-3.317518633702412e-4
3552007,Óbitos em estadas e rodovias,6313,Sim,0.1392435523262642,0.11019617964822263
3552106,Óbitos em estadas e rodovias,41405,Sim,0.03420403735252459,0.15343351638194883
3552205,Óbitos em estadas e rodovias,757459,Sim,0.5688114135873863,-0.037813555601510444
3552304,Óbitos em estadas e rodovias,7466,Sim,0.7831989021892017,-0.020720702819554033
3552403,Óbitos em estadas e rodovias,289787,Sim,9.199010147158891e-4,0.22768028905887985
3552502,Óbitos em estadas e rodovias,318765,Sim,0.9497181596914553,0.004698901826337301
3552551,Óbitos em estadas e rodovias,3464,Sim,0.8798064377518815,0.012021447361950658
3552601,Óbitos em estadas e rodovias,11499,Sim,NA,NA
3552700,Óbitos em estadas e rodovias,14994,Não,0.7175324468607077,-0.027104750075421007
3552809,Óbitos em estadas e rodovias,284274,Sim,0.0010337793634284617,0.23981499657052172
3552908,Óbitos em estadas e rodovias,6399,Sim,0.8284640812867645,-0.01632932200191241
3553005,Óbitos em estadas e rodovias,13006,Sim,0.5619289249548536,-0.043060865017306084
3553104,Óbitos em estadas e rodovias,5751,Não,NA,NA
3553203,Óbitos em estadas e rodovias,6733,Não,0.3426610682223109,0.07080163052291925
3553302,Óbitos em estadas e rodovias,21682,Sim,0.7760819047271741,-0.02158405331966198
3553401,Óbitos em estadas e rodovias,26021,Sim,0.38056841645279904,0.06445107274957522
3553500,Óbitos em estadas e rodovias,8122,Não,0.6290176644659721,-0.03616004697319464
3553609,Óbitos em estadas e rodovias,11936,Não,0.8640085904230976,-0.012930062394364887
3553658,Óbitos em estadas e rodovias,2652,Não,0.37618722999792226,0.06628841605337737
3553708,Óbitos em estadas e rodovias,53322,Sim,0.39474745849106757,-0.06121645643258837
3553807,Óbitos em estadas e rodovias,24863,Sim,0.24011325102242997,-0.08572676181187419
3553856,Óbitos em estadas e rodovias,7112,Sim,0.8630050092543747,-0.012949014493058896
3553906,Óbitos em estadas e rodovias,6635,Não,0.19160541429841987,-0.09767699660798121
3553955,Óbitos em estadas e rodovias,15248,Sim,0.30733382450541946,0.0747524410357824
3554003,Óbitos em estadas e rodovias,128560,Sim,0.9943168195623787,-6.596301942785713e-4
3554102,Óbitos em estadas e rodovias,321298,Sim,0.5850463846243046,0.03774759184301995
3554201,Óbitos em estadas e rodovias,4142,Não,0.3632365851685336,0.06838034192194806
3554300,Óbitos em estadas e rodovias,22559,Sim,0.5409493573692836,-0.04552389438182071
3554409,Óbitos em estadas e rodovias,7985,Sim,0.5931398250485791,-0.04057238484658347
3554508,Óbitos em estadas e rodovias,38690,Sim,0.1133589575402787,0.11280059700211828
3554607,Óbitos em estadas e rodovias,2490,Não,0.020647667580102752,-0.17310699171231894
3554656,Óbitos em estadas e rodovias,2063,Não,NA,NA
3554706,Óbitos em estadas e rodovias,9484,Sim,0.5195303484333724,0.04785346278619553
3554755,Óbitos em estadas e rodovias,1719,Não,0.3942935302964174,0.06454751798269961
3554805,Óbitos em estadas e rodovias,53083,Sim,0.9324487489139137,-0.00645416976462778
3554904,Óbitos em estadas e rodovias,7013,Não,0.2346803861578305,-0.0885777475198544
3554953,Óbitos em estadas e rodovias,6947,Não,0.3608583653695136,-0.06851109807267741
3555000,Óbitos em estadas e rodovias,65416,Sim,0.12312268898758555,0.11349586606760313
3555109,Óbitos em estadas e rodovias,16206,Sim,0.9219336767649757,0.007651667097285499
3555208,Óbitos em estadas e rodovias,1839,Não,0.049179554228122015,-0.14682265527866356
3555307,Óbitos em estadas e rodovias,1672,Não,0.8817374083653815,0.011672093934287062
3555356,Óbitos em estadas e rodovias,5456,Não,0.12185849110610522,0.11524967964133172
3555406,Óbitos em estadas e rodovias,96598,Sim,0.02851675584934925,0.15089259292392806
3555505,Óbitos em estadas e rodovias,5265,Não,0.5509749525416405,0.04550070939764072
3555604,Óbitos em estadas e rodovias,10627,Não,0.734722696560681,-0.025334860226921455
3555703,Óbitos em estadas e rodovias,1628,Sim,NA,NA
3555802,Óbitos em estadas e rodovias,8973,Não,0.7342032926004008,-0.02554489347950857
3555901,Óbitos em estadas e rodovias,1419,Não,NA,NA
3556008,Óbitos em estadas e rodovias,14038,Sim,1,-3.178542395293702e-4
3556107,Óbitos em estadas e rodovias,14531,Não,0.5949717149047119,0.03969721188321915
3556206,Óbitos em estadas e rodovias,131277,Sim,3.8708798944813783e-4,0.2518411357357789
3556305,Óbitos em estadas e rodovias,24723,Sim,0.6677995113614302,-0.03220999699160526
3556354,Óbitos em estadas e rodovias,10805,Sim,0.031657113452347486,0.15928417754584623
3556404,Óbitos em estadas e rodovias,41226,Sim,0.9157475672595006,0.007981905428756646
3556453,Óbitos em estadas e rodovias,52103,Sim,0.21357327090899983,-0.0926022258773949
3556503,Óbitos em estadas e rodovias,119576,Sim,0.5086138665459119,0.04927118558211977
3556602,Óbitos em estadas e rodovias,10294,Não,0.03232478983760521,0.15934290785370173
3556701,Óbitos em estadas e rodovias,79235,Sim,0.3919772340695416,-0.06272870289047389
3556800,Óbitos em estadas e rodovias,17681,Sim,0.10376040324604055,0.12134035776965924
3556909,Óbitos em estadas e rodovias,8327,Sim,0.09434054340829624,-0.12466134537115324
3556958,Óbitos em estadas e rodovias,1826,Sim,0.18566434289135836,0.09867741522506347
3557006,Óbitos em estadas e rodovias,132849,Sim,0.11707617854849878,0.11444654256438662
3557105,Óbitos em estadas e rodovias,100159,Sim,0.8703222343268247,-0.0118259184996032
3557154,Óbitos em estadas e rodovias,2761,Não,0.18201522828242966,-0.10052482308781088
3557204,Óbitos em estadas e rodovias,12411,Não,0.4747559499387904,0.05344385775165855
3557303,Óbitos em estadas e rodovias,11566,Sim,NA,NA
3500105,Óbitos - pedestres,35642,Sim,0.7664500513387567,-0.022618423022576783
3500204,Óbitos - pedestres,4478,Sim,0.6356384480267425,-0.03606434208585198
3500303,Óbitos - pedestres,32888,Não,0.05437184431845622,-0.14340224100050636
3500402,Óbitos - pedestres,7470,Sim,0.2546406180788838,0.08565281245389844
3500501,Óbitos - pedestres,18245,Sim,0.9027373311550755,0.009643704694455208
3500550,Óbitos - pedestres,7407,Não,0.7357959258357927,-0.025589733975538053
3500600,Óbitos - pedestres,2829,Sim,0.11180486307236102,-0.11957163167286979
3500709,Óbitos - pedestres,38879,Sim,0.8066255409686901,0.018541746566901947
3500758,Óbitos - pedestres,6330,Não,0.48748799218860245,0.05236332489518544
3500808,Óbitos - pedestres,4556,Não,NA,NA
3500907,Óbitos - pedestres,3479,Não,NA,NA
3501004,Óbitos - pedestres,17156,Sim,0.23395001420661046,0.08932567188002223
3501103,Óbitos - pedestres,3883,Não,NA,NA
3501152,Óbitos - pedestres,17591,Sim,0.2609619052189997,0.08439735894871066
3501202,Óbitos - pedestres,3978,Não,NA,NA
3501301,Óbitos - pedestres,28250,Não,0.1742661683511528,-0.10179466066369386
3501400,Óbitos - pedestres,4896,Não,0.5792685111152813,0.042075065766827305
3501509,Óbitos - pedestres,2923,Não,NA,NA
3501608,Óbitos - pedestres,246655,Sim,0.8160585346088979,-0.0167894060900203
3501707,Óbitos - pedestres,33757,Sim,0.8913618998071016,0.010715227438283565
3501806,Óbitos - pedestres,5975,Sim,NA,NA
3501905,Óbitos - pedestres,69717,Sim,0.19210642207725007,-0.09677889896994117
3502002,Óbitos - pedestres,4684,Não,NA,NA
3502101,Óbitos - pedestres,61473,Sim,0.06867259775817605,0.1357285424854291
3502200,Óbitos - pedestres,24512,Sim,0.28263041047963366,-0.08047601607324238
3502309,Óbitos - pedestres,5766,Não,0.4432770342080009,-0.05819858178767998
3502408,Óbitos - pedestres,4108,Não,NA,NA
3502507,Óbitos - pedestres,33223,Sim,0.9183422252597755,0.007727161060313578
3502606,Óbitos - pedestres,4124,Não,NA,NA
3502705,Óbitos - pedestres,24886,Sim,0.380946998802512,0.06591618545629227
3502754,Óbitos - pedestres,22168,Sim,0.16333049268217906,-0.1030909173381828
3502804,Óbitos - pedestres,207775,Sim,0.8299098704043038,0.015925145357326743
3502903,Óbitos - pedestres,33656,Sim,0.34178932822940217,0.0708736920674615
3503000,Óbitos - pedestres,5526,Não,0.35462166961693053,-0.06941824287233885
3503109,Óbitos - pedestres,7050,Sim,0.5385947734127231,-0.0465831085275588
3503158,Óbitos - pedestres,2355,Não,NA,NA
3503208,Óbitos - pedestres,252318,Sim,0.3790400102043455,-0.06321503427301622
3503307,Óbitos - pedestres,135331,Sim,0.6543430928162817,-0.033340312029912444
3503356,Óbitos - pedestres,2085,Não,NA,NA
3503406,Óbitos - pedestres,8280,Sim,0.3132614063357249,0.0757728113189154
3503505,Óbitos - pedestres,3625,Não,0.5700997559707528,-0.04338439733263417
3503604,Óbitos - pedestres,10257,Não,0.29562658162112604,-0.07817580362234962
3503703,Óbitos - pedestres,7653,Não,0.925545878749289,0.007500659206798496
3503802,Óbitos - pedestres,53157,Sim,0.7536627550379031,0.023489995116410194
3503901,Óbitos - pedestres,89943,Sim,0.2872551869828543,-0.07767352694533056
3503950,Óbitos - pedestres,1873,Sim,NA,NA
3504008,Óbitos - pedestres,104642,Sim,0.947903619238889,0.005075879666423381
3504107,Óbitos - pedestres,166043,Sim,0.12212280323149122,-0.10946198469257147
3504206,Óbitos - pedestres,13873,Não,0.6213290078822918,0.03756702300609581
3504305,Óbitos - pedestres,4519,Sim,0.1799953319991652,0.10067962165633676
3504404,Óbitos - pedestres,11438,Não,0.29343154857849174,-0.07936170243774543
3504503,Óbitos - pedestres,96098,Sim,0.6447128344952147,0.034022728615704774
3504602,Óbitos - pedestres,28909,Não,0.08801718080717687,0.12711369970632347
3504701,Óbitos - pedestres,3963,Não,NA,NA
3504800,Óbitos - pedestres,9854,Não,NA,NA
3504909,Óbitos - pedestres,10109,Sim,NA,NA
3505005,Óbitos - pedestres,3618,Não,0.1860034669877818,0.09918229774264538
3505104,Óbitos - pedestres,5659,Não,0.8424453192562011,0.015872340487549087
3505203,Óbitos - pedestres,32405,Sim,NA,NA
3505302,Óbitos - pedestres,35159,Sim,0.5317100285798424,-0.047147000728447686
3505351,Óbitos - pedestres,5256,Não,0.71611720197861,-0.02764443300225883
3505401,Óbitos - pedestres,6922,Sim,0.4805048997123233,0.052451129629158794
3505500,Óbitos - pedestres,126600,Sim,0.9445409247642303,-0.005287419869917928
3505609,Óbitos - pedestres,33181,Não,0.49939920971582413,-0.05038808635146425
3505708,Óbitos - pedestres,330339,Sim,0.08599115329010347,-0.12255959278442638
3505807,Óbitos - pedestres,21900,Sim,0.430841300020895,-0.05919289429312647
3505906,Óbitos - pedestres,59873,Sim,0.253124383910103,-0.08481385559239706
3506003,Óbitos - pedestres,391740,Sim,0.31659114788641723,0.06986866981540404
3506102,Óbitos - pedestres,78210,Sim,0.8437682503294125,0.01491396989733736
3506201,Óbitos - pedestres,2642,Não,0.1251915153918926,-0.1153390075428567
3506300,Óbitos - pedestres,11852,Sim,0.6092711424152878,-0.03915177320262108
3506359,Óbitos - pedestres,66873,Sim,0.0939831344002933,0.1237152966255988
3506409,Óbitos - pedestres,7455,Não,NA,NA
3506508,Óbitos - pedestres,122988,Sim,0.6359310385979611,-0.035078307368038665
3506607,Óbitos - pedestres,30526,Sim,0.40633889703978754,-0.06200810472439663
3506706,Óbitos - pedestres,13135,Sim,0.8557059192882591,0.014168899677520767
3506805,Óbitos - pedestres,11467,Sim,NA,NA
3506904,Óbitos - pedestres,10688,Não,0.44104513744611973,0.057630326876500354
3507001,Óbitos - pedestres,63415,Sim,0.4494921220639431,0.05665516260270474
3507100,Óbitos - pedestres,22501,Sim,0.9135197365653465,0.008479449518438636
3507159,Óbitos - pedestres,3610,Não,0.5792685111152813,0.042075065766827305
3507209,Óbitos - pedestres,928,Não,NA,NA
3507308,Óbitos - pedestres,4823,Não,0.6495958812836151,0.03491914907260799
3507407,Óbitos - pedestres,14415,Não,0.15469696164918245,-0.10627929599433025
3507456,Óbitos - pedestres,2787,Não,0.8041593519334369,-0.019097212608832338
3507506,Óbitos - pedestres,150442,Sim,0.18476552884495337,-0.09752002455083338
3507605,Óbitos - pedestres,184634,Sim,0.4563434775778256,-0.054398570309062796
3507704,Óbitos - pedestres,5466,Não,NA,NA
3507753,Óbitos - pedestres,2605,Não,NA,NA
3507803,Óbitos - pedestres,26167,Sim,0.31078526327073286,0.07607811481181331
3507902,Óbitos - pedestres,24423,Sim,0.5628648824719449,-0.043738777265390195
3508009,Óbitos - pedestres,20674,Sim,0.36353630832338846,-0.06878014211271272
3508108,Óbitos - pedestres,17597,Sim,0.08862198747854212,-0.1275200970976869
3508207,Óbitos - pedestres,4447,Sim,0.9437425256241154,-0.006010723680975329
3508306,Óbitos - pedestres,4362,Não,0.42657486437015874,0.060314893852686534
3508405,Óbitos - pedestres,48473,Sim,0.8322486271071571,-0.016050065885326793
3508504,Óbitos - pedestres,99678,Sim,0.7338126399111307,-0.024963246688113172
3508603,Óbitos - pedestres,32482,Sim,0.062410619448482904,-0.1391683224958747
3508702,Óbitos - pedestres,17266,Não,1,6.160391164139464e-4
3508801,Óbitos - pedestres,16905,Sim,0.21152242941072893,-0.09417588689279124
3508900,Óbitos - pedestres,3745,Sim,0.22254156184258828,-0.09166353613487377
3509007,Óbitos - pedestres,98257,Sim,0.07595179052803491,-0.13075863453868422
3509106,Óbitos - pedestres,5585,Não,0.22208796377578974,0.09205957482778471
3509205,Óbitos - pedestres,97363,Sim,0.9820991423336414,-0.0018774346578616936
3509254,Óbitos - pedestres,29257,Sim,0.03452068735934066,-0.15573137945159082
3509304,Óbitos - pedestres,9232,Sim,0.04172494899854496,-0.152205348548999
3509403,Óbitos - pedestres,24217,Sim,0.7037841691795331,0.02895383847145548
3509452,Óbitos - pedestres,6077,Sim,0.21152242941072893,0.09417588689279124
3509502,Óbitos - pedestres,1185977,Sim,0.011644151910346706,-0.1648336325965745
3509601,Óbitos - pedestres,79663,Sim,1,2.599472389243336e-4
3509700,Óbitos - pedestres,47983,Sim,0.8739786193628294,-0.012124489750580347
3509809,Óbitos - pedestres,4991,Não,0.23302620839151553,-0.08994326276277816
3509908,Óbitos - pedestres,12489,Sim,0.7091514207853601,-0.02855093748463281
3509957,Óbitos - pedestres,5049,Não,0.48558068109406194,-0.05245549169065679
3510005,Óbitos - pedestres,30172,Sim,0.4569349914971402,-0.05605955959366912
3510104,Óbitos - pedestres,2951,Não,0.1251915153918926,-0.1153390075428567
3510153,Óbitos - pedestres,6524,Não,0.5931398250485791,-0.04057238484658347
3510203,Óbitos - pedestres,47403,Sim,0.5649114428622035,-0.04283632319043214
3510302,Óbitos - pedestres,23597,Sim,0.801535026935503,-0.01900957370718677
3510401,Óbitos - pedestres,51318,Sim,0.2182663262403582,-0.0917018791240216
3510500,Óbitos - pedestres,141084,Sim,0.23190809089523598,0.08766177060367263
3510609,Óbitos - pedestres,398462,Sim,0.6408864399255578,0.033082791300422264
3510708,Óbitos - pedestres,11491,Não,NA,NA
3510807,Óbitos - pedestres,28786,Sim,0.9622869161939557,0.003844471783798716
3510906,Óbitos - pedestres,2855,Não,0.08843457506096046,-0.12803687993289598
3511003,Óbitos - pedestres,20418,Não,0.8647180811901104,0.013756028422542543
3511102,Óbitos - pedestres,119172,Sim,0.21721393396796806,-0.09125407161542098
3511201,Óbitos - pedestres,7105,Não,0.1551955118710469,-0.10669034533731209
3511300,Óbitos - pedestres,13160,Não,0.4960161594748085,0.051179467951076106
3511409,Óbitos - pedestres,22076,Sim,0.6794017747040051,0.03141799493711127
3511508,Óbitos - pedestres,46217,Sim,0.1616713863564713,0.10427061185499098
3511607,Óbitos - pedestres,19588,Sim,0.3059208960498568,0.07671601999754896
3511706,Óbitos - pedestres,15798,Sim,0.0026522882449037943,0.22440461464523678
3511904,Óbitos - pedestres,7087,Não,0.8202979028298376,-0.01798865255255563
3512001,Óbitos - pedestres,18842,Sim,0.6512766721947827,-0.03416825605538194
3512100,Óbitos - pedestres,6781,Não,0.03177360326640916,-0.16078685846609006
3512209,Óbitos - pedestres,29034,Sim,0.11939720628397342,0.11643206604641361
3512308,Óbitos - pedestres,15381,Sim,0.07903696173545043,-0.13137935074815876
3512407,Óbitos - pedestres,25130,Sim,0.5339856045960409,0.04633096946837125
3512506,Óbitos - pedestres,5498,Não,0.2898265651329945,-0.07964208877292311
3512605,Óbitos - pedestres,4295,Não,0.42580139950678186,-0.060107236809753294
3512704,Óbitos - pedestres,4285,Não,0.26314525803743394,-0.08415013153365461
3512803,Óbitos - pedestres,61204,Sim,0.538242234089981,0.04583014339618951
3512902,Óbitos - pedestres,8968,Sim,0.4274884149236913,-0.0597557942921528
3513009,Óbitos - pedestres,287004,Sim,0.5312041214949825,-0.04469768076799938
3513108,Óbitos - pedestres,34252,Sim,0.6065401961665018,0.03882580327323015
3513207,Óbitos - pedestres,9543,Sim,0.8013527307155042,-0.019287409388910416
3513306,Óbitos - pedestres,2129,Não,0.8798064377518815,0.012021447361950658
3513405,Óbitos - pedestres,76513,Sim,0.0071229405780733664,-0.20084027873245153
3513504,Óbitos - pedestres,115082,Sim,0.034715302116424186,-0.15264445654706343
3513603,Óbitos - pedestres,22456,Sim,1,0
3513702,Óbitos - pedestres,32622,Não,0.3371303829145636,-0.07190318812270684
3513801,Óbitos - pedestres,404118,Sim,0.9376381858517422,-0.005473873529899421
3513850,Óbitos - pedestres,1641,Não,NA,NA
3513900,Óbitos - pedestres,11314,Não,NA,NA
3514007,Óbitos - pedestres,8958,Sim,0.30859324370256697,-0.07663672693243545
3514106,Óbitos - pedestres,24855,Sim,0.34376255824421187,-0.07097257465013887
3514205,Óbitos - pedestres,2250,Não,NA,NA
3514304,Óbitos - pedestres,8186,Sim,NA,NA
3514403,Óbitos - pedestres,46664,Sim,0.5026810127179807,-0.05009022955690194
3514502,Óbitos - pedestres,12529,Não,0.01573890812543378,-0.1804661411375807
3514601,Óbitos - pedestres,9719,Não,0.020647667580102752,0.17310699171231894
3514700,Óbitos - pedestres,6295,Não,0.41024551498144407,0.06243120591769308
3514809,Óbitos - pedestres,13162,Sim,0.7120248789907961,0.028570212877588357
3514908,Óbitos - pedestres,18103,Não,NA,NA
3514924,Óbitos - pedestres,3189,Não,NA,NA
3514957,Óbitos - pedestres,2353,Não,NA,NA
3515004,Óbitos - pedestres,259323,Sim,0.3352561678002218,-0.06863988167742421
3515103,Óbitos - pedestres,68805,Sim,0.8468151303810072,-0.014577300624204164
3515129,Óbitos - pedestres,3062,Não,NA,NA
3515152,Óbitos - pedestres,20139,Sim,0.7578947696190323,0.023384027485883908
3515186,Óbitos - pedestres,40681,Sim,0.9702304469541774,-0.0031177259358635178
3515194,Óbitos - pedestres,4217,Sim,0.16062249684438462,-0.10500614976169063
3515202,Óbitos - pedestres,9655,Não,0.18201522828242966,-0.10052482308781088
3515301,Óbitos - pedestres,2749,Não,0.6356384480267425,0.03606434208585198
3515350,Óbitos - pedestres,7928,Não,0.29343154857849174,0.07936170243774543
3515400,Óbitos - pedestres,16984,Não,0.4998576647117698,-0.05055699222979006
3515509,Óbitos - pedestres,73286,Sim,0.8776060494822063,-0.011662156548711482
3515608,Óbitos - pedestres,6066,Não,NA,NA
3515657,Óbitos - pedestres,1689,Não,NA,NA
3515707,Óbitos - pedestres,185622,Sim,0.22065639104491128,0.09059816297240246
3515806,Óbitos - pedestres,1492,Não,0.11834981273562829,-0.11745531960786325
3515905,Óbitos - pedestres,2756,Não,0.7777495968373076,0.02174362122128557
3516002,Óbitos - pedestres,13171,Não,0.5084923124284401,0.049759979404065895
3516101,Óbitos - pedestres,3987,Sim,NA,NA
3516200,Óbitos - pedestres,364331,Sim,0.4549724691869837,-0.05228680654195575
3516309,Óbitos - pedestres,171107,Sim,0.10631920430554208,0.12013749589286854
3516408,Óbitos - pedestres,149786,Sim,0.33567440538942694,-0.0705697029527253
3516507,Óbitos - pedestres,2811,Não,0.7547764265871044,-0.024337588747575266
3516606,Óbitos - pedestres,6435,Não,0.19149116416056666,-0.09840851102280435
3516705,Óbitos - pedestres,43115,Sim,0.8062050092723374,0.01870464013050083
3516804,Óbitos - pedestres,3235,Não,0.21152242941072893,-0.09417588689279124
3516853,Óbitos - pedestres,4797,Sim,0.8424453192562011,-0.015872340487549087
3516903,Óbitos - pedestres,10449,Não,0.5385947734127231,-0.0465831085275588
3517000,Óbitos - pedestres,10355,Não,0.22254156184258828,-0.09166353613487377
3517109,Óbitos - pedestres,4173,Sim,0.41024551498144407,0.06243120591769308
3517208,Óbitos - pedestres,11459,Não,0.8972470239864299,0.01010610390370452
3517307,Óbitos - pedestres,5606,Não,NA,NA
3517406,Óbitos - pedestres,40424,Sim,0.7961911177455001,0.01973096476437549
3517505,Óbitos - pedestres,22316,Sim,0.9713282871480668,-0.0032145682314850695
3517604,Óbitos - pedestres,17256,Sim,0.5499100844807693,0.04500263561215313
3517703,Óbitos - pedestres,18790,Sim,0.7760819047271741,0.02158405331966198
3517802,Óbitos - pedestres,7486,Sim,0.3460505913215428,-0.07084449838760384
3517901,Óbitos - pedestres,10542,Não,0.9547121143929116,0.0052907801625163625
3518008,Óbitos - pedestres,1999,Não,NA,NA
3518107,Óbitos - pedestres,6531,Não,0.01313729427988736,0.18537343468230566
3518206,Óbitos - pedestres,31872,Sim,0.9141327654975427,0.008572181950626851
3518305,Óbitos - pedestres,32436,Sim,0.5347571693526145,0.04615447757326671
3518404,Óbitos - pedestres,121710,Sim,0.029980088901879105,-0.15970395962343784
3518503,Óbitos - pedestres,15268,Sim,0.32939170722246297,-0.07330865485325962
3518602,Óbitos - pedestres,38609,Sim,0.99527674952633,8.824046198461398e-4
3518701,Óbitos - pedestres,294973,Sim,0.026459806298867634,-0.1582787444788475
3518800,Óbitos - pedestres,1345364,Sim,0.1541073204007665,-0.0932168434241643
3518859,Óbitos - pedestres,7462,Não,0.585389691838422,-0.04127462079973441
3518909,Óbitos - pedestres,4276,Não,NA,NA
3519006,Óbitos - pedestres,9302,Não,0.19344831894747697,-0.0976742598158491
3519055,Óbitos - pedestres,15596,Sim,0.40852348524021165,-0.06208035255132776
3519071,Óbitos - pedestres,247331,Sim,0.11157735277184015,-0.11573144936032642
3519105,Óbitos - pedestres,10633,Não,0.06218420741883706,0.1397493255826764
3519204,Óbitos - pedestres,6207,Não,NA,NA
3519253,Óbitos - pedestres,8257,Não,0.2560364353464679,-0.08571063863276507
3519303,Óbitos - pedestres,33110,Sim,0.9537045690829772,0.004618676472487068
3519402,Óbitos - pedestres,11934,Não,0.3804623868794959,-0.06611796049072861
3519501,Óbitos - pedestres,6461,Não,0.07972129052808981,-0.1312163317961706
3519600,Óbitos - pedestres,61908,Sim,0.8555852650294649,-0.013912121995064544
3519709,Óbitos - pedestres,77651,Sim,0.814579545992663,-0.017354403929958472
3519808,Óbitos - pedestres,7969,Sim,0.7246616384610914,-0.02678806859570891
3519907,Óbitos - pedestres,7739,Sim,NA,NA
3520004,Óbitos - pedestres,23430,Sim,0.5058519728655688,0.0502352628215908
3520103,Óbitos - pedestres,26755,Sim,0.43805170627037016,0.05823870490984523
3520202,Óbitos - pedestres,10904,Sim,0.8191311642822734,0.01739015249383068
3520301,Óbitos - pedestres,29881,Sim,0.4112016783516816,-0.0611756331053165
3520400,Óbitos - pedestres,36329,Sim,0.44179396057204656,0.05786222816673125
3520426,Óbitos - pedestres,13955,Sim,0.15816663532878433,-0.10571898593797467
3520442,Óbitos - pedestres,26240,Sim,0.3487366601388051,-0.07089645417771925
3520509,Óbitos - pedestres,267796,Sim,0.09735885008227159,-0.12059557897359859
3520608,Óbitos - pedestres,5191,Não,0.20132513028346072,0.0962921989577978
3520707,Óbitos - pedestres,4109,Não,NA,NA
3520806,Óbitos - pedestres,3671,Sim,0.7764469400088094,-0.022221276682568722
3520905,Óbitos - pedestres,13933,Sim,0.9382386110962255,-0.006256159559436131
3521002,Óbitos - pedestres,37999,Sim,0.9209897139855775,-0.008008508513381304
3521101,Óbitos - pedestres,6999,Não,0.6942028278688026,-0.030053618404876647
3521150,Óbitos - pedestres,7037,Sim,0.7660380064758526,-0.022793447307316018
3521200,Óbitos - pedestres,4091,Não,NA,NA
3521309,Óbitos - pedestres,14691,Sim,NA,NA
3521408,Óbitos - pedestres,22435,Sim,0.5655513939816165,0.04357774668707114
3521507,Óbitos - pedestres,6946,Não,1,0
3521606,Óbitos - pedestres,7145,Não,0.9277081202098714,-0.007513404601219162
3521705,Óbitos - pedestres,18258,Sim,0.09498871446339364,-0.12505594063203113
3521804,Óbitos - pedestres,25930,Sim,0.04477142670320986,-0.15000878537384377
3521903,Óbitos - pedestres,17420,Não,0.1915649586933098,0.09795021950981748
3522000,Óbitos - pedestres,3702,Não,NA,NA
3522109,Óbitos - pedestres,117435,Sim,0.6717659621027523,0.029979904189425286
3522158,Óbitos - pedestres,3490,Não,NA,NA
3522208,Óbitos - pedestres,163928,Sim,0.95920447822042465,0.003824979853764635
3522307,Óbitos - pedestres,163774,Sim,0.37939439436371053,-0.0627287195197111
3522406,Óbitos - pedestres,92324,Sim,0.3343538213164448,-0.07148549070419173
3522505,Óbitos - pedestres,241924,Sim,0.05598338663131834,-0.1374878875755034
3522604,Óbitos - pedestres,73919,Sim,0.2425324201501152,-0.08703817562315878
3522653,Óbitos - pedestres,4405,Não,NA,NA
3522703,Óbitos - pedestres,40464,Sim,0.808230216782991,-0.018530497016768937
3522802,Óbitos - pedestres,14260,Sim,0.4521662908119171,-0.05647389567015295
3522901,Óbitos - pedestres,13984,Não,0.4777780974592953,-0.053965957657666895
3523008,Óbitos - pedestres,4014,Não,NA,NA
3523107,Óbitos - pedestres,382521,Sim,0.5396985143091693,-0.04218258392295232
3523206,Óbitos - pedestres,45327,Sim,0.007080823975813673,-0.19988348587421487
3523305,Óbitos - pedestres,15762,Sim,0.6981216746249295,-0.02929264379096983
3523404,Óbitos - pedestres,126403,Sim,0.3899630068913298,0.06386585511475681
3523503,Óbitos - pedestres,19427,Sim,0.5836797383926797,-0.04108359310926767
3523602,Óbitos - pedestres,16433,Sim,0.5634770929848515,-0.04326407532277121
3523701,Óbitos - pedestres,5861,Não,NA,NA
3523800,Óbitos - pedestres,8210,Sim,0.8557059192882591,0.014168899677520767
3523909,Óbitos - pedestres,174561,Sim,0.0979628981293187,-0.11468486504984562
3524006,Óbitos - pedestres,74119,Sim,0.01767451005623254,0.17707695640696608
3524105,Óbitos - pedestres,38451,Sim,0.2116403877879226,-0.09353488970369082
3524204,Óbitos - pedestres,6293,Sim,0.1251915153918926,0.1153390075428567
3524303,Óbitos - pedestres,73467,Sim,0.7028275639415253,-0.028635794129419825
3524402,Óbitos - pedestres,249968,Sim,1,-1.701632903739e-4
3524501,Óbitos - pedestres,7878,Não,NA,NA
3524600,Óbitos - pedestres,16254,Sim,0.7761973177856771,-0.021304879291627853
3524709,Óbitos - pedestres,61801,Sim,0.12929224505616732,0.11288496885992202
3524808,Óbitos - pedestres,50017,Sim,0.07388876213974205,-0.13355637115261962
3524907,Óbitos - pedestres,6575,Não,0.2805793832539799,0.08147801450275198
3525003,Óbitos - pedestres,121988,Sim,0.586949824046452,-0.04059668253663089
3525102,Óbitos - pedestres,46868,Sim,0.12639679365269915,-0.11338410580021643
3525201,Óbitos - pedestres,39531,Sim,0.7900682793772782,-0.01998016861319129
3525300,Óbitos - pedestres,137323,Sim,0.4366152330522677,-0.05758086853056125
3525409,Óbitos - pedestres,3976,Não,NA,NA
3525508,Óbitos - pedestres,13095,Não,NA,NA
3525607,Óbitos - pedestres,4456,Não,0.8639276997001355,-0.01352412828219449
3525706,Óbitos - pedestres,37859,Sim,0.8949007316239472,0.010256152406089432
3525805,Óbitos - pedestres,4308,Não,NA,NA
3525854,Óbitos - pedestres,3123,Não,0.04965488101313445,0.1467791281252323
3525904,Óbitos - pedestres,460313,Sim,0.08019942397073745,-0.11845166749207763
3526001,Óbitos - pedestres,20878,Sim,0.3632365851685336,0.06838034192194806
3526100,Óbitos - pedestres,17255,Sim,0.701708159053768,-0.028829004446804425
3526209,Óbitos - pedestres,28007,Sim,0.01413588412894773,-0.17983696054295428
3526308,Óbitos - pedestres,5182,Não,0.3589495517331251,0.06912332233121628
3526407,Óbitos - pedestres,27009,Sim,0.01028108773822291,0.191582843892636
3526506,Óbitos - pedestres,9909,Não,NA,NA
3526605,Óbitos - pedestres,7328,Não,0.04965488101313445,0.1467791281252323
3526704,Óbitos - pedestres,101316,Sim,0.6926197088801072,-0.029482087823326595
3526803,Óbitos - pedestres,68395,Sim,0.7767331300207587,0.021376085224919936
3526902,Óbitos - pedestres,300728,Sim,0.8915907390668042,-0.00964236878092442
3527009,Óbitos - pedestres,7147,Sim,0.5700997559707528,0.04338439733263417
3527108,Óbitos - pedestres,76729,Sim,0.2238495444094459,-0.09054860074437
3527207,Óbitos - pedestres,87370,Sim,0.4257730757848616,-0.058952661842808736
3527256,Óbitos - pedestres,1968,Não,NA,NA
3527306,Óbitos - pedestres,54111,Sim,0.04331800385303743,0.1509465236464503
3527405,Óbitos - pedestres,20372,Sim,0.9209897139855775,-0.008008508513381304
3527504,Óbitos - pedestres,2419,Não,NA,NA
3527603,Óbitos - pedestres,12531,Sim,0.5968069154654535,0.040042542566906515
3527702,Óbitos - pedestres,4751,Não,NA,NA
3527801,Óbitos - pedestres,4017,Não,NA,NA
3527900,Óbitos - pedestres,2699,Não,NA,NA
3528007,Óbitos - pedestres,17120,Não,0.7664500513387567,-0.022618423022576783
3528106,Óbitos - pedestres,7587,Não,NA,NA
3528205,Óbitos - pedestres,4048,Sim,0.848103730675566,-0.015026809202438323
3528304,Óbitos - pedestres,3212,Não,NA,NA
3528403,Óbitos - pedestres,51660,Sim,0.6928165335254515,0.029499063634561642
3528502,Óbitos - pedestres,97399,Sim,0.27470069183245915,-0.07968790904034112
3528601,Óbitos - pedestres,10092,Não,0.8202979028298376,0.01798865255255563
3528700,Óbitos - pedestres,4627,Não,0.32030416261919686,0.07512907830773234
3528809,Óbitos - pedestres,12826,Não,0.9117030182222742,-0.009016085521462994
3528858,Óbitos - pedestres,3392,Não,0.09957381056563878,-0.12380425580288287
3528908,Óbitos - pedestres,3539,Sim,NA,NA
3529005,Óbitos - pedestres,246627,Sim,0.018061862247997582,-0.16945781131591517
3529104,Óbitos - pedestres,1870,Não,NA,NA
3529203,Óbitos - pedestres,25299,Sim,0.10807720743030294,-0.11975663670081278
3529302,Óbitos - pedestres,80998,Sim,0.015437179480603889,0.18085758593583906
3529401,Óbitos - pedestres,429380,Sim,0.7971220841977523,0.018571098973227212
3529500,Óbitos - pedestres,6369,Não,0.9773469290286855,-0.0031744680975098172
3529609,Óbitos - pedestres,4697,Não,0.08473557929013967,-0.12923055914096956
3529658,Óbitos - pedestres,1988,Não,NA,NA
3529708,Óbitos - pedestres,19655,Sim,0.0758063628284251,0.1328688202347162
3529807,Óbitos - pedestres,11349,Não,NA,NA
3529906,Óbitos - pedestres,18679,Sim,0.0047168963972033335,-0.20654131342714088
3530003,Óbitos - pedestres,3199,Não,0.4777780974592953,-0.053965957657666895
3530102,Óbitos - pedestres,28737,Sim,0.2546406180788838,-0.08565281245389844
3530201,Óbitos - pedestres,16069,Não,0.9919566835352016,0.0015026809202438323
3530300,Óbitos - pedestres,65485,Sim,0.8549396848349442,0.013772298124766522
3530409,Óbitos - pedestres,4771,Sim,0.7534507889928521,0.02402552554014391
3530508,Óbitos - pedestres,69324,Sim,0.7712752349154394,-0.02161100755836787
3530607,Óbitos - pedestres,468120,Sim,0.008986844661352624,-0.17731792692688186
3530706,Óbitos - pedestres,159735,Sim,0.268378060810218,0.08057710485105303
3530805,Óbitos - pedestres,95534,Sim,0.4495098208042784,-0.05616828326709457
3530904,Óbitos - pedestres,3815,Não,0.2560364353464679,0.08571063863276507
3531001,Óbitos - pedestres,1954,Sim,NA,NA
3531100,Óbitos - pedestres,64519,Sim,0.8370743825385952,-0.015218746685825573
3531209,Óbitos - pedestres,8873,Sim,0.9321137683011886,0.007407092227522907
3531308,Óbitos - pedestres,48725,Sim,0.925545878749289,0.007500659206798496
3531407,Óbitos - pedestres,22650,Não,0.41059590835359056,-0.06176832338922979
3531506,Óbitos - pedestres,18363,Sim,0.5253623506515719,-0.04808578944780263
3531605,Óbitos - pedestres,4301,Não,NA,NA
3531704,Óbitos - pedestres,4205,Não,0.41024551498144407,-0.06243120591769308
3531803,Óbitos - pedestres,67296,Sim,0.8014666469308132,-0.018549180042676475
3531902,Óbitos - pedestres,28561,Sim,0.20324489471632448,-0.09536552420072372
3532009,Óbitos - pedestres,14081,Sim,0.12128095432529024,-0.11558508388335129
3532058,Óbitos - pedestres,4079,Não,NA,NA
3532108,Óbitos - pedestres,3763,Não,NA,NA
3532157,Óbitos - pedestres,2699,Não,0.41024551498144407,0.06243120591769308
3532207,Óbitos - pedestres,5908,Não,0.3487366601388051,-0.07089645417771925
3532306,Óbitos - pedestres,7134,Sim,0.8323407505694547,0.016529490122682153
3532405,Óbitos - pedestres,18620,Sim,0.7451731983967028,-0.02435345831029771
3532504,Óbitos - pedestres,9921,Não,0.4432770342080009,-0.05819858178767998
3532603,Óbitos - pedestres,9944,Não,0.7354697753153349,-0.025716545851880556
3532702,Óbitos - pedestres,4860,Sim,0.19149116416056666,-0.09840851102280435
3532801,Óbitos - pedestres,6858,Não,0.20132513028346072,0.0962921989577978
3532827,Óbitos - pedestres,8631,Sim,0.14757323088385482,0.10899007134783706
3532843,Óbitos - pedestres,2058,Sim,NA,NA
3532868,Óbitos - pedestres,1074,Não,NA,NA
3532900,Óbitos - pedestres,9459,Não,0.12756844087643912,0.1137562313909163
3533007,Óbitos - pedestres,19725,Sim,0.6673332880651075,0.03265007316993916
3533106,Óbitos - pedestres,2188,Não,NA,NA
3533205,Óbitos - pedestres,4795,Não,NA,NA
3533254,Óbitos - pedestres,4469,Não,NA,NA
3533304,Óbitos - pedestres,2838,Sim,NA,NA
3533403,Óbitos - pedestres,64228,Sim,0.29917424703383905,-0.07774304096516019
3533502,Óbitos - pedestres,39435,Sim,0.4969158770091034,0.05096546560887808
3533601,Óbitos - pedestres,7550,Não,NA,NA
3533700,Óbitos - pedestres,4412,Não,0.2560364353464679,0.08571063863276507
3533809,Óbitos - pedestres,2540,Não,NA,NA
3533908,Óbitos - pedestres,56701,Sim,0.02097218932945084,-0.17129114330831333
3534005,Óbitos - pedestres,4912,Não,0.1728916463744668,-0.10264113515281743
3534104,Óbitos - pedestres,6180,Não,0.518474284463774,0.0486055473463884
3534203,Óbitos - pedestres,6145,Não,0.7332972502288411,-0.026453900812581813
3534302,Óbitos - pedestres,39193,Sim,0.4162554752351832,0.06095346404310681
3534401,Óbitos - pedestres,756952,Sim,0.029908452485142584,-0.14624738554249528
3534500,Óbitos - pedestres,2504,Não,0.3182714424658921,-0.07513404601219162
3534609,Óbitos - pedestres,32099,Sim,0.17901840176126002,-0.10059412666245994
3534708,Óbitos - pedestres,106877,Sim,0.8916312058561214,-0.010260105475794768
3534757,Óbitos - pedestres,10596,Não,0.3991778969217892,-0.06345202899063648
3534807,Óbitos - pedestres,7901,Não,NA,NA
3534906,Óbitos - pedestres,15217,Não,0.8768467270354643,-0.012031076075838714
3535002,Óbitos - pedestres,11689,Não,0.025887515755532393,-0.1667975821470654
3535101,Óbitos - pedestres,9709,Sim,0.41024551498144407,-0.06243120591769308
3535200,Óbitos - pedestres,8994,Sim,0.48668742475462523,-0.05259383220853413
3535309,Óbitos - pedestres,19767,Não,0.6281109858267113,0.03651190256567838
3535408,Óbitos - pedestres,15214,Sim,0.8166449058231093,0.01803217104292599
3535507,Óbitos - pedestres,42087,Sim,0.2730227464631982,0.0820153980543726
3535606,Óbitos - pedestres,17950,Sim,0.09414926947392849,0.12433894689605926
3535705,Óbitos - pedestres,6211,Sim,0.40274954854153977,-0.06311259865024095
3535804,Óbitos - pedestres,19799,Sim,0.6403201634539604,-0.035360250546335764
3535903,Óbitos - pedestres,4111,Não,0.19149116416056666,-0.09840851102280435
3536000,Óbitos - pedestres,10729,Não,0.9824339102959517,-0.0020512304812178865
3536109,Óbitos - pedestres,7382,Não,0.255776518701618,0.0851800186169381
3536208,Óbitos - pedestres,19576,Sim,0.01449117295913337,-0.18084046399282583
3536257,Óbitos - pedestres,3001,Sim,NA,NA
3536307,Óbitos - pedestres,14837,Sim,0.5740749662855723,-0.0425066990325623
3536406,Óbitos - pedestres,8200,Sim,0.11348694905844486,0.11871179269926274
3536505,Óbitos - pedestres,115690,Sim,0.13874302772673286,0.10904121219200368
3536570,Óbitos - pedestres,2146,Não,NA,NA
3536604,Óbitos - pedestres,7430,Não,0.42657486437015874,0.060314893852686534
3536703,Óbitos - pedestres,46223,Sim,0.5316641870676793,-0.04677701273520401
3536802,Óbitos - pedestres,6718,Não,0.1251915153918926,0.1153390075428567
3536901,Óbitos - pedestres,2848,Sim,NA,NA
3537008,Óbitos - pedestres,15742,Sim,0.8298410811232699,-0.016633056143176554
3537107,Óbitos - pedestres,44332,Sim,0.3941532671821985,0.06367959576571755
3537156,Óbitos - pedestres,2838,Não,NA,NA
3537206,Óbitos - pedestres,11539,Sim,0.7764469400088094,0.022221276682568722
3537305,Óbitos - pedestres,63317,Sim,0.010671037849267038,-0.18821196602270948
3537404,Óbitos - pedestres,24389,Sim,0.32126043842618346,0.07454073308608751
3537503,Óbitos - pedestres,8969,Não,0.20898185965175028,-0.0942539848113338
3537602,Óbitos - pedestres,70543,Sim,0.5900426240329057,0.03969341869667474
3537701,Óbitos - pedestres,5623,Não,0.8647180811901104,-0.013756028422542543
3537800,Óbitos - pedestres,54237,Sim,0.1326136726357891,0.1119515054290106
3537909,Óbitos - pedestres,28417,Sim,0.5833581780216381,-0.04124396069982676
3538006,Óbitos - pedestres,172027,Sim,0.301290656120038,-0.07479734288187453
3538105,Óbitos - pedestres,14721,Não,0.9480806358439504,-0.005294427719076839
3538204,Óbitos - pedestres,15605,Sim,0.8161872338880336,-0.017805992592241297
3538303,Óbitos - pedestres,3296,Não,0.16411439585699966,0.10475744721782397
3538501,Óbitos - pedestres,12570,Sim,0.16411439585699966,-0.10475744721782397
3538600,Óbitos - pedestres,26764,Sim,0.9473485132609468,0.005313434392868827
3538709,Óbitos - pedestres,438827,Sim,0.6042705258189061,0.03570207183004927
3538808,Óbitos - pedestres,30261,Sim,0.9339631940362485,0.006594390290842181
3538907,Óbitos - pedestres,22743,Sim,0.03297985061282964,0.15910906994633417
3539004,Óbitos - pedestres,11076,Não,1,-0.0010581560325032724
3539103,Óbitos - pedestres,18836,Sim,0.16532694085782898,0.10393770615135058
3539202,Óbitos - pedestres,26065,Sim,0.1614681782850523,-0.10434276989609527
3539301,Óbitos - pedestres,75475,Sim,0.00996678649292255,-0.1909770842273525
3539400,Óbitos - pedestres,15554,Não,0.21758098283122784,0.0923053716548049
3539509,Óbitos - pedestres,34416,Sim,0.19017972039001738,0.09804881700221497
3539608,Óbitos - pedestres,4454,Não,0.23302620839151553,-0.08994326276277816
3539707,Óbitos - pedestres,3061,Não,0.21152242941072893,0.09417588689279124
3539806,Óbitos - pedestres,106431,Sim,0.022321265034831495,-0.17056060703061657
3539905,Óbitos - pedestres,5696,Sim,0.5895354407704203,0.041268085267627624
3540002,Óbitos - pedestres,20512,Não,0.5740749662855723,0.0425066990325623
3540101,Óbitos - pedestres,3443,Não,0.19004030095174218,-0.09822118551684171
3540200,Óbitos - pedestres,38376,Sim,0.5615416664424238,-0.043415558841378446
3540259,Óbitos - pedestres,4196,Sim,0.04273655335773929,-0.15177077294462707
3540309,Óbitos - pedestres,2415,Não,NA,NA
3540408,Óbitos - pedestres,4185,Não,0.36353630832338846,0.06878014211271272
3540507,Óbitos - pedestres,10773,Sim,0.47864355701416145,0.05318927425202417
3540606,Óbitos - pedestres,58345,Sim,0.859897526190678,-0.013217479303549306
3540705,Óbitos - pedestres,53940,Sim,0.44134841398486835,-0.05722380618282211
3540754,Óbitos - pedestres,20767,Sim,0.9773469290286855,0.0031744680975098172
3540804,Óbitos - pedestres,18994,Sim,NA,NA
3540853,Óbitos - pedestres,2599,Não,NA,NA
3540903,Óbitos - pedestres,17309,Sim,0.8686985402333434,0.012936821444692874
3541000,Óbitos - pedestres,365577,Sim,0.44617291063059283,-0.052402352468442936
3541059,Óbitos - pedestres,5246,Não,NA,NA
3541109,Óbitos - pedestres,3841,Não,NA,NA
3541208,Óbitos - pedestres,14772,Não,0.36960868651836276,-0.06762064141097245
3541307,Óbitos - pedestres,40383,Sim,0.17726533946990441,-0.10052081460118309
3541406,Óbitos - pedestres,234083,Sim,0.05022184547736509,-0.14140168397179162
3541505,Óbitos - pedestres,35902,NA,0.6676733783129729,0.032409441603242606
3541604,Óbitos - pedestres,35991,Sim,0.8363037561487288,0.0158810204201071
3541653,Óbitos - pedestres,3472,Não,0.41418060133573203,-0.061609917729997125
3541703,Óbitos - pedestres,13399,Sim,0.027262885210580824,0.16529490122682156
3541802,Óbitos - pedestres,3351,Não,NA,NA
3541901,Óbitos - pedestres,9146,Sim,0.03581590888822128,-0.15627123734085926
3542008,Óbitos - pedestres,7225,Não,NA,NA
3542107,Óbitos - pedestres,9133,Sim,0.08844005775636596,-0.12772787822072573
3542206,Óbitos - pedestres,29305,Sim,0.029075397941674117,0.16314139158837296
3542305,Óbitos - pedestres,4611,Não,0.26811499823190443,0.08359432656775853
3542404,Óbitos - pedestres,20565,Não,0.9824339102959517,0.0020512304812178865
3542503,Óbitos - pedestres,7808,Não,NA,NA
3542602,Óbitos - pedestres,61732,Sim,0.8733943638616095,0.01183296896895923
3542701,Óbitos - pedestres,6492,Não,0.6646647575581806,-0.03305898024536431
3542800,Óbitos - pedestres,3166,Não,0.06506401000750683,0.13824664466243256
3542909,Óbitos - pedestres,11079,Não,0.2149903090613985,0.0931662170551176
3543006,Óbitos - pedestres,18930,Sim,0.9690961334457869,-0.0033687013012348396
3543105,Óbitos - pedestres,4706,Não,NA,NA
3543204,Óbitos - pedestres,4768,Não,0.8870988466073298,-0.011639716357535997
3543238,Óbitos - pedestres,2045,Não,NA,NA
3543253,Óbitos - pedestres,7570,Sim,0.8202979028298376,-0.01798865255255563
3543303,Óbitos - pedestres,118877,Sim,0.0023929644456833726,-0.22115498651604812
3543402,Óbitos - pedestres,728400,Sim,0.7432736917064428,-0.022147998557521618
3543501,Óbitos - pedestres,5647,Sim,0.19149116416056666,-0.09840851102280435
3543600,Óbitos - pedestres,4158,Sim,0.48748799218860245,-0.05236332489518544
3543709,Óbitos - pedestres,9145,Não,0.3487366601388051,-0.07089645417771925
3543808,Óbitos - pedestres,9357,Sim,0.1494211376755196,0.10819302625755592
3543907,Óbitos - pedestres,208857,Sim,0.07845466223746157,0.12867823457518296
3544004,Óbitos - pedestres,32267,Sim,0.1315917286268346,-0.11234117037593533
3544103,Óbitos - pedestres,45317,Sim,0.9292438240706498,-0.007059236958769119
3544202,Óbitos - pedestres,10453,Não,0.23028082236750413,-0.09016085521462994
3544251,Óbitos - pedestres,17533,Sim,0.5700997559707528,0.04338439733263417
3544301,Óbitos - pedestres,11095,Não,0.45334062179325385,-0.05627271044054731
3544400,Óbitos - pedestres,2741,Não,NA,NA
3544509,Óbitos - pedestres,3965,Não,NA,NA
3544608,Óbitos - pedestres,5185,Não,0.4777780974592953,-0.053965957657666895
3544707,Óbitos - pedestres,2519,Não,0.9277081202098714,-0.007513404601219162
3544806,Óbitos - pedestres,6612,Não,0.09957381056563878,-0.12380425580288287
3544905,Óbitos - pedestres,11654,Não,0.9472785175350908,-0.005544352047725518
3545001,Óbitos - pedestres,15396,Sim,0.6889109685287718,-0.030318311711113557
3545100,Óbitos - pedestres,4883,Não,NA,NA
3545159,Óbitos - pedestres,8371,Sim,0.32030416261919686,0.07512907830773234
3545209,Óbitos - pedestres,140125,Sim,0.7790410205438302,-0.02077369943906166
3545308,Óbitos - pedestres,45138,Sim,0.484877177183229,0.05216095380029806
3545407,Óbitos - pedestres,9212,Não,0.06867259775817605,-0.1357285424854291
3545506,Óbitos - pedestres,3699,Não,0.2898265651329945,-0.07964208877292311
3545605,Óbitos - pedestres,14203,Não,0.6292953413654911,-0.037035461137614537
3545704,Óbitos - pedestres,6543,Não,NA,NA
3545803,Óbitos - pedestres,189338,Sim,0.5552753999073623,-0.043283152577547786
3546009,Óbitos - pedestres,14212,Sim,0.36353630832338846,-0.06878014211271272
3546108,Óbitos - pedestres,2677,Sim,NA,NA
3546207,Óbitos - pedestres,4365,Sim,0.636024943159462,0.0355591378599683
3546256,Óbitos - pedestres,2162,Não,0.16411439585699966,0.10475744721782397
3546306,Óbitos - pedestres,29525,Sim,0.5448573180911744,-0.04553731668303708
3546405,Óbitos - pedestres,47677,Sim,0.8433221351231288,-0.01499516426225727
3546504,Óbitos - pedestres,6256,Não,0.6701599895852286,0.03280283700760145
3546603,Óbitos - pedestres,36098,Sim,0.5611534251202477,-0.043793116916052914
3546702,Óbitos - pedestres,24107,Sim,0.4748952956103497,-0.053353204172876305
3546801,Óbitos - pedestres,54586,Sim,0.1801604236928504,-0.09793510543986927
3546900,Óbitos - pedestres,7181,Não,0.4432770342080009,0.05819858178767998
3547007,Óbitos - pedestres,5314,Não,0.7854787980035014,0.021037532883413652
3547106,Óbitos - pedestres,3012,Não,NA,NA
3547205,Óbitos - pedestres,1698,Não,NA,NA
3547304,Óbitos - pedestres,162341,Sim,0.6156213279534045,-0.03705171531545578
3547403,Óbitos - pedestres,2790,Não,0.6092711424152878,-0.03915177320262108
3547502,Óbitos - pedestres,25060,Sim,0.8933374852325573,0.010326336169119089
3547601,Óbitos - pedestres,23725,Sim,0.1089623194960431,-0.12021447361950659
3547650,Óbitos - pedestres,1686,Não,0.42657486437015874,-0.060314893852686534
3547700,Óbitos - pedestres,18045,Sim,0.936974335906366,0.006429136462970139
3547809,Óbitos - pedestres,778711,Sim,0.33088310694025574,-0.06660056204397097
3547908,Óbitos - pedestres,6917,Não,0.23028082236750413,-0.09016085521462994
3548005,Óbitos - pedestres,23779,Sim,0.511327779540284,-0.04933497901637024
3548054,Óbitos - pedestres,8568,Não,0.3844063843768896,0.06536288737352974
3548104,Óbitos - pedestres,6237,Sim,0.41792407468262727,0.060987872524980696
3548203,Óbitos - pedestres,7294,Sim,0.6198907957490326,0.037503296033992474
3548302,Óbitos - pedestres,3063,Não,0.4777780974592953,-0.053965957657666895
3548401,Óbitos - pedestres,3933,Não,0.30667287853713887,-0.07724539037273889
3548500,Óbitos - pedestres,429567,Sim,0.004761049041917336,-0.19427332181574483
3548609,Óbitos - pedestres,11948,Não,0.42580139950678186,-0.060107236809753294
3548708,Óbitos - pedestres,840499,Sim,0.5963163931019491,-0.03535131965554453
3548807,Óbitos - pedestres,172109,Sim,0.9798685742276484,0.002134022098157587
3548906,Óbitos - pedestres,265294,Sim,0.28382509120442256,-0.07579110010341299
3549003,Óbitos - pedestres,2629,Não,NA,NA
3549102,Óbitos - pedestres,95762,Sim,0.5727680540004042,0.041602134274368076
3549201,Óbitos - pedestres,2622,Não,NA,NA
3549250,Óbitos - pedestres,1880,Não,NA,NA
3549300,Óbitos - pedestres,2288,Não,0.5700997559707528,-0.04338439733263417
3549409,Óbitos - pedestres,49815,Sim,0.2972221875105482,-0.07796680230628777
3549508,Óbitos - pedestres,7690,Não,0.5799122055642083,-0.0417893870093059
3549607,Óbitos - pedestres,3898,Não,NA,NA
3549706,Óbitos - pedestres,53416,Sim,0.6049548476316241,0.03882894364019527
3549805,Óbitos - pedestres,501597,Sim,0.006642415561738414,-0.18667246878707244
3549904,Óbitos - pedestres,724756,Sim,0.13560506031248842,-0.09957604472580935
3549953,Óbitos - pedestres,16458,Sim,0.7502939506449678,-0.023797957328017857
3550001,Óbitos - pedestres,10497,Sim,0.2805793832539799,-0.08147801450275198
3550100,Óbitos - pedestres,38166,Sim,0.21384364807562778,-0.09167902261085699
3550209,Óbitos - pedestres,32904,Sim,0.6109922303667001,-0.03825833548642749
3550308,Óbitos - pedestres,11895578,Sim,5.049079990757547e-4,-0.21642124516696215
3550407,Óbitos - pedestres,39725,Sim,0.18356149918774012,0.09965161517603716
3550506,Óbitos - pedestres,7333,Não,NA,NA
3550605,Óbitos - pedestres,81342,Sim,0.36416925777495684,-0.06738588725332191
3550704,Óbitos - pedestres,84019,Sim,0.46562820547159284,-0.05421679457383585
3550803,Óbitos - pedestres,10484,Não,0.06062874239956249,0.1403694794415147
3550902,Óbitos - pedestres,13590,Sim,0.34658165939709984,0.07059236958769119
3551009,Óbitos - pedestres,338407,Sim,0.9498830702198211,-0.004492881940716195
3551108,Óbitos - pedestres,10632,Sim,0.6092711424152878,-0.03915177320262108
3551207,Óbitos - pedestres,3769,Não,NA,NA
3551306,Óbitos - pedestres,3187,Sim,NA,NA
3551405,Óbitos - pedestres,13058,Não,0.5900956982597252,0.04059061251292243
3551504,Óbitos - pedestres,45408,Sim,0.5661352267771345,-0.04288687819523384
3551603,Óbitos - pedestres,30920,Sim,0.11251408011377033,-0.11889554946789166
3551702,Óbitos - pedestres,131600,Sim,0.890653231302883,0.01027457161688931
3551801,Óbitos - pedestres,12912,Sim,0.34054957011057435,-0.07147477420753733
3551900,Óbitos - pedestres,14724,Sim,0.2530517406750056,-0.08572181950626852
3552007,Óbitos - pedestres,6313,Sim,NA,NA
3552106,Óbitos - pedestres,41405,Sim,0.6159287185423965,0.037772093309408464
3552205,Óbitos - pedestres,757459,Sim,0.7655776380116779,-0.019968961293789365
3552304,Óbitos - pedestres,7466,Sim,0.9277081202098714,-0.007513404601219162
3552403,Óbitos - pedestres,289787,Sim,0.7773865617273377,0.020316334035808802
3552502,Óbitos - pedestres,318765,Sim,0.520823127813552,-0.04586686820549797
3552551,Óbitos - pedestres,3464,Sim,NA,NA
3552601,Óbitos - pedestres,11499,Sim,0.848103730675566,0.015026809202438323
3552700,Óbitos - pedestres,14994,Não,0.5253623506515719,0.04808578944780263
3552809,Óbitos - pedestres,284274,Sim,0.0022969997589900207,-0.2234400697448556
3552908,Óbitos - pedestres,6399,Sim,NA,NA
3553005,Óbitos - pedestres,13006,Sim,0.9312671923821078,-0.006942868582544188
3553104,Óbitos - pedestres,5751,Não,NA,NA
3553203,Óbitos - pedestres,6733,Não,0.08843457506096046,0.12803687993289598
3553302,Óbitos - pedestres,21682,Sim,0.21507680408400928,-0.09276243074091296
3553401,Óbitos - pedestres,26021,Sim,0.46653438217377896,-0.05470908643046067
3553500,Óbitos - pedestres,8122,Não,0.6356384480267425,-0.03606434208585198
3553609,Óbitos - pedestres,11936,Não,0.740951506747112,-0.025187150068724712
3553658,Óbitos - pedestres,2652,Não,0.5385947734127231,0.0465831085275588
3553708,Óbitos - pedestres,53322,Sim,0.3156063864915269,-0.07482255885429051
3553807,Óbitos - pedestres,24863,Sim,0.6925724999026839,-0.030002636827193983
3553856,Óbitos - pedestres,7112,Sim,0.9942644721419854,0.0010715227438283564
3553906,Óbitos - pedestres,6635,Não,NA,NA
3553955,Óbitos - pedestres,15248,Sim,0.9736248523523469,0.0030801955820697322
3554003,Óbitos - pedestres,128560,Sim,0.21842874903862738,-0.08990947020995688
3554102,Óbitos - pedestres,321298,Sim,0.10991868142863129,-0.11266861162386736
3554201,Óbitos - pedestres,4142,Não,NA,NA
3554300,Óbitos - pedestres,22559,Sim,0.017289607175402028,-0.17803530464363052
3554409,Óbitos - pedestres,7985,Sim,0.30859324370256697,0.07663672693243545
3554508,Óbitos - pedestres,38690,Sim,0.9193860107214512,-0.007758037436618933
3554607,Óbitos - pedestres,2490,Não,0.10554884085234295,0.12168794373787634
3554656,Óbitos - pedestres,2063,Não,NA,NA
3554706,Óbitos - pedestres,9484,Sim,NA,NA
3554755,Óbitos - pedestres,1719,Não,0.15511863952574964,-0.10657476713961272
3554805,Óbitos - pedestres,53083,Sim,0.44748926215012774,0.057024207377857246
3554904,Óbitos - pedestres,7013,Não,NA,NA
3554953,Óbitos - pedestres,6947,Não,NA,NA
3555000,Óbitos - pedestres,65416,Sim,0.5126828262313561,0.04909195752642058
3555109,Óbitos - pedestres,16206,Sim,0.7120248789907961,-0.028570212877588357
3555208,Óbitos - pedestres,1839,Não,NA,NA
3555307,Óbitos - pedestres,1672,Não,NA,NA
3555356,Óbitos - pedestres,5456,Não,NA,NA
3555406,Óbitos - pedestres,96598,Sim,0.29965087565246795,-0.07623523418523719
3555505,Óbitos - pedestres,5265,Não,NA,NA
3555604,Óbitos - pedestres,10627,Não,0.06409871755178354,-0.13860880119313795
3555703,Óbitos - pedestres,1628,Sim,NA,NA
3555802,Óbitos - pedestres,8973,Não,0.4955643345688332,-0.05184964559266035
3555901,Óbitos - pedestres,1419,Não,0.1728916463744668,-0.10264113515281743
3556008,Óbitos - pedestres,14038,Sim,0.09957381056563878,-0.12380425580288287
3556107,Óbitos - pedestres,14531,Não,0.8166449058231093,-0.01803217104292599
3556206,Óbitos - pedestres,131277,Sim,0.4957283176343326,0.05014884136668994
3556305,Óbitos - pedestres,24723,Sim,0.2463290757534473,-0.08715549337414227
3556354,Óbitos - pedestres,10805,Sim,1,0.00036356365817454797
3556404,Óbitos - pedestres,41226,Sim,0.8832354521083863,-0.011270473403410988
3556453,Óbitos - pedestres,52103,Sim,0.7907046342587474,-0.02001426471411063
3556503,Óbitos - pedestres,119576,Sim,0.7141935121364876,-0.027447197143715386
3556602,Óbitos - pedestres,10294,Não,0.9117030182222742,0.009016085521462994
3556701,Óbitos - pedestres,79235,Sim,0.8104219947967257,0.018072071580822784
3556800,Óbitos - pedestres,17681,Sim,0.45037475120211384,-0.05679070542290289
3556909,Óbitos - pedestres,8327,Sim,NA,NA
3556958,Óbitos - pedestres,1826,Sim,NA,NA
3557006,Óbitos - pedestres,132849,Sim,0.9008299177217262,0.00951106953282439
3557105,Óbitos - pedestres,100159,Sim,0.3635614150147587,-0.06687131162270682
3557154,Óbitos - pedestres,2761,Não,0.30667287853713887,-0.07724539037273889
3557204,Óbitos - pedestres,12411,Não,0.05515954961462909,-0.14353711412444953
3557303,Óbitos - pedestres,11566,Sim,0.9095700148856819,0.009523404292529453
3500105,Óbitos - ciclistas,35642,Sim,0.8202979028298376,0.01798865255255563
3500204,Óbitos - ciclistas,4478,Sim,NA,NA
3500303,Óbitos - ciclistas,32888,Não,0.8817267151677857,0.011704743211864982
3500402,Óbitos - ciclistas,7470,Sim,NA,NA
3500501,Óbitos - ciclistas,18245,Sim,0.18201522828242966,0.10052482308781088
3500550,Óbitos - ciclistas,7407,Não,0.1251915153918926,-0.1153390075428567
3500600,Óbitos - ciclistas,2829,Sim,NA,NA
3500709,Óbitos - ciclistas,38879,Sim,0.7854787980035014,-0.021037532883413652
3500758,Óbitos - ciclistas,6330,Não,0.08844005775636596,0.12772787822072573
3500808,Óbitos - ciclistas,4556,Não,0.18663228393404707,-0.09917694073609293
3500907,Óbitos - ciclistas,3479,Não,NA,NA
3501004,Óbitos - ciclistas,17156,Sim,0.46034676870980673,0.05608226972267344
3501103,Óbitos - ciclistas,3883,Não,NA,NA
3501152,Óbitos - ciclistas,17591,Sim,0.13979578514300867,-0.11110638341284361
3501202,Óbitos - ciclistas,3978,Não,0.15567713513887965,-0.10687375928283052
3501301,Óbitos - ciclistas,28250,Não,0.848103730675566,0.015026809202438323
3501400,Óbitos - ciclistas,4896,Não,0.5509749525416405,0.04550070939764072
3501509,Óbitos - ciclistas,2923,Não,NA,NA
3501608,Óbitos - ciclistas,246655,Sim,0.7152810252107704,0.027308761653394405
3501707,Óbitos - ciclistas,33757,Sim,0.19818564765177604,0.09643704694455209
3501806,Óbitos - ciclistas,5975,Sim,NA,NA
3501905,Óbitos - ciclistas,69717,Sim,0.45658801291101553,0.055674028045269275
3502002,Óbitos - ciclistas,4684,Não,NA,NA
3502101,Óbitos - ciclistas,61473,Sim,0.16607121443339204,-0.1033121145565275
3502200,Óbitos - ciclistas,24512,Sim,0.24434118479382266,0.08782695069777162
3502309,Óbitos - ciclistas,5766,Não,NA,NA
3502408,Óbitos - ciclistas,4108,Não,NA,NA
3502507,Óbitos - ciclistas,33223,Sim,0.7375204853617956,-0.025204637802517537
3502606,Óbitos - ciclistas,4124,Não,NA,NA
3502705,Óbitos - ciclistas,24886,Sim,0.1805622406836737,0.10041437597547327
3502754,Óbitos - ciclistas,22168,Sim,0.23820954796444616,0.0886581742943861
3502804,Óbitos - ciclistas,207775,Sim,0.0011491903013004573,-0.23709162858623126
3502903,Óbitos - ciclistas,33656,Sim,0.7982928748728141,-0.020104964617562178
3503000,Óbitos - ciclistas,5526,Não,NA,NA
3503109,Óbitos - ciclistas,7050,Sim,0.14757323088385482,0.10899007134783706
3503158,Óbitos - ciclistas,2355,Não,NA,NA
3503208,Óbitos - ciclistas,252318,Sim,0.5618593591231479,0.04313724154912863
3503307,Óbitos - ciclistas,135331,Sim,0.7339666280503158,-0.025507534896708758
3503356,Óbitos - ciclistas,2085,Não,NA,NA
3503406,Óbitos - ciclistas,8280,Sim,NA,NA
3503505,Óbitos - ciclistas,3625,Não,NA,NA
3503604,Óbitos - ciclistas,10257,Não,NA,NA
3503703,Óbitos - ciclistas,7653,Não,NA,NA
3503802,Óbitos - ciclistas,53157,Sim,0.968766274539379,0.003262537965202721
3503901,Óbitos - ciclistas,89943,Sim,0.6838412423781786,0.030654429189627845
3503950,Óbitos - ciclistas,1873,Sim,NA,NA
3504008,Óbitos - ciclistas,104642,Sim,0.6244459034442305,-0.036796323944151686
3504107,Óbitos - ciclistas,166043,Sim,0.04896146649942125,0.14600512619892575
3504206,Óbitos - ciclistas,13873,Não,0.42657486437015874,0.060314893852686534
3504305,Óbitos - ciclistas,4519,Sim,1,-0.0010581560325032724
3504404,Óbitos - ciclistas,11438,Não,0.9547121143929116,0.0052907801625163625
3504503,Óbitos - ciclistas,96098,Sim,0.95751059957571,0.004412023099230699
3504602,Óbitos - ciclistas,28909,Não,0.13233766225136445,-0.11322269547785016
3504701,Óbitos - ciclistas,3963,Não,NA,NA
3504800,Óbitos - ciclistas,9854,Não,0.02563414667320292,0.16694660054817947
3504909,Óbitos - ciclistas,10109,Sim,0.13233766225136445,-0.11322269547785016
3505005,Óbitos - ciclistas,3618,Não,0.5700997559707528,-0.04338439733263417
3505104,Óbitos - ciclistas,5659,Não,NA,NA
3505203,Óbitos - ciclistas,32405,Sim,0.6506392984298162,-0.034288727802507406
3505302,Óbitos - ciclistas,35159,Sim,0.1735353843912616,-0.10218230257658059
3505351,Óbitos - ciclistas,5256,Não,NA,NA
3505401,Óbitos - ciclistas,6922,Sim,0.23302620839151553,-0.08994326276277816
3505500,Óbitos - ciclistas,126600,Sim,0.4693778091902435,0.05382387922783076
3505609,Óbitos - ciclistas,33181,Não,0.6909743002727755,-0.0306865249425949
3505708,Óbitos - ciclistas,330339,Sim,0.7117462316186844,-0.027757006187582606
3505807,Óbitos - ciclistas,21900,Sim,0.6495958812836151,-0.03491914907260799
3505906,Óbitos - ciclistas,59873,Sim,0.7792084395480884,-0.02143045487656713
3506003,Óbitos - ciclistas,391740,Sim,0.10941678767994797,0.11867890077208954
3506102,Óbitos - ciclistas,78210,Sim,0.9245557688072643,0.0074736423296211385
3506201,Óbitos - ciclistas,2642,Não,NA,NA
3506300,Óbitos - ciclistas,11852,Sim,0.42657486437015874,-0.060314893852686534
3506359,Óbitos - ciclistas,66873,Sim,0.6400151987154834,0.03482554980661035
3506409,Óbitos - ciclistas,7455,Não,0.8957336588174393,-0.010518766441706826
3506508,Óbitos - ciclistas,122988,Sim,0.44449019921993405,0.05662901922420898
3506607,Óbitos - ciclistas,30526,Sim,0.23881973197811154,-0.08820291069236913
3506706,Óbitos - ciclistas,13135,Sim,NA,NA
3506805,Óbitos - ciclistas,11467,Sim,NA,NA
3506904,Óbitos - ciclistas,10688,Não,NA,NA
3507001,Óbitos - ciclistas,63415,Sim,0.360060709840368,0.06825633383010432
3507100,Óbitos - ciclistas,22501,Sim,0.9598678959345499,-0.004286090975313426
3507159,Óbitos - ciclistas,3610,Não,NA,NA
3507209,Óbitos - ciclistas,928,Não,NA,NA
3507308,Óbitos - ciclistas,4823,Não,NA,NA
3507407,Óbitos - ciclistas,14415,Não,0.09624028653837755,-0.12472251638023808
3507456,Óbitos - ciclistas,2787,Não,NA,NA
3507506,Óbitos - ciclistas,150442,Sim,0.7406537901152699,0.024989066594691654
3507605,Óbitos - ciclistas,184634,Sim,0.9395795128510508,-0.005909308827246879
3507704,Óbitos - ciclistas,5466,Não,NA,NA
3507753,Óbitos - ciclistas,2605,Não,NA,NA
3507803,Óbitos - ciclistas,26167,Sim,0.7354697753153349,0.025716545851880556
3507902,Óbitos - ciclistas,24423,Sim,NA,NA
3508009,Óbitos - ciclistas,20674,Sim,0.2546406180788838,0.08565281245389844
3508108,Óbitos - ciclistas,17597,Sim,0.4279911721437585,0.05948568395531871
3508207,Óbitos - ciclistas,4447,Sim,NA,NA
3508306,Óbitos - ciclistas,4362,Não,NA,NA
3508405,Óbitos - ciclistas,48473,Sim,0.979397994018236,-0.002398030785961645
3508504,Óbitos - ciclistas,99678,Sim,0.5724823892340604,0.04204990564674278
3508603,Óbitos - ciclistas,32482,Sim,0.741200408583403,-0.025025011870858215
3508702,Óbitos - ciclistas,17266,Não,0.2560364353464679,0.08571063863276507
3508801,Óbitos - ciclistas,16905,Sim,NA,NA
3508900,Óbitos - ciclistas,3745,Sim,NA,NA
3509007,Óbitos - ciclistas,98257,Sim,0.7546528410307146,0.024042894723901316
3509106,Óbitos - ciclistas,5585,Não,0.9095700148856819,0.009523404292529453
3509205,Óbitos - ciclistas,97363,Sim,0.19818564765177604,0.09643704694455209
3509254,Óbitos - ciclistas,29257,Sim,0.5046990160925766,0.05010583806350103
3509304,Óbitos - ciclistas,9232,Sim,NA,NA
3509403,Óbitos - ciclistas,24217,Sim,0.7120248789907961,-0.028570212877588357
3509452,Óbitos - ciclistas,6077,Sim,NA,NA
3509502,Óbitos - ciclistas,1185977,Sim,0.09134677290749287,0.1223544084584695
3509601,Óbitos - ciclistas,79663,Sim,0.7854787980035014,-0.021037532883413652
3509700,Óbitos - ciclistas,47983,Sim,0.34054957011057435,0.07147477420753733
3509809,Óbitos - ciclistas,4991,Não,NA,NA
3509908,Óbitos - ciclistas,12489,Sim,0.19728863036587574,-0.09644835514121415
3509957,Óbitos - ciclistas,5049,Não,0.6500852343688153,-0.03456166116560814
3510005,Óbitos - ciclistas,30172,Sim,0.7445756095061777,-0.02466748950818512
3510104,Óbitos - ciclistas,2951,Não,NA,NA
3510153,Óbitos - ciclistas,6524,Não,NA,NA
3510203,Óbitos - ciclistas,47403,Sim,0.13120021107651944,0.11268809776283258
3510302,Óbitos - ciclistas,23597,Sim,0.8798064377518815,0.012021447361950658
3510401,Óbitos - ciclistas,51318,Sim,0.7120248789907961,0.028570212877588357
3510500,Óbitos - ciclistas,141084,Sim,0.1483595216434146,0.1067863247210922
3510609,Óbitos - ciclistas,398462,Sim,0.07387185599305696,0.13304220207151662
3510708,Óbitos - ciclistas,11491,Não,0.28073749092908096,-0.08114476969316695
3510807,Óbitos - ciclistas,28786,Sim,0.5270572428012292,-0.04753194644972559
3510906,Óbitos - ciclistas,2855,Não,NA,NA
3511003,Óbitos - ciclistas,20418,Não,0.14757323088385482,0.10899007134783706
3511102,Óbitos - ciclistas,119172,Sim,0.8812719223252703,0.011440873831374895
3511201,Óbitos - ciclistas,7105,Não,NA,NA
3511300,Óbitos - ciclistas,13160,Não,0.6701599895852286,-0.03280283700760145
3511409,Óbitos - ciclistas,22076,Sim,0.30667287853713887,-0.07724539037273889
3511508,Óbitos - ciclistas,46217,Sim,0.2073423563791119,-0.09441729432353696
3511607,Óbitos - ciclistas,19588,Sim,0.6097838059128993,-0.03857481877782083
3511706,Óbitos - ciclistas,15798,Sim,0.5136980801516956,-0.04973333352765381
3511904,Óbitos - ciclistas,7087,Não,NA,NA
3512001,Óbitos - ciclistas,18842,Sim,0.6231864550527252,0.037060994033537874
3512100,Óbitos - ciclistas,6781,Não,NA,NA
3512209,Óbitos - ciclistas,29034,Sim,0.9141327654975427,-0.008572181950626851
3512308,Óbitos - ciclistas,15381,Sim,0.3720264559738594,0.06714826368912016
3512407,Óbitos - ciclistas,25130,Sim,0.5517615073179121,-0.04497085549821809
3512506,Óbitos - ciclistas,5498,Não,NA,NA
3512605,Óbitos - ciclistas,4295,Não,NA,NA
3512704,Óbitos - ciclistas,4285,Não,NA,NA
3512803,Óbitos - ciclistas,61204,Sim,0.7212200705149534,-0.026980066649577476
3512902,Óbitos - ciclistas,8968,Sim,0.15567713513887965,0.10687375928283052
3513009,Óbitos - ciclistas,287004,Sim,0.14332659514483168,0.10946198469257147
3513108,Óbitos - ciclistas,34252,Sim,1,0.0010581560325032724
3513207,Óbitos - ciclistas,9543,Sim,NA,NA
3513306,Óbitos - ciclistas,2129,Não,NA,NA
3513405,Óbitos - ciclistas,76513,Sim,0.6190780036222563,-0.03736821164810569
3513504,Óbitos - ciclistas,115082,Sim,0.37474724713088603,0.06466398462001478
3513603,Óbitos - ciclistas,22456,Sim,0.848103730675566,-0.015026809202438323
3513702,Óbitos - ciclistas,32622,Não,0.8424453192562011,0.015872340487549087
3513801,Óbitos - ciclistas,404118,Sim,0.9036743367227618,-0.009277475462728576
3513850,Óbitos - ciclistas,1641,Não,NA,NA
3513900,Óbitos - ciclistas,11314,Não,1,0.0010581560325032724
3514007,Óbitos - ciclistas,8958,Sim,0.41024551498144407,-0.06243120591769308
3514106,Óbitos - ciclistas,24855,Sim,0.08844005775636596,-0.12772787822072573
3514205,Óbitos - ciclistas,2250,Não,NA,NA
3514304,Óbitos - ciclistas,8186,Sim,0.4955643345688332,-0.05184964559266035
3514403,Óbitos - ciclistas,46664,Sim,0.1494211376755196,0.10819302625755592
3514502,Óbitos - ciclistas,12529,Não,NA,NA
3514601,Óbitos - ciclistas,9719,Não,NA,NA
3514700,Óbitos - ciclistas,6295,Não,NA,NA
3514809,Óbitos - ciclistas,13162,Sim,0.14757323088385482,0.10899007134783706
3514908,Óbitos - ciclistas,18103,Não,1,6.160391164139464e-4
3514924,Óbitos - ciclistas,3189,Não,NA,NA
3514957,Óbitos - ciclistas,2353,Não,NA,NA
3515004,Óbitos - ciclistas,259323,Sim,0.2855863943909796,0.07999798876749757
3515103,Óbitos - ciclistas,68805,Sim,0.3720264559738594,-0.06714826368912016
3515129,Óbitos - ciclistas,3062,Não,NA,NA
3515152,Óbitos - ciclistas,20139,Sim,0.9084444677726318,0.00907913583871163
3515186,Óbitos - ciclistas,40681,Sim,0.42580139950678186,-0.060107236809753294
3515194,Óbitos - ciclistas,4217,Sim,NA,NA
3515202,Óbitos - ciclistas,9655,Não,0.6316510098679067,-0.036346307868422835
3515301,Óbitos - ciclistas,2749,Não,0.23820954796444616,0.0886581742943861
3515350,Óbitos - ciclistas,7928,Não,0.6199399050080021,0.03757838610125073
3515400,Óbitos - ciclistas,16984,Não,0.30667287853713887,-0.07724539037273889
3515509,Óbitos - ciclistas,73286,Sim,0.9074903344470572,-0.008993905695684368
3515608,Óbitos - ciclistas,6066,Não,NA,NA
3515657,Óbitos - ciclistas,1689,Não,0.37872274833793185,-0.06666383004770617
3515707,Óbitos - ciclistas,185622,Sim,0.12297912549683658,-0.11570643085877508
3515806,Óbitos - ciclistas,1492,Não,NA,NA
3515905,Óbitos - ciclistas,2756,Não,0.6292953413654911,-0.037035461137614537
3516002,Óbitos - ciclistas,13171,Não,NA,NA
3516101,Óbitos - ciclistas,3987,Sim,NA,NA
3516200,Óbitos - ciclistas,364331,Sim,0.7860199450117336,0.020008474802058335
3516309,Óbitos - ciclistas,171107,Sim,0.15238881197823714,0.10707423111957368
3516408,Óbitos - ciclistas,149786,Sim,0.10116432457806607,-0.12195535189889027
3516507,Óbitos - ciclistas,2811,Não,NA,NA
3516606,Óbitos - ciclistas,6435,Não,NA,NA
3516705,Óbitos - ciclistas,43115,Sim,0.41418060133573203,-0.061609917729997125
3516804,Óbitos - ciclistas,3235,Não,NA,NA
3516853,Óbitos - ciclistas,4797,Sim,NA,NA
3516903,Óbitos - ciclistas,10449,Não,0.10554884085234295,0.12168794373787634
3517000,Óbitos - ciclistas,10355,Não,0.3484857490017159,-0.07062600325146011
3517109,Óbitos - ciclistas,4173,Sim,0.46034676870980673,-0.05608226972267344
3517208,Óbitos - ciclistas,11459,Não,NA,NA
3517307,Óbitos - ciclistas,5606,Não,0.11834981273562829,-0.11745531960786325
3517406,Óbitos - ciclistas,40424,Sim,0.22485779892377855,-0.09064556370935017
3517505,Óbitos - ciclistas,22316,Sim,0.2004454243561126,-0.09617157889560526
3517604,Óbitos - ciclistas,17256,Sim,0.8323407505694547,0.016529490122682153
3517703,Óbitos - ciclistas,18790,Sim,0.89478697187026,0.010472664979037089
3517802,Óbitos - ciclistas,7486,Sim,NA,NA
3517901,Óbitos - ciclistas,10542,Não,0.18663228393404707,-0.09917694073609293
3518008,Óbitos - ciclistas,1999,Não,NA,NA
3518107,Óbitos - ciclistas,6531,Não,0.13979578514300867,0.11110638341284361
3518206,Óbitos - ciclistas,31872,Sim,0.024572557116425135,0.16830026306730922
3518305,Óbitos - ciclistas,32436,Sim,0.11542760122863178,-0.11774062962190669
3518404,Óbitos - ciclistas,121710,Sim,0.890769599044095,0.010438578638090912
3518503,Óbitos - ciclistas,15268,Sim,NA,NA
3518602,Óbitos - ciclistas,38609,Sim,0.9604462851213468,0.004312273814897625
3518701,Óbitos - ciclistas,294973,Sim,0.47976075008488583,-0.05144672969203306
3518800,Óbitos - ciclistas,1345364,Sim,0.019181024136007647,0.1668849613598003
3518859,Óbitos - ciclistas,7462,Não,0.9277081202098714,-0.007513404601219162
3518909,Óbitos - ciclistas,4276,Não,NA,NA
3519006,Óbitos - ciclistas,9302,Não,NA,NA
3519055,Óbitos - ciclistas,15596,Sim,0.8870988466073298,-0.011639716357535997
3519071,Óbitos - ciclistas,247331,Sim,0.25426650686595775,0.08494783904619971
3519105,Óbitos - ciclistas,10633,Não,0.3182714424658921,0.07513404601219162
3519204,Óbitos - ciclistas,6207,Não,NA,NA
3519253,Óbitos - ciclistas,8257,Não,0.11834981273562829,-0.11745531960786325
3519303,Óbitos - ciclistas,33110,Sim,0.8236577921778118,0.017144363901253703
3519402,Óbitos - ciclistas,11934,Não,0.36353630832338846,-0.06878014211271272
3519501,Óbitos - ciclistas,6461,Não,0.8798064377518815,0.012021447361950658
3519600,Óbitos - ciclistas,61908,Sim,0.21758098283122784,-0.0923053716548049
3519709,Óbitos - ciclistas,77651,Sim,0.5799122055642083,0.0417893870093059
3519808,Óbitos - ciclistas,7969,Sim,0.13674683971246215,0.11143836535814908
3519907,Óbitos - ciclistas,7739,Sim,NA,NA
3520004,Óbitos - ciclistas,23430,Sim,0.021966669976307276,0.17118649625015112
3520103,Óbitos - ciclistas,26755,Sim,NA,NA
3520202,Óbitos - ciclistas,10904,Sim,0.7764469400088094,0.022221276682568722
3520301,Óbitos - ciclistas,29881,Sim,0.12074515170163169,-0.11595480234501583
3520400,Óbitos - ciclistas,36329,Sim,0.6794253753597326,-0.031280797797180654
3520426,Óbitos - ciclistas,13955,Sim,0.10522024155689397,-0.12135970593354745
3520442,Óbitos - ciclistas,26240,Sim,0.6915529936645575,0.030185916704283375
3520509,Óbitos - ciclistas,267796,Sim,0.6336377913907514,-0.035394059439226605
3520608,Óbitos - ciclistas,5191,Não,0.5509749525416405,0.04550070939764072
3520707,Óbitos - ciclistas,4109,Não,NA,NA
3520806,Óbitos - ciclistas,3671,Sim,NA,NA
3520905,Óbitos - ciclistas,13933,Sim,0.13674683971246215,0.11143836535814908
3521002,Óbitos - ciclistas,37999,Sim,0.3991778969217892,0.06345202899063648
3521101,Óbitos - ciclistas,6999,Não,NA,NA
3521150,Óbitos - ciclistas,7037,Sim,NA,NA
3521200,Óbitos - ciclistas,4091,Não,0.3487366601388051,-0.07089645417771925
3521309,Óbitos - ciclistas,14691,Sim,0.20839753901316008,-0.09429400145689537
3521408,Óbitos - ciclistas,22435,Sim,NA,NA
3521507,Óbitos - ciclistas,6946,Não,0.6071613683580759,0.03906970392633964
3521606,Óbitos - ciclistas,7145,Não,NA,NA
3521705,Óbitos - ciclistas,18258,Sim,0.7786872921142717,-0.021561369074488124
3521804,Óbitos - ciclistas,25930,Sim,0.41418060133573203,0.061609917729997125
3521903,Óbitos - ciclistas,17420,Não,NA,NA
3522000,Óbitos - ciclistas,3702,Não,NA,NA
3522109,Óbitos - ciclistas,117435,Sim,0.1598575187525578,0.10154959641894053
3522158,Óbitos - ciclistas,3490,Não,NA,NA
3522208,Óbitos - ciclistas,163928,Sim,0.6593956232242126,0.03321416304145341
3522307,Óbitos - ciclistas,163774,Sim,0.7387472074606614,-0.025044213601189153
3522406,Óbitos - ciclistas,92324,Sim,0.9516255378383239,-0.00486924269827259
3522505,Óbitos - ciclistas,241924,Sim,0.09113568701838376,0.12624778735793982
3522604,Óbitos - ciclistas,73919,Sim,0.8567920174425147,0.013718980069724737
3522653,Óbitos - ciclistas,4405,Não,NA,NA
3522703,Óbitos - ciclistas,40464,Sim,0.4674826445781202,0.05456273080039578
3522802,Óbitos - ciclistas,14260,Sim,NA,NA
3522901,Óbitos - ciclistas,13984,Não,0.9588028587110455,0.004331187387301936
3523008,Óbitos - ciclistas,4014,Não,0.8424453192562011,-0.015872340487549087
3523107,Óbitos - ciclistas,382521,Sim,0.9152226408139934,-0.008150458828278449
3523206,Óbitos - ciclistas,45327,Sim,0.29554605537318085,0.0784426160144684
3523305,Óbitos - ciclistas,15762,Sim,0.9485250199570686,-0.005275667729115619
3523404,Óbitos - ciclistas,126403,Sim,0.7838978506183129,-0.02080447575124005
3523503,Óbitos - ciclistas,19427,Sim,0.9117030182222742,0.009016085521462994
3523602,Óbitos - ciclistas,16433,Sim,0.3463509216888616,0.07072050109267153
3523701,Óbitos - ciclistas,5861,Não,NA,NA
3523800,Óbitos - ciclistas,8210,Sim,0.8639276997001355,0.01352412828219449
3523909,Óbitos - ciclistas,174561,Sim,0.5012834705207019,0.049819301241355585
3524006,Óbitos - ciclistas,74119,Sim,0.07100526179076681,0.13497096566413694
3524105,Óbitos - ciclistas,38451,Sim,0.42332456426410037,0.06015538037919357
3524204,Óbitos - ciclistas,6293,Sim,NA,NA
3524303,Óbitos - ciclistas,73467,Sim,0.675446848230436,-0.03139932153579621
3524402,Óbitos - ciclistas,249968,Sim,0.3707308132001771,-0.06599098888579463
3524501,Óbitos - ciclistas,7878,Não,NA,NA
3524600,Óbitos - ciclistas,16254,Sim,0.8636947834620671,0.013236069297692098
3524709,Óbitos - ciclistas,61801,Sim,0.6517294222611791,0.03405042598821692
3524808,Óbitos - ciclistas,50017,Sim,0.2825865687622943,-0.08070112425022698
3524907,Óbitos - ciclistas,6575,Não,NA,NA
3525003,Óbitos - ciclistas,121988,Sim,0.9117030182222742,0.009016085521462994
3525102,Óbitos - ciclistas,46868,Sim,0.29756781431407625,0.07781380543193774
3525201,Óbitos - ciclistas,39531,Sim,0.28378273858335856,-0.08036758818660261
3525300,Óbitos - ciclistas,137323,Sim,0.1379754182428819,0.11081429024925799
3525409,Óbitos - ciclistas,3976,Não,NA,NA
3525508,Óbitos - ciclistas,13095,Não,NA,NA
3525607,Óbitos - ciclistas,4456,Não,0.03341299650537334,0.15928417754584623
3525706,Óbitos - ciclistas,37859,Sim,0.07685794168749949,0.13234183683422585
3525805,Óbitos - ciclistas,4308,Não,NA,NA
3525854,Óbitos - ciclistas,3123,Não,0.36353630832338846,-0.06878014211271272
3525904,Óbitos - ciclistas,460313,Sim,0.3867757647549824,-0.06363051606330294
3526001,Óbitos - ciclistas,20878,Sim,0.15567713513887965,0.10687375928283052
3526100,Óbitos - ciclistas,17255,Sim,0.89478697187026,0.010472664979037089
3526209,Óbitos - ciclistas,28007,Sim,0.4432770342080009,-0.05819858178767998
3526308,Óbitos - ciclistas,5182,Não,0.7120248789907961,0.028570212877588357
3526407,Óbitos - ciclistas,27009,Sim,0.06218420741883706,0.1397493255826764
3526506,Óbitos - ciclistas,9909,Não,0.06506401000750683,-0.13824664466243256
3526605,Óbitos - ciclistas,7328,Não,NA,NA
3526704,Óbitos - ciclistas,101316,Sim,0.16763844996330035,-0.10315999286526555
3526803,Óbitos - ciclistas,68395,Sim,0.4850877357059227,0.05241841520489338
3526902,Óbitos - ciclistas,300728,Sim,0.2100046558902022,0.09155080766540342
3527009,Óbitos - ciclistas,7147,Sim,0.9095700148856819,0.009523404292529453
3527108,Óbitos - ciclistas,76729,Sim,0.6837687628758994,-0.0307684572182683
3527207,Óbitos - ciclistas,87370,Sim,0.7241546549696888,0.02622324635971227
3527256,Óbitos - ciclistas,1968,Não,NA,NA
3527306,Óbitos - ciclistas,54111,Sim,0.6054638825612835,0.03898068648571743
3527405,Óbitos - ciclistas,20372,Sim,NA,NA
3527504,Óbitos - ciclistas,2419,Não,NA,NA
3527603,Óbitos - ciclistas,12531,Sim,NA,NA
3527702,Óbitos - ciclistas,4751,Não,0.7764469400088094,-0.022221276682568722
3527801,Óbitos - ciclistas,4017,Não,NA,NA
3527900,Óbitos - ciclistas,2699,Não,0.33432557577327604,-0.0730127662427258
3528007,Óbitos - ciclistas,17120,Não,0.7463305381897678,0.024645023108052198
3528106,Óbitos - ciclistas,7587,Não,0.41024551498144407,-0.06243120591769308
3528205,Óbitos - ciclistas,4048,Sim,NA,NA
3528304,Óbitos - ciclistas,3212,Não,NA,NA
3528403,Óbitos - ciclistas,51660,Sim,0.4994056660312098,-0.051091151288290296
3528502,Óbitos - ciclistas,97399,Sim,0.9279710531047741,0.007218645645503228
3528601,Óbitos - ciclistas,10092,Não,NA,NA
3528700,Óbitos - ciclistas,4627,Não,0.32030416261919686,0.07512907830773234
3528809,Óbitos - ciclistas,12826,Não,0.42657486437015874,-0.060314893852686534
3528858,Óbitos - ciclistas,3392,Não,NA,NA
3528908,Óbitos - ciclistas,3539,Sim,NA,NA
3529005,Óbitos - ciclistas,246627,Sim,0.08648077691675983,0.12757264572143068
3529104,Óbitos - ciclistas,1870,Não,0.08843457506096046,0.12803687993289598
3529203,Óbitos - ciclistas,25299,Sim,0.7332972502288411,-0.026453900812581813
3529302,Óbitos - ciclistas,80998,Sim,0.7614126671020081,0.022994420567160053
3529401,Óbitos - ciclistas,429380,Sim,0.8298979293664097,0.016271348454789804
3529500,Óbitos - ciclistas,6369,Não,0.9095700148856819,-0.009523404292529453
3529609,Óbitos - ciclistas,4697,Não,NA,NA
3529658,Óbitos - ciclistas,1988,Não,NA,NA
3529708,Óbitos - ciclistas,19655,Sim,0.42332456426410037,0.06015538037919357
3529807,Óbitos - ciclistas,11349,Não,NA,NA
3529906,Óbitos - ciclistas,18679,Sim,0.97656647465237445,-0.002544945607221836
3530003,Óbitos - ciclistas,3199,Não,NA,NA
3530102,Óbitos - ciclistas,28737,Sim,NA,NA
3530201,Óbitos - ciclistas,16069,Não,NA,NA
3530300,Óbitos - ciclistas,65485,Sim,1,6.143207333835296e-4
3530409,Óbitos - ciclistas,4771,Sim,0.14757323088385482,-0.10899007134783706
3530508,Óbitos - ciclistas,69324,Sim,0.26834454056588686,0.08278035617648839
3530607,Óbitos - ciclistas,468120,Sim,0.28302830246397676,-0.07851993776502506
3530706,Óbitos - ciclistas,159735,Sim,0.5338255241114658,-0.0460247295254408
3530805,Óbitos - ciclistas,95534,Sim,0.8704664147753287,0.012436041133915634
3530904,Óbitos - ciclistas,3815,Não,NA,NA
3531001,Óbitos - ciclistas,1954,Sim,NA,NA
3531100,Óbitos - ciclistas,64519,Sim,0.0314529156974096,0.16068500904299549
3531209,Óbitos - ciclistas,8873,Sim,0.3589495517331251,0.06912332233121628
3531308,Óbitos - ciclistas,48725,Sim,0.284131873595201,-0.08036420578712673
3531407,Óbitos - ciclistas,22650,Não,0.29343154857849174,0.07936170243774543
3531506,Óbitos - ciclistas,18363,Sim,0.6092711424152878,-0.03915177320262108
3531605,Óbitos - ciclistas,4301,Não,0.1251915153918926,0.1153390075428567
3531704,Óbitos - ciclistas,4205,Não,0.08843457506096046,0.12803687993289598
3531803,Óbitos - ciclistas,67296,Sim,0.08844279807078723,0.12751120651557443
3531902,Óbitos - ciclistas,28561,Sim,0.12546567855355767,0.11471634644333421
3532009,Óbitos - ciclistas,14081,Sim,0.16725027584473204,0.10368498349682442
3532058,Óbitos - ciclistas,4079,Não,NA,NA
3532108,Óbitos - ciclistas,3763,Não,NA,NA
3532157,Óbitos - ciclistas,2699,Não,NA,NA
3532207,Óbitos - ciclistas,5908,Não,0.8647180811901104,-0.013756028422542543
3532306,Óbitos - ciclistas,7134,Sim,NA,NA
3532405,Óbitos - ciclistas,18620,Sim,0.06409871755178354,-0.13860880119313795
3532504,Óbitos - ciclistas,9921,Não,0.8557059192882591,-0.014168899677520767
3532603,Óbitos - ciclistas,9944,Não,0.07436969803634165,0.13373860190170106
3532702,Óbitos - ciclistas,4860,Sim,NA,NA
3532801,Óbitos - ciclistas,6858,Não,0.6213290078822918,0.03756702300609581
3532827,Óbitos - ciclistas,8631,Sim,0.21152242941072893,0.09417588689279124
3532843,Óbitos - ciclistas,2058,Sim,NA,NA
3532868,Óbitos - ciclistas,1074,Não,NA,NA
3532900,Óbitos - ciclistas,9459,Não,NA,NA
3533007,Óbitos - ciclistas,19725,Sim,0.08862198747854212,0.1275200970976869
3533106,Óbitos - ciclistas,2188,Não,NA,NA
3533205,Óbitos - ciclistas,4795,Não,NA,NA
3533254,Óbitos - ciclistas,4469,Não,NA,NA
3533304,Óbitos - ciclistas,2838,Sim,0.3487366601388051,-0.07089645417771925
3533403,Óbitos - ciclistas,64228,Sim,0.6083244178164177,-0.03881046433407862
3533502,Óbitos - ciclistas,39435,Sim,0.06310910959341626,-0.1384821961076858
3533601,Óbitos - ciclistas,7550,Não,0.46034676870980673,0.05608226972267344
3533700,Óbitos - ciclistas,4412,Não,NA,NA
3533809,Óbitos - ciclistas,2540,Não,NA,NA
3533908,Óbitos - ciclistas,56701,Sim,0.284131873595201,-0.08036420578712673
3534005,Óbitos - ciclistas,4912,Não,NA,NA
3534104,Óbitos - ciclistas,6180,Não,0.42657486437015874,-0.060314893852686534
3534203,Óbitos - ciclistas,6145,Não,NA,NA
3534302,Óbitos - ciclistas,39193,Sim,0.02065922343217321,0.17262412608077182
3534401,Óbitos - ciclistas,756952,Sim,0.32339676883548363,0.07329095187509545
3534500,Óbitos - ciclistas,2504,Não,NA,NA
3534609,Óbitos - ciclistas,32099,Sim,0.14381217480972822,0.10969570717779975
3534708,Óbitos - ciclistas,106877,Sim,0.33156141685731016,0.0726362206597263
3534757,Óbitos - ciclistas,10596,Não,0.06895943203425862,-0.13608338846620127
3534807,Óbitos - ciclistas,7901,Não,NA,NA
3534906,Óbitos - ciclistas,15217,Não,0.37872274833793185,0.06666383004770617
3535002,Óbitos - ciclistas,11689,Não,NA,NA
3535101,Óbitos - ciclistas,9709,Sim,NA,NA
3535200,Óbitos - ciclistas,8994,Sim,0.1251915153918926,0.1153390075428567
3535309,Óbitos - ciclistas,19767,Não,0.643455293269937,-0.03511422963559495
3535408,Óbitos - ciclistas,15214,Sim,0.7786872921142717,0.021561369074488124
3535507,Óbitos - ciclistas,42087,Sim,0.7537133438719673,-0.023824924735845774
3535606,Óbitos - ciclistas,17950,Sim,0.959799759679487,0.004508042760731497
3535705,Óbitos - ciclistas,6211,Sim,NA,NA
3535804,Óbitos - ciclistas,19799,Sim,0.4291595411484152,-0.059281416358646526
3535903,Óbitos - ciclistas,4111,Não,NA,NA
3536000,Óbitos - ciclistas,10729,Não,0.11180486307236102,-0.11957163167286979
3536109,Óbitos - ciclistas,7382,Não,NA,NA
3536208,Óbitos - ciclistas,19576,Sim,0.04806062143684586,-0.1478701386483132
3536257,Óbitos - ciclistas,3001,Sim,NA,NA
3536307,Óbitos - ciclistas,14837,Sim,0.2004454243561126,-0.09617157889560526
3536406,Óbitos - ciclistas,8200,Sim,0.6092711424152878,-0.03915177320262108
3536505,Óbitos - ciclistas,115690,Sim,0.5524832770077461,0.04475560300212001
3536570,Óbitos - ciclistas,2146,Não,NA,NA
3536604,Óbitos - ciclistas,7430,Não,0.14757323088385482,-0.10899007134783706
3536703,Óbitos - ciclistas,46223,Sim,0.7242128519177321,-0.02704825656438898
3536802,Óbitos - ciclistas,6718,Não,0.7332972502288411,-0.026453900812581813
3536901,Óbitos - ciclistas,2848,Sim,NA,NA
3537008,Óbitos - ciclistas,15742,Sim,0.23302620839151553,0.08994326276277816
3537107,Óbitos - ciclistas,44332,Sim,0.9758733198034499,0.0030053618404876645
3537156,Óbitos - ciclistas,2838,Não,NA,NA
3537206,Óbitos - ciclistas,11539,Sim,0.015413371493306342,-0.18108734370699225
3537305,Óbitos - ciclistas,63317,Sim,0.30391091655402147,0.07671193187482962
3537404,Óbitos - ciclistas,24389,Sim,0.6105359924993022,-0.03832403427860009
3537503,Óbitos - ciclistas,8969,Não,0.29911169141843474,0.07813940785267928
3537602,Óbitos - ciclistas,70543,Sim,0.9232489205781205,0.007451564828614009
3537701,Óbitos - ciclistas,5623,Não,NA,NA
3537800,Óbitos - ciclistas,54237,Sim,0.7786872921142717,0.021561369074488124
3537909,Óbitos - ciclistas,28417,Sim,0.48748799218860245,0.05236332489518544
3538006,Óbitos - ciclistas,172027,Sim,0.9094815104836977,-0.008371225249706458
3538105,Óbitos - ciclistas,14721,Não,0.7682019144901395,0.022501977620395484
3538204,Óbitos - ciclistas,15605,Sim,NA,NA
3538303,Óbitos - ciclistas,3296,Não,NA,NA
3538501,Óbitos - ciclistas,12570,Sim,0.5740749662855723,-0.0425066990325623
3538600,Óbitos - ciclistas,26764,Sim,0.19724782079204856,-0.09671814127698959
3538709,Óbitos - ciclistas,438827,Sim,0.30192604984501265,-0.07663902613770818
3538808,Óbitos - ciclistas,30261,Sim,0.848103730675566,-0.015026809202438323
3538907,Óbitos - ciclistas,22743,Sim,0.7982928748728141,-0.020104964617562178
3539004,Óbitos - ciclistas,11076,Não,0.8870988466073298,-0.011639716357535997
3539103,Óbitos - ciclistas,18836,Sim,1,-6.143207333835296e-4
3539202,Óbitos - ciclistas,26065,Sim,0.5931398250485791,-0.04057238484658347
3539301,Óbitos - ciclistas,75475,Sim,0.18662036507328725,0.09877606616495825
3539400,Óbitos - ciclistas,15554,Não,NA,NA
3539509,Óbitos - ciclistas,34416,Sim,0.7091898825247058,0.028236947835076475
3539608,Óbitos - ciclistas,4454,Não,0.6213290078822918,0.03756702300609581
3539707,Óbitos - ciclistas,3061,Não,NA,NA
3539806,Óbitos - ciclistas,106431,Sim,0.8262312371114936,0.016843506506174197
3539905,Óbitos - ciclistas,5696,Sim,0.9095700148856819,0.009523404292529453
3540002,Óbitos - ciclistas,20512,Não,NA,NA
3540101,Óbitos - ciclistas,3443,Não,0.9095700148856819,0.009523404292529453
3540200,Óbitos - ciclistas,38376,Sim,0.6699902681245373,0.03224328388324775
3540259,Óbitos - ciclistas,4196,Sim,NA,NA
3540309,Óbitos - ciclistas,2415,Não,NA,NA
3540408,Óbitos - ciclistas,4185,Não,NA,NA
3540507,Óbitos - ciclistas,10773,Sim,0.09957381056563878,0.12380425580288287
3540606,Óbitos - ciclistas,58345,Sim,0.808230216782991,0.018530497016768937
3540705,Óbitos - ciclistas,53940,Sim,0.9104465752581556,-0.008824046198461399
3540754,Óbitos - ciclistas,20767,Sim,0.05169946687057007,0.14576004926365174
3540804,Óbitos - ciclistas,18994,Sim,0.5895354407704203,-0.041268085267627624
3540853,Óbitos - ciclistas,2599,Não,NA,NA
3540903,Óbitos - ciclistas,17309,Sim,0.8947964990375653,0.010443452467520003
3541000,Óbitos - ciclistas,365577,Sim,0.47948595003032224,-0.0502241339431281
3541059,Óbitos - ciclistas,5246,Não,NA,NA
3541109,Óbitos - ciclistas,3841,Não,NA,NA
3541208,Óbitos - ciclistas,14772,Não,0.46034676870980673,0.05608226972267344
3541307,Óbitos - ciclistas,40383,Sim,0.6517907361022378,0.03391647581976991
3541406,Óbitos - ciclistas,234083,Sim,0.9609541056206427,-0.003999200239920028
3541505,Óbitos - ciclistas,35902,NA,0.6646647575581806,-0.03305898024536431
3541604,Óbitos - ciclistas,35991,Sim,0.11348694905844486,0.11871179269926274
3541653,Óbitos - ciclistas,3472,Não,NA,NA
3541703,Óbitos - ciclistas,13399,Sim,NA,NA
3541802,Óbitos - ciclistas,3351,Não,NA,NA
3541901,Óbitos - ciclistas,9146,Sim,0.8647180811901104,0.013756028422542543
3542008,Óbitos - ciclistas,7225,Não,0.6646647575581806,0.03305898024536431
3542107,Óbitos - ciclistas,9133,Sim,0.09387175039205094,0.12592056786788944
3542206,Óbitos - ciclistas,29305,Sim,0.40274954854153977,-0.06311259865024095
3542305,Óbitos - ciclistas,4611,Não,NA,NA
3542404,Óbitos - ciclistas,20565,Não,0.936974335906366,0.006429136462970139
3542503,Óbitos - ciclistas,7808,Não,NA,NA
3542602,Óbitos - ciclistas,61732,Sim,0.8155708611653284,-0.01766711363655993
3542701,Óbitos - ciclistas,6492,Não,0.11834981273562829,0.11745531960786325
3542800,Óbitos - ciclistas,3166,Não,0.4777780974592953,0.053965957657666895
3542909,Óbitos - ciclistas,11079,Não,0.23302620839151553,-0.08994326276277816
3543006,Óbitos - ciclistas,18930,Sim,0.08115763804515475,0.1307332400612134
3543105,Óbitos - ciclistas,4706,Não,NA,NA
3543204,Óbitos - ciclistas,4768,Não,0.7016771236296845,0.029241421642418525
3543238,Óbitos - ciclistas,2045,Não,NA,NA
3543253,Óbitos - ciclistas,7570,Sim,NA,NA
3543303,Óbitos - ciclistas,118877,Sim,0.7817856288536968,-0.020900367392325196
3543402,Óbitos - ciclistas,728400,Sim,0.5551177328510397,-0.04206601936456052
3543501,Óbitos - ciclistas,5647,Sim,NA,NA
3543600,Óbitos - ciclistas,4158,Sim,0.6909743002727755,0.0306865249425949
3543709,Óbitos - ciclistas,9145,Não,0.6646647575581806,0.03305898024536431
3543808,Óbitos - ciclistas,9357,Sim,0.12297912549683658,0.11570643085877508
3543907,Óbitos - ciclistas,208857,Sim,0.9486201207895053,0.004967034368073592
3544004,Óbitos - ciclistas,32267,Sim,0.29343154857849174,0.07936170243774543
3544103,Óbitos - ciclistas,45317,Sim,0.13979578514300867,-0.11110638341284361
3544202,Óbitos - ciclistas,10453,Não,0.30859324370256697,0.07663672693243545
3544251,Óbitos - ciclistas,17533,Sim,0.08826056795907057,-0.12752940640389035
3544301,Óbitos - ciclistas,11095,Não,0.7763816892409101,-0.021534457356546716
3544400,Óbitos - ciclistas,2741,Não,0.5321712241488489,-0.04761702146264726
3544509,Óbitos - ciclistas,3965,Não,NA,NA
3544608,Óbitos - ciclistas,5185,Não,NA,NA
3544707,Óbitos - ciclistas,2519,Não,NA,NA
3544806,Óbitos - ciclistas,6612,Não,0.2004454243561126,0.09617157889560526
3544905,Óbitos - ciclistas,11654,Não,0.3804623868794959,-0.06611796049072861
3545001,Óbitos - ciclistas,15396,Sim,0.5136980801516956,0.04973333352765381
3545100,Óbitos - ciclistas,4883,Não,0.13979578514300867,-0.11110638341284361
3545159,Óbitos - ciclistas,8371,Sim,0.08843457506096046,0.12803687993289598
3545209,Óbitos - ciclistas,140125,Sim,0.9647950282326104,0.00356392072833625
3545308,Óbitos - ciclistas,45138,Sim,0.16411439585699966,0.10475744721782397
3545407,Óbitos - ciclistas,9212,Não,NA,NA
3545506,Óbitos - ciclistas,3699,Não,NA,NA
3545605,Óbitos - ciclistas,14203,Não,0.5519922723312913,-0.04508042760731497
3545704,Óbitos - ciclistas,6543,Não,0.46034676870980673,-0.05608226972267344
3545803,Óbitos - ciclistas,189338,Sim,0.05399946465615851,0.14336810730253352
3546009,Óbitos - ciclistas,14212,Sim,NA,NA
3546108,Óbitos - ciclistas,2677,Sim,NA,NA
3546207,Óbitos - ciclistas,4365,Sim,NA,NA
3546256,Óbitos - ciclistas,2162,Não,NA,NA
3546306,Óbitos - ciclistas,29525,Sim,0.32719298480156866,-0.07343405122760034
3546405,Óbitos - ciclistas,47677,Sim,0.6889109685287718,0.030318311711113557
3546504,Óbitos - ciclistas,6256,Não,0.19149116416056666,0.09840851102280435
3546603,Óbitos - ciclistas,36098,Sim,0.06130350139911276,0.13981682605039866
3546702,Óbitos - ciclistas,24107,Sim,0.3327704817255965,-0.07266769949806583
3546801,Óbitos - ciclistas,54586,Sim,0.8262312371114936,0.016843506506174197
3546900,Óbitos - ciclistas,7181,Não,1,0.0010581560325032724
3547007,Óbitos - ciclistas,5314,Não,NA,NA
3547106,Óbitos - ciclistas,3012,Não,NA,NA
3547205,Óbitos - ciclistas,1698,Não,NA,NA
3547304,Óbitos - ciclistas,162341,Sim,0.21600245148659913,-0.09265248508384467
3547403,Óbitos - ciclistas,2790,Não,NA,NA
3547502,Óbitos - ciclistas,25060,Sim,0.679372257507671,0.031556299325120475
3547601,Óbitos - ciclistas,23725,Sim,NA,NA
3547650,Óbitos - ciclistas,1686,Não,NA,NA
3547700,Óbitos - ciclistas,18045,Sim,NA,NA
3547809,Óbitos - ciclistas,778711,Sim,0.5171573533604875,-0.04821722514159839
3547908,Óbitos - ciclistas,6917,Não,0.5122982815725874,-0.049588470368046464
3548005,Óbitos - ciclistas,23779,Sim,0.5136980801516956,0.04973333352765381
3548054,Óbitos - ciclistas,8568,Não,0.42657486437015874,-0.060314893852686534
3548104,Óbitos - ciclistas,6237,Sim,0.36353630832338846,0.06878014211271272
3548203,Óbitos - ciclistas,7294,Sim,0.3720264559738594,0.06714826368912016
3548302,Óbitos - ciclistas,3063,Não,NA,NA
3548401,Óbitos - ciclistas,3933,Não,0.16725027584473204,-0.10368498349682442
3548500,Óbitos - ciclistas,429567,Sim,0.17934013669469281,-0.09655777206659223
3548609,Óbitos - ciclistas,11948,Não,0.8870375196600033,0.011068589989771616
3548708,Óbitos - ciclistas,840499,Sim,0.9751376702181307,0.002528083404667553
3548807,Óbitos - ciclistas,172109,Sim,0.41662051640457703,0.06107679639821632
3548906,Óbitos - ciclistas,265294,Sim,0.21118926091359677,0.09273925387629817
3549003,Óbitos - ciclistas,2629,Não,NA,NA
3549102,Óbitos - ciclistas,95762,Sim,0.43454629618796503,0.05844777832155709
3549201,Óbitos - ciclistas,2622,Não,NA,NA
3549250,Óbitos - ciclistas,1880,Não,NA,NA
3549300,Óbitos - ciclistas,2288,Não,NA,NA
3549409,Óbitos - ciclistas,49815,Sim,0.6148738520429565,-0.037918743796972104
3549508,Óbitos - ciclistas,7690,Não,NA,NA
3549607,Óbitos - ciclistas,3898,Não,NA,NA
3549706,Óbitos - ciclistas,53416,Sim,0.7091514207853601,0.02855093748463281
3549805,Óbitos - ciclistas,501597,Sim,0.5239952024211376,0.04692474350722304
3549904,Óbitos - ciclistas,724756,Sim,0.40998437508916713,0.05948213219562695
3549953,Óbitos - ciclistas,16458,Sim,0.10554884085234295,0.12168794373787634
3550001,Óbitos - ciclistas,10497,Sim,0.7242128519177321,0.02704825656438898
3550100,Óbitos - ciclistas,38166,Sim,0.09644675483472945,0.12430456716180392
3550209,Óbitos - ciclistas,32904,Sim,0.6403201634539604,0.035360250546335764
3550308,Óbitos - ciclistas,11895578,Sim,0.07785085964726701,0.11594314104796627
3550407,Óbitos - ciclistas,39725,Sim,0.4538506461316229,0.05630543603492518
3550506,Óbitos - ciclistas,7333,Não,NA,NA
3550605,Óbitos - ciclistas,81342,Sim,0.8482671119427394,-0.01460772809481777
3550704,Óbitos - ciclistas,84019,Sim,0.9564765711567922,0.004358089430977288
3550803,Óbitos - ciclistas,10484,Não,NA,NA
3550902,Óbitos - ciclistas,13590,Sim,NA,NA
3551009,Óbitos - ciclistas,338407,Sim,0.9110268921729447,-0.00833600983582007
3551108,Óbitos - ciclistas,10632,Sim,NA,NA
3551207,Óbitos - ciclistas,3769,Não,0.9517711425275881,-0.005248460294793068
3551306,Óbitos - ciclistas,3187,Sim,NA,NA
3551405,Óbitos - ciclistas,13058,Não,0.8202979028298376,0.01798865255255563
3551504,Óbitos - ciclistas,45408,Sim,0.8686985402333434,0.012936821444692874
3551603,Óbitos - ciclistas,30920,Sim,0.8202979028298376,-0.01798865255255563
3551702,Óbitos - ciclistas,131600,Sim,0.7666073082094254,0.022209532596826665
3551801,Óbitos - ciclistas,12912,Sim,0.9386579393125766,0.006176832338922978
3551900,Óbitos - ciclistas,14724,Sim,0.6553502455590476,0.033882151402767055
3552007,Óbitos - ciclistas,6313,Sim,NA,NA
3552106,Óbitos - ciclistas,41405,Sim,0.5968069154654535,-0.040042542566906515
3552205,Óbitos - ciclistas,757459,Sim,0.2738938683885305,-0.07801503035721521
3552304,Óbitos - ciclistas,7466,Sim,0.8202979028298376,0.01798865255255563
3552403,Óbitos - ciclistas,289787,Sim,0.059464897119742705,0.14075337465204513
3552502,Óbitos - ciclistas,318765,Sim,0.25192949171904283,-0.08449745697626164
3552551,Óbitos - ciclistas,3464,Sim,NA,NA
3552601,Óbitos - ciclistas,11499,Sim,NA,NA
3552700,Óbitos - ciclistas,14994,Não,0.06178247320070629,-0.1394508064780612
3552809,Óbitos - ciclistas,284274,Sim,0.962241775579893,-0.00394539371379747
3552908,Óbitos - ciclistas,6399,Sim,NA,NA
3553005,Óbitos - ciclistas,13006,Sim,NA,NA
3553104,Óbitos - ciclistas,5751,Não,NA,NA
3553203,Óbitos - ciclistas,6733,Não,0.04484412667610704,0.15026809202438324
3553302,Óbitos - ciclistas,21682,Sim,0.2898265651329945,-0.07964208877292311
3553401,Óbitos - ciclistas,26021,Sim,0.9773469290286855,-0.0031744680975098172
3553500,Óbitos - ciclistas,8122,Não,NA,NA
3553609,Óbitos - ciclistas,11936,Não,0.5509749525416405,0.04550070939764072
3553658,Óbitos - ciclistas,2652,Não,0.4955643345688332,-0.05184964559266035
3553708,Óbitos - ciclistas,53322,Sim,0.8807871237571703,-0.011562885706961776
3553807,Óbitos - ciclistas,24863,Sim,0.44748926215012774,-0.057024207377857246
3553856,Óbitos - ciclistas,7112,Sim,NA,NA
3553906,Óbitos - ciclistas,6635,Não,NA,NA
3553955,Óbitos - ciclistas,15248,Sim,NA,NA
3554003,Óbitos - ciclistas,128560,Sim,0.3275175270374428,0.07307629529308414
3554102,Óbitos - ciclistas,321298,Sim,0.21753781960804142,0.08965146777546398
3554201,Óbitos - ciclistas,4142,Não,NA,NA
3554300,Óbitos - ciclistas,22559,Sim,0.6071613683580759,-0.03906970392633964
3554409,Óbitos - ciclistas,7985,Sim,NA,NA
3554508,Óbitos - ciclistas,38690,Sim,0.9141327654975427,-0.008572181950626851
3554607,Óbitos - ciclistas,2490,Não,NA,NA
3554656,Óbitos - ciclistas,2063,Não,NA,NA
3554706,Óbitos - ciclistas,9484,Sim,NA,NA
3554755,Óbitos - ciclistas,1719,Não,NA,NA
3554805,Óbitos - ciclistas,53083,Sim,0.21033087745724952,-0.09384239339154196
3554904,Óbitos - ciclistas,7013,Não,0.8169756530534494,0.017865134376004448
3554953,Óbitos - ciclistas,6947,Não,NA,NA
3555000,Óbitos - ciclistas,65416,Sim,0.48844943753524234,-0.05183443990421622
3555109,Óbitos - ciclistas,16206,Sim,0.8870988466073298,-0.011639716357535997
3555208,Óbitos - ciclistas,1839,Não,NA,NA
3555307,Óbitos - ciclistas,1672,Não,NA,NA
3555356,Óbitos - ciclistas,5456,Não,0.30859324370256697,-0.07663672693243545
3555406,Óbitos - ciclistas,96598,Sim,0.0011644490852966087,0.2413274389353083
3555505,Óbitos - ciclistas,5265,Não,NA,NA
3555604,Óbitos - ciclistas,10627,Não,NA,NA
3555703,Óbitos - ciclistas,1628,Sim,0.4777780974592953,0.053965957657666895
3555802,Óbitos - ciclistas,8973,Não,NA,NA
3555901,Óbitos - ciclistas,1419,Não,NA,NA
3556008,Óbitos - ciclistas,14038,Sim,0.9547121143929116,-0.0052907801625163625
3556107,Óbitos - ciclistas,14531,Não,0.36353630832338846,-0.06878014211271272
3556206,Óbitos - ciclistas,131277,Sim,0.222421315338259,0.09099823894295737
3556305,Óbitos - ciclistas,24723,Sim,0.4994056660312098,0.051091151288290296
3556354,Óbitos - ciclistas,10805,Sim,0.3942935302964174,0.06454751798269961
3556404,Óbitos - ciclistas,41226,Sim,0.8768467270354643,-0.012031076075838714
3556453,Óbitos - ciclistas,52103,Sim,0.48668742475462523,-0.05259383220853413
3556503,Óbitos - ciclistas,119576,Sim,0.06468348694207986,0.13822643395385797
3556602,Óbitos - ciclistas,10294,Não,0.15567713513887965,0.10687375928283052
3556701,Óbitos - ciclistas,79235,Sim,0.4937687878282576,-0.051317858819579204
3556800,Óbitos - ciclistas,17681,Sim,0.6213290078822918,-0.03756702300609581
3556909,Óbitos - ciclistas,8327,Sim,NA,NA
3556958,Óbitos - ciclistas,1826,Sim,NA,NA
3557006,Óbitos - ciclistas,132849,Sim,0.01009578802772843,0.19080183946901416
3557105,Óbitos - ciclistas,100159,Sim,0.727025311526291,-0.026135418674465834
3557154,Óbitos - ciclistas,2761,Não,0.3942935302964174,-0.06454751798269961
3557204,Óbitos - ciclistas,12411,Não,0.7764469400088094,0.022221276682568722
3557303,Óbitos - ciclistas,11566,Sim,0.11815828545624538,-0.11720911177901891
3500105,Óbitos - ocupantes de motocicleta,35642,Sim,0.044659141879858595,0.15001121989052035
3500204,Óbitos - ocupantes de motocicleta,4478,Sim,0.30667287853713887,0.07724539037273889
3500303,Óbitos - ocupantes de motocicleta,32888,Não,0.08505987556557792,-0.1281512064730018
3500402,Óbitos - ocupantes de motocicleta,7470,Sim,0.6518082335545171,0.03392423496985482
3500501,Óbitos - ocupantes de motocicleta,18245,Sim,0.9892021338394059,-0.0012479085808870863
3500550,Óbitos - ocupantes de motocicleta,7407,Não,0.41792407468262727,-0.060987872524980696
3500600,Óbitos - ocupantes de motocicleta,2829,Sim,NA,NA
3500709,Óbitos - ocupantes de motocicleta,38879,Sim,0.3828185698316128,0.06508808455175034
3500758,Óbitos - ocupantes de motocicleta,6330,Não,0.7495329206848509,0.02420451967837106
3500808,Óbitos - ocupantes de motocicleta,4556,Não,NA,NA
3500907,Óbitos - ocupantes de motocicleta,3479,Não,0.5700997559707528,-0.04338439733263417
3501004,Óbitos - ocupantes de motocicleta,17156,Sim,0.2525535259123496,-0.08560865791818083
3501103,Óbitos - ocupantes de motocicleta,3883,Não,0.4432770342080009,-0.05819858178767998
3501152,Óbitos - ocupantes de motocicleta,17591,Sim,0.3328051522599634,0.0724567809418858
3501202,Óbitos - ocupantes de motocicleta,3978,Não,0.3182714424658921,-0.07513404601219162
3501301,Óbitos - ocupantes de motocicleta,28250,Não,0.44104513744611973,0.057630326876500354
3501400,Óbitos - ocupantes de motocicleta,4896,Não,0.2560364353464679,0.08571063863276507
3501509,Óbitos - ocupantes de motocicleta,2923,Não,0.23302620839151553,0.08994326276277816
3501608,Óbitos - ocupantes de motocicleta,246655,Sim,0.104036076251318,0.11333215160008375
3501707,Óbitos - ocupantes de motocicleta,33757,Sim,0.23035884471017612,-0.08946240368653614
3501806,Óbitos - ocupantes de motocicleta,5975,Sim,0.06175875505611201,0.13984087942596585
3501905,Óbitos - ocupantes de motocicleta,69717,Sim,0.8820525000813585,-0.010707645871114526
3502002,Óbitos - ocupantes de motocicleta,4684,Não,0.7700203967588889,0.022540213803657484
3502101,Óbitos - ocupantes de motocicleta,61473,Sim,0.4298568341477306,-0.05826260086808239
3502200,Óbitos - ocupantes de motocicleta,24512,Sim,0.8434999576767308,0.01486899525953274
3502309,Óbitos - ocupantes de motocicleta,5766,Não,0.5997507058729272,-0.03964634152164919
3502408,Óbitos - ocupantes de motocicleta,4108,Não,0.7166821356823583,0.027741861558191933
3502507,Óbitos - ocupantes de motocicleta,33223,Sim,0.45044140580897796,-0.05633383010432191
3502606,Óbitos - ocupantes de motocicleta,4124,Não,0.29343154857849174,-0.07936170243774543
3502705,Óbitos - ocupantes de motocicleta,24886,Sim,0.41071544952167066,0.060890257072767934
3502754,Óbitos - ocupantes de motocicleta,22168,Sim,0.7345556784234148,0.025120748031926175
3502804,Óbitos - ocupantes de motocicleta,207775,Sim,0.0019213351790911013,0.21623550455304533
3502903,Óbitos - ocupantes de motocicleta,33656,Sim,0.8347528882595104,0.015333019136227175
3503000,Óbitos - ocupantes de motocicleta,5526,Não,0.1494211376755196,0.10819302625755592
3503109,Óbitos - ocupantes de motocicleta,7050,Sim,0.2898265651329945,0.07964208877292311
3503158,Óbitos - ocupantes de motocicleta,2355,Não,0.4955643345688332,-0.05184964559266035
3503208,Óbitos - ocupantes de motocicleta,252318,Sim,0.500866814777913,-0.04646283466699777
3503307,Óbitos - ocupantes de motocicleta,135331,Sim,0.5029028656394527,0.04831278892876465
3503356,Óbitos - ocupantes de motocicleta,2085,Não,0.7700203967588889,0.022540213803657484
3503406,Óbitos - ocupantes de motocicleta,8280,Sim,0.6873449197448405,0.030334195337874032
3503505,Óbitos - ocupantes de motocicleta,3625,Não,0.7764469400088094,0.022221276682568722
3503604,Óbitos - ocupantes de motocicleta,10257,Não,0.18201522828242966,-0.10052482308781088
3503703,Óbitos - ocupantes de motocicleta,7653,Não,0.41999099948135893,-0.06073218341117694
3503802,Óbitos - ocupantes de motocicleta,53157,Sim,0.5313203705957098,0.04610095282588089
3503901,Óbitos - ocupantes de motocicleta,89943,Sim,0.0685282628928458,0.1324389657804613
3503950,Óbitos - ocupantes de motocicleta,1873,Sim,NA,NA
3504008,Óbitos - ocupantes de motocicleta,104642,Sim,0.17758632244010344,0.09731048036339471
3504107,Óbitos - ocupantes de motocicleta,166043,Sim,0.746779716047506,-0.022996846154499706
3504206,Óbitos - ocupantes de motocicleta,13873,Não,0.07770331620883625,0.13223592098145723
3504305,Óbitos - ocupantes de motocicleta,4519,Sim,0.46034676870980673,0.05608226972267344
3504404,Óbitos - ocupantes de motocicleta,11438,Não,0.6837687628758994,0.0307684572182683
3504503,Óbitos - ocupantes de motocicleta,96098,Sim,0.5692015539904528,-0.04161410664928797
3504602,Óbitos - ocupantes de motocicleta,28909,Não,0.6602546154984531,0.032946558837074424
3504701,Óbitos - ocupantes de motocicleta,3963,Não,NA,NA
3504800,Óbitos - ocupantes de motocicleta,9854,Não,0.14540334863592294,-0.10858762678920125
3504909,Óbitos - ocupantes de motocicleta,10109,Sim,0.6829339136445333,-0.030884161694614894
3505005,Óbitos - ocupantes de motocicleta,3618,Não,0.02456082525909224,-0.16817867878100737
3505104,Óbitos - ocupantes de motocicleta,5659,Não,0.9177154742623727,0.008181131731570325
3505203,Óbitos - ocupantes de motocicleta,32405,Sim,0.4951217689703097,-0.05093261417769929
3505302,Óbitos - ocupantes de motocicleta,35159,Sim,0.14192104749136572,0.10865407511369991
3505351,Óbitos - ocupantes de motocicleta,5256,Não,0.21364422015382248,0.09322247871306702
3505401,Óbitos - ocupantes de motocicleta,6922,Sim,0.018740417212341372,0.17556057607625375
3505500,Óbitos - ocupantes de motocicleta,126600,Sim,0.2589811753390259,-0.08041866824479955
3505609,Óbitos - ocupantes de motocicleta,33181,Não,0.6065401961665018,0.03882580327323015
3505708,Óbitos - ocupantes de motocicleta,330339,Sim,0.16135051899149663,0.09517486451190249
3505807,Óbitos - ocupantes de motocicleta,21900,Sim,0.16588306385936957,-0.10328492099432714
3505906,Óbitos - ocupantes de motocicleta,59873,Sim,0.41139374595645883,0.06084717116227627
3506003,Óbitos - ocupantes de motocicleta,391740,Sim,0.5832977125236525,-0.03715866574676136
3506102,Óbitos - ocupantes de motocicleta,78210,Sim,0.51222281963645655,-0.04723248840310468
3506201,Óbitos - ocupantes de motocicleta,2642,Não,0.40274954854153977,-0.06311259865024095
3506300,Óbitos - ocupantes de motocicleta,11852,Sim,0.2807654778805082,0.08051896733808914
3506359,Óbitos - ocupantes de motocicleta,66873,Sim,0.4509996928805512,0.054137605017141564
3506409,Óbitos - ocupantes de motocicleta,7455,Não,0.05289726972304645,0.14471435765476692
3506508,Óbitos - ocupantes de motocicleta,122988,Sim,0.042910353139711796,0.14317003415664994
3506607,Óbitos - ocupantes de motocicleta,30526,Sim,0.6470882194993766,-0.03414435357052139
3506706,Óbitos - ocupantes de motocicleta,13135,Sim,0.35884851788577743,0.0688275603479989
3506805,Óbitos - ocupantes de motocicleta,11467,Sim,0.8666983290174116,0.012949366244192883
3506904,Óbitos - ocupantes de motocicleta,10688,Não,0.33933741955622143,0.07146131742165701
3507001,Óbitos - ocupantes de motocicleta,63415,Sim,0.012713237737546967,0.18184865728385805
3507100,Óbitos - ocupantes de motocicleta,22501,Sim,0.24355119629744224,0.08634777221701763
3507159,Óbitos - ocupantes de motocicleta,3610,Não,0.8743574069394288,-0.012283536722962793
3507209,Óbitos - ocupantes de motocicleta,928,Não,NA,NA
3507308,Óbitos - ocupantes de motocicleta,4823,Não,0.3484857490017159,0.07062600325146011
3507407,Óbitos - ocupantes de motocicleta,14415,Não,0.23440226837764533,0.08869448605832554
3507456,Óbitos - ocupantes de motocicleta,2787,Não,0.19344831894747697,0.0976742598158491
3507506,Óbitos - ocupantes de motocicleta,150442,Sim,0.4466550742655323,0.05436115051088317
3507605,Óbitos - ocupantes de motocicleta,184634,Sim,0.04198476212409365,0.13847351445447528
3507704,Óbitos - ocupantes de motocicleta,5466,Não,0.6867875419639772,0.030740981726645116
3507753,Óbitos - ocupantes de motocicleta,2605,Não,0.9095700148856819,0.009523404292529453
3507803,Óbitos - ocupantes de motocicleta,26167,Sim,0.19149116416056666,0.09840851102280435
3507902,Óbitos - ocupantes de motocicleta,24423,Sim,0.4627386186015604,-0.05489811238435675
3508009,Óbitos - ocupantes de motocicleta,20674,Sim,0.1744713446672606,0.10155849056397116
3508108,Óbitos - ocupantes de motocicleta,17597,Sim,0.6176701115454326,0.03726571404684807
3508207,Óbitos - ocupantes de motocicleta,4447,Sim,0.07972129052808981,-0.1312163317961706
3508306,Óbitos - ocupantes de motocicleta,4362,Não,0.5997507058729272,0.03964634152164919
3508405,Óbitos - ocupantes de motocicleta,48473,Sim,0.46956784841643195,0.0537412086565215
3508504,Óbitos - ocupantes de motocicleta,99678,Sim,0.2557531542476643,-0.08131321651819472
3508603,Óbitos - ocupantes de motocicleta,32482,Sim,0.3405554799828432,-0.07103711331448997
3508702,Óbitos - ocupantes de motocicleta,17266,Não,0.6984935405524881,0.029255975588732067
3508801,Óbitos - ocupantes de motocicleta,16905,Sim,0.06414933532243768,0.13833151420561365
3508900,Óbitos - ocupantes de motocicleta,3745,Sim,0.5895354407704203,-0.041268085267627624
3509007,Óbitos - ocupantes de motocicleta,98257,Sim,0.022886216313631514,0.16481561702069214
3509106,Óbitos - ocupantes de motocicleta,5585,Não,0.36353630832338846,-0.06878014211271272
3509205,Óbitos - ocupantes de motocicleta,97363,Sim,0.029185129078202674,0.15633056957351157
3509254,Óbitos - ocupantes de motocicleta,29257,Sim,0.06838365309682111,0.13561847988077497
3509304,Óbitos - ocupantes de motocicleta,9232,Sim,0.14757323088385482,0.10899007134783706
3509403,Óbitos - ocupantes de motocicleta,24217,Sim,0.22995446219683288,-0.09000791048158194
3509452,Óbitos - ocupantes de motocicleta,6077,Sim,0.5253623506515719,-0.04808578944780263
3509502,Óbitos - ocupantes de motocicleta,1185977,Sim,0.06925280409316055,0.11739319566825236
3509601,Óbitos - ocupantes de motocicleta,79663,Sim,0.8352810727898853,0.015434641290207846
3509700,Óbitos - ocupantes de motocicleta,47983,Sim,0.9739579077346804,0.0026485350600781816
3509809,Óbitos - ocupantes de motocicleta,4991,Não,0.3460505913215428,0.07084449838760384
3509908,Óbitos - ocupantes de motocicleta,12489,Sim,0.8013527307155042,-0.019287409388910416
3509957,Óbitos - ocupantes de motocicleta,5049,Não,0.5264637330792007,-0.04764984947169155
3510005,Óbitos - ocupantes de motocicleta,30172,Sim,0.3579297936429754,0.06886500387556949
3510104,Óbitos - ocupantes de motocicleta,2951,Não,0.8323407505694547,0.016529490122682153
3510153,Óbitos - ocupantes de motocicleta,6524,Não,0.6071613683580759,0.03906970392633964
3510203,Óbitos - ocupantes de motocicleta,47403,Sim,0.046294467681162084,0.1461923698329033
3510302,Óbitos - ocupantes de motocicleta,23597,Sim,0.6904941254482053,0.029959553640796756
3510401,Óbitos - ocupantes de motocicleta,51318,Sim,0.371267300728321,-0.0659258447545303
3510500,Óbitos - ocupantes de motocicleta,141084,Sim,0.22865894859214336,0.08617297337660416
3510609,Óbitos - ocupantes de motocicleta,398462,Sim,0.5871359498213324,0.03777634466304909
3510708,Óbitos - ocupantes de motocicleta,11491,Não,0.9736272537495292,-0.003071603666917648
3510807,Óbitos - ocupantes de motocicleta,28786,Sim,0.43874303143095156,0.057115817475351056
3510906,Óbitos - ocupantes de motocicleta,2855,Não,0.1915649586933098,0.09795021950981748
3511003,Óbitos - ocupantes de motocicleta,20418,Não,0.7273351900364536,-0.026169796234950464
3511102,Óbitos - ocupantes de motocicleta,119172,Sim,0.5928440743247284,0.03823407867925956
3511201,Óbitos - ocupantes de motocicleta,7105,Não,0.20169802278723747,-0.09496380171801778
3511300,Óbitos - ocupantes de motocicleta,13160,Não,0.6527721552859971,-0.03391779807375454
3511409,Óbitos - ocupantes de motocicleta,22076,Sim,0.2980388679209463,0.07790788317236144
3511508,Óbitos - ocupantes de motocicleta,46217,Sim,0.7174829179592523,0.026861540703539435
3511607,Óbitos - ocupantes de motocicleta,19588,Sim,0.8362850096193875,0.015522010730528559
3511706,Óbitos - ocupantes de motocicleta,15798,Sim,0.09205868266577036,0.1259047040553341
3511904,Óbitos - ocupantes de motocicleta,7087,Não,0.16703436636778587,0.10346725425221294
3512001,Óbitos - ocupantes de motocicleta,18842,Sim,0.38508982181721513,-0.0648890395837966
3512100,Óbitos - ocupantes de motocicleta,6781,Não,0.9277081202098714,0.007513404601219162
3512209,Óbitos - ocupantes de motocicleta,29034,Sim,0.06610833085594724,0.13588567288655704
3512308,Óbitos - ocupantes de motocicleta,15381,Sim,0.2204288809256991,0.09177008046399854
3512407,Óbitos - ocupantes de motocicleta,25130,Sim,0.1586162101908962,0.1053681039591466
3512506,Óbitos - ocupantes de motocicleta,5498,Não,0.44104513744611973,-0.057630326876500354
3512605,Óbitos - ocupantes de motocicleta,4295,Não,0.23820954796444616,-0.0886581742943861
3512704,Óbitos - ocupantes de motocicleta,4285,Não,0.6327802558763792,-0.03609322822751614
3512803,Óbitos - ocupantes de motocicleta,61204,Sim,0.19800471132386452,0.09472157188345856
3512902,Óbitos - ocupantes de motocicleta,8968,Sim,0.7880536728266104,-0.020349817147581183
3513009,Óbitos - ocupantes de motocicleta,287004,Sim,1.4769181659546762e-5,0.29411770434246975
3513108,Óbitos - ocupantes de motocicleta,34252,Sim,0.8882914710921531,0.010744541660583827
3513207,Óbitos - ocupantes de motocicleta,9543,Sim,0.9736535261556235,-0.002871722673705041
3513306,Óbitos - ocupantes de motocicleta,2129,Não,0.23302620839151553,-0.08994326276277816
3513405,Óbitos - ocupantes de motocicleta,76513,Sim,0.5274187489450028,0.0466704738626415
3513504,Óbitos - ocupantes de motocicleta,115082,Sim,0.6480587540472664,0.03218775163239025
3513603,Óbitos - ocupantes de motocicleta,22456,Sim,0.6904386010811643,0.029602773201385203
3513702,Óbitos - ocupantes de motocicleta,32622,Não,0.33030776114498656,0.07232583771239758
3513801,Óbitos - ocupantes de motocicleta,404118,Sim,0.9109426368213422,-0.007869275987807695
3513850,Óbitos - ocupantes de motocicleta,1641,Não,NA,NA
3513900,Óbitos - ocupantes de motocicleta,11314,Não,0.38048518881136406,0.06547224465313387
3514007,Óbitos - ocupantes de motocicleta,8958,Sim,0.6190780036222563,0.03736821164810569
3514106,Óbitos - ocupantes de motocicleta,24855,Sim,0.14915840016751877,0.10708716648353536
3514205,Óbitos - ocupantes de motocicleta,2250,Não,NA,NA
3514304,Óbitos - ocupantes de motocicleta,8186,Sim,0.7700203967588889,0.022540213803657484
3514403,Óbitos - ocupantes de motocicleta,46664,Sim,0.9735460694264022,-0.0027615601671971872
3514502,Óbitos - ocupantes de motocicleta,12529,Não,0.8128572159166582,-0.018024666794968627
3514601,Óbitos - ocupantes de motocicleta,9719,Não,0.07474759213319228,-0.13270073523371
3514700,Óbitos - ocupantes de motocicleta,6295,Não,0.9078758120157203,0.009240586746209195
3514809,Óbitos - ocupantes de motocicleta,13162,Sim,0.14071097829006735,0.10951470681997214
3514908,Óbitos - ocupantes de motocicleta,18103,Não,0.9843764017414526,0.0018178182908727399
3514924,Óbitos - ocupantes de motocicleta,3189,Não,0.7913954786798235,-0.02032929084166023
3514957,Óbitos - ocupantes de motocicleta,2353,Não,0.26811499823190443,0.08359432656775853
3515004,Óbitos - ocupantes de motocicleta,259323,Sim,0.0463416779570424,0.13850154633184347
3515103,Óbitos - ocupantes de motocicleta,68805,Sim,0.2977435091352359,0.0760221875243055
3515129,Óbitos - ocupantes de motocicleta,3062,Não,NA,NA
3515152,Óbitos - ocupantes de motocicleta,20139,Sim,0.1644856015790344,0.10357778386924353
3515186,Óbitos - ocupantes de motocicleta,40681,Sim,0.09438763494292952,0.1239964889940569
3515194,Óbitos - ocupantes de motocicleta,4217,Sim,NA,NA
3515202,Óbitos - ocupantes de motocicleta,9655,Não,0.1373168057949274,0.11118298210061361
3515301,Óbitos - ocupantes de motocicleta,2749,Não,0.42081634544507784,-0.06034954998673025
3515350,Óbitos - ocupantes de motocicleta,7928,Não,0.012560917927858324,-0.18613918221520948
3515400,Óbitos - ocupantes de motocicleta,16984,Não,0.9299447825891605,-0.006937731424177066
3515509,Óbitos - ocupantes de motocicleta,73286,Sim,0.046083793262481326,0.1462803721505753
3515608,Óbitos - ocupantes de motocicleta,6066,Não,0.14448810638949094,0.10924217076861552
3515657,Óbitos - ocupantes de motocicleta,1689,Não,0.1728916463744668,0.10264113515281743
3515707,Óbitos - ocupantes de motocicleta,185622,Sim,0.1236094364722064,0.11413395159873617
3515806,Óbitos - ocupantes de motocicleta,1492,Não,NA,NA
3515905,Óbitos - ocupantes de motocicleta,2756,Não,0.3651309299900045,-0.06782648538331629
3516002,Óbitos - ocupantes de motocicleta,13171,Não,0.7091514207853601,-0.02855093748463281
3516101,Óbitos - ocupantes de motocicleta,3987,Sim,0.29765997882155426,0.07823696778457119
3516200,Óbitos - ocupantes de motocicleta,364331,Sim,0.6488670407726058,-0.030963689605368883
3516309,Óbitos - ocupantes de motocicleta,171107,Sim,0.7016463024527915,0.028667310451227584
3516408,Óbitos - ocupantes de motocicleta,149786,Sim,0.22822822654180847,0.08512950545150008
3516507,Óbitos - ocupantes de motocicleta,2811,Não,0.9758733198034499,0.0030053618404876645
3516606,Óbitos - ocupantes de motocicleta,6435,Não,0.34658165939709984,0.07059236958769119
3516705,Óbitos - ocupantes de motocicleta,43115,Sim,0.5626090146598526,0.04341411264063805
3516804,Óbitos - ocupantes de motocicleta,3235,Não,0.21152242941072893,-0.09417588689279124
3516853,Óbitos - ocupantes de motocicleta,4797,Sim,0.740951506747112,0.025187150068724712
3516903,Óbitos - ocupantes de motocicleta,10449,Não,0.6640864396599144,0.03263649919895095
3517000,Óbitos - ocupantes de motocicleta,10355,Não,0.863043488031104,-0.013351670351046514
3517109,Óbitos - ocupantes de motocicleta,4173,Sim,0.9669465133673489,-0.0035296184793845594
3517208,Óbitos - ocupantes de motocicleta,11459,Não,0.6830319316514679,0.030708182132814097
3517307,Óbitos - ocupantes de motocicleta,5606,Não,0.5862041672105237,-0.041237902316231256
3517406,Óbitos - ocupantes de motocicleta,40424,Sim,0.2371664752257431,0.08842285102737046
3517505,Óbitos - ocupantes de motocicleta,22316,Sim,0.33008511353594616,0.07265365807808283
3517604,Óbitos - ocupantes de motocicleta,17256,Sim,0.034875823585612364,0.15605898238036872
3517703,Óbitos - ocupantes de motocicleta,18790,Sim,0.7862421385436891,-0.020693450850442587
3517802,Óbitos - ocupantes de motocicleta,7486,Sim,0.23028082236750413,-0.09016085521462994
3517901,Óbitos - ocupantes de motocicleta,10542,Não,0.11180486307236102,0.11957163167286979
3518008,Óbitos - ocupantes de motocicleta,1999,Não,0.2560364353464679,-0.08571063863276507
3518107,Óbitos - ocupantes de motocicleta,6531,Não,0.15511863952574964,0.10657476713961272
3518206,Óbitos - ocupantes de motocicleta,31872,Sim,0.6940919221996971,0.029646578033922545
3518305,Óbitos - ocupantes de motocicleta,32436,Sim,0.38081321043194827,0.0649090961018188
3518404,Óbitos - ocupantes de motocicleta,121710,Sim,0.5856968905746396,-0.03926338356660127
3518503,Óbitos - ocupantes de motocicleta,15268,Sim,0.021291044000138107,0.17206890086999727
3518602,Óbitos - ocupantes de motocicleta,38609,Sim,0.95751059957571,0.004412023099230699
3518701,Óbitos - ocupantes de motocicleta,294973,Sim,0.3817767351473818,-0.059717015173309164
3518800,Óbitos - ocupantes de motocicleta,1345364,Sim,1.0107009338844931e-4,0.2512952568530526
3518859,Óbitos - ocupantes de motocicleta,7462,Não,0.04071334423609334,-0.1532734538648709
3518909,Óbitos - ocupantes de motocicleta,4276,Não,0.2805793832539799,0.08147801450275198
3519006,Óbitos - ocupantes de motocicleta,9302,Não,0.4217158716957183,0.060082681211670576
3519055,Óbitos - ocupantes de motocicleta,15596,Sim,0.0032999798877292323,0.21935947239465384
3519071,Óbitos - ocupantes de motocicleta,247331,Sim,0.6604253164729419,0.0310711861179656
3519105,Óbitos - ocupantes de motocicleta,10633,Não,0.3992208413693072,-0.06327503553850354
3519204,Óbitos - ocupantes de motocicleta,6207,Não,0.7284749782236588,0.026489682005799695
3519253,Óbitos - ocupantes de motocicleta,8257,Não,0.6495958812836151,0.03491914907260799
3519303,Óbitos - ocupantes de motocicleta,33110,Sim,1,0
3519402,Óbitos - ocupantes de motocicleta,11934,Não,0.26177727869260226,0.08402363613725557
3519501,Óbitos - ocupantes de motocicleta,6461,Não,0.2752910259582895,0.08170465754000944
3519600,Óbitos - ocupantes de motocicleta,61908,Sim,0.24186161919677335,0.08624364120117056
3519709,Óbitos - ocupantes de motocicleta,77651,Sim,0.9390301427657627,0.005594902205398663
3519808,Óbitos - ocupantes de motocicleta,7969,Sim,0.8817267151677857,0.011704743211864982
3519907,Óbitos - ocupantes de motocicleta,7739,Sim,0.5191111322136461,0.04866709019670177
3520004,Óbitos - ocupantes de motocicleta,23430,Sim,0.7164974307106337,0.02731733922072851
3520103,Óbitos - ocupantes de motocicleta,26755,Sim,0.15498466752166357,-0.10637854850404833
3520202,Óbitos - ocupantes de motocicleta,10904,Sim,0.2596925706930187,0.08353544275810736
3520301,Óbitos - ocupantes de motocicleta,29881,Sim,0.9627435645593597,-0.0037353513583720786
3520400,Óbitos - ocupantes de motocicleta,36329,Sim,0.8977545657296698,0.009815470668835344
3520426,Óbitos - ocupantes de motocicleta,13955,Sim,0.7081816340595587,0.028306980640806834
3520442,Óbitos - ocupantes de motocicleta,26240,Sim,0.7061468440940187,0.02813207462264711
3520509,Óbitos - ocupantes de motocicleta,267796,Sim,0.33958607715354244,0.06616291533143992
3520608,Óbitos - ocupantes de motocicleta,5191,Não,0.20305311534105158,-0.0954860630441617
3520707,Óbitos - ocupantes de motocicleta,4109,Não,0.6292953413654911,-0.037035461137614537
3520806,Óbitos - ocupantes de motocicleta,3671,Sim,0.8870988466073298,-0.011639716357535997
3520905,Óbitos - ocupantes de motocicleta,13933,Sim,0.6676733783129729,0.032409441603242606
3521002,Óbitos - ocupantes de motocicleta,37999,Sim,0.17342846490854186,0.10132376515670634
3521101,Óbitos - ocupantes de motocicleta,6999,Não,0.1805622406836737,0.10041437597547327
3521150,Óbitos - ocupantes de motocicleta,7037,Sim,0.8964019355724522,0.01011139844595801
3521200,Óbitos - ocupantes de motocicleta,4091,Não,0.46034676870980673,-0.05608226972267344
3521309,Óbitos - ocupantes de motocicleta,14691,Sim,0.22601999199288972,0.09032838467877005
3521408,Óbitos - ocupantes de motocicleta,22435,Sim,0.511121518516003,-0.04941465871138383
3521507,Óbitos - ocupantes de motocicleta,6946,Não,0.17886892515977543,0.10072313791986551
3521606,Óbitos - ocupantes de motocicleta,7145,Não,NA,NA
3521705,Óbitos - ocupantes de motocicleta,18258,Sim,0.004218793895697171,-0.2135463821178871
3521804,Óbitos - ocupantes de motocicleta,25930,Sim,0.09281833270136508,-0.12565002468231795
3521903,Óbitos - ocupantes de motocicleta,17420,Não,0.7151717868894372,-0.027404147070089938
3522000,Óbitos - ocupantes de motocicleta,3702,Não,NA,NA
3522109,Óbitos - ocupantes de motocicleta,117435,Sim,0.18777599918009466,0.09605412996794174
3522158,Óbitos - ocupantes de motocicleta,3490,Não,0.1251915153918926,-0.1153390075428567
3522208,Óbitos - ocupantes de motocicleta,163928,Sim,0.23832536964847806,0.0831623446699542
3522307,Óbitos - ocupantes de motocicleta,163774,Sim,0.04415876738067183,0.14111784626198012
3522406,Óbitos - ocupantes de motocicleta,92324,Sim,0.6355637960154298,0.03439636612679586
3522505,Óbitos - ocupantes de motocicleta,241924,Sim,0.03573122123924152,0.1491991230132865
3522604,Óbitos - ocupantes de motocicleta,73919,Sim,0.6169723169017942,0.035973708595068786
3522653,Óbitos - ocupantes de motocicleta,4405,Não,0.6356384480267425,-0.03606434208585198
3522703,Óbitos - ocupantes de motocicleta,40464,Sim,0.41160753419681617,0.061274441201661776
3522802,Óbitos - ocupantes de motocicleta,14260,Sim,0.40812566543785767,0.06181736907095416
3522901,Óbitos - ocupantes de motocicleta,13984,Não,0.5507451917408233,-0.04500395524079097
3523008,Óbitos - ocupantes de motocicleta,4014,Não,0.1551955118710469,-0.10669034533731209
3523107,Óbitos - ocupantes de motocicleta,382521,Sim,0.09217135583805035,0.11733544190511712
3523206,Óbitos - ocupantes de motocicleta,45327,Sim,0.7759034080560054,0.02156378909235004
3523305,Óbitos - ocupantes de motocicleta,15762,Sim,0.7669535260136876,0.022258097381695374
3523404,Óbitos - ocupantes de motocicleta,126403,Sim,0.09607849027654294,0.11882426971967869
3523503,Óbitos - ocupantes de motocicleta,19427,Sim,0.4840920826631669,0.05230851292393235
3523602,Óbitos - ocupantes de motocicleta,16433,Sim,0.8578346677481944,0.013546068728568068
3523701,Óbitos - ocupantes de motocicleta,5861,Não,0.40131849058709146,-0.0628284065921951
3523800,Óbitos - ocupantes de motocicleta,8210,Sim,0.16411439585699966,-0.10475744721782397
3523909,Óbitos - ocupantes de motocicleta,174561,Sim,0.5568266031776172,0.04080202199476378
3524006,Óbitos - ocupantes de motocicleta,74119,Sim,8.056509154842601e-6,0.32549887435486274
3524105,Óbitos - ocupantes de motocicleta,38451,Sim,0.954689597392099,-0.004485323268985896
3524204,Óbitos - ocupantes de motocicleta,6293,Sim,0.7660380064758526,0.022793447307316018
3524303,Óbitos - ocupantes de motocicleta,73467,Sim,0.5781440752670259,-0.04070171195814871
3524402,Óbitos - ocupantes de motocicleta,249968,Sim,0.6461158836044153,-0.031939509443372066
3524501,Óbitos - ocupantes de motocicleta,7878,Não,0.15712112343076404,0.10588855438153678
3524600,Óbitos - ocupantes de motocicleta,16254,Sim,0.38213367986505736,0.06552301900611673
3524709,Óbitos - ocupantes de motocicleta,61801,Sim,0.5020897473168611,0.04881721509287634
3524808,Óbitos - ocupantes de motocicleta,50017,Sim,0.9110406222615107,-0.008515191881381718
3524907,Óbitos - ocupantes de motocicleta,6575,Não,0.035837615897516086,0.15648157651426514
3525003,Óbitos - ocupantes de motocicleta,121988,Sim,0.06432887418485696,0.1381313013339588
3525102,Óbitos - ocupantes de motocicleta,46868,Sim,0.6327366005537126,-0.03569893912372523
3525201,Óbitos - ocupantes de motocicleta,39531,Sim,0.4081739315967233,0.06083879950996736
3525300,Óbitos - ocupantes de motocicleta,137323,Sim,0.11842146679244361,0.11067308480423864
3525409,Óbitos - ocupantes de motocicleta,3976,Não,0.33821787344196275,0.07212868417170396
3525508,Óbitos - ocupantes de motocicleta,13095,Não,0.24263935479269644,0.08715865080190431
3525607,Óbitos - ocupantes de motocicleta,4456,Não,0.6794017747040051,-0.03141799493711127
3525706,Óbitos - ocupantes de motocicleta,37859,Sim,0.35965063443540296,0.06800878617595199
3525805,Óbitos - ocupantes de motocicleta,4308,Não,0.6909743002727755,-0.0306865249425949
3525854,Óbitos - ocupantes de motocicleta,3123,Não,0.947335771289014,-0.005333199251166505
3525904,Óbitos - ocupantes de motocicleta,460313,Sim,0.7012030368958959,0.025457239584388766
3526001,Óbitos - ocupantes de motocicleta,20878,Sim,0.7463305381897678,0.024645023108052198
3526100,Óbitos - ocupantes de motocicleta,17255,Sim,0.0632016791096454,-0.13825238240977958
3526209,Óbitos - ocupantes de motocicleta,28007,Sim,0.4583140241749474,0.05540256118283028
3526308,Óbitos - ocupantes de motocicleta,5182,Não,0.7660380064758526,-0.022793447307316018
3526407,Óbitos - ocupantes de motocicleta,27009,Sim,0.07515381931738788,0.13161747803953172
3526506,Óbitos - ocupantes de motocicleta,9909,Não,0.12435118377932884,0.1150170872850181
3526605,Óbitos - ocupantes de motocicleta,7328,Não,0.277717754178902,-0.0814357285309551
3526704,Óbitos - ocupantes de motocicleta,101316,Sim,0.2388894544521541,0.08685772113760973
3526803,Óbitos - ocupantes de motocicleta,68395,Sim,0.2505632170140874,0.08383733878500446
3526902,Óbitos - ocupantes de motocicleta,300728,Sim,0.0240721295129752,0.1520788657634972
3527009,Óbitos - ocupantes de motocicleta,7147,Sim,0.17886892515977543,-0.10072313791986551
3527108,Óbitos - ocupantes de motocicleta,76729,Sim,0.03910759132165097,0.1501955536119716
3527207,Óbitos - ocupantes de motocicleta,87370,Sim,0.15995692294028238,-0.10225484511979144
3527256,Óbitos - ocupantes de motocicleta,1968,Não,NA,NA
3527306,Óbitos - ocupantes de motocicleta,54111,Sim,0.3157880666913025,-0.073941134816689
3527405,Óbitos - ocupantes de motocicleta,20372,Sim,0.3367979596566929,0.07132962167677616
3527504,Óbitos - ocupantes de motocicleta,2419,Não,0.22442211277388147,-0.0910794332254103
3527603,Óbitos - ocupantes de motocicleta,12531,Sim,0.011630662681792466,0.18858800291379074
3527702,Óbitos - ocupantes de motocicleta,4751,Não,0.1251915153918926,0.1153390075428567
3527801,Óbitos - ocupantes de motocicleta,4017,Não,0.6356384480267425,0.03606434208585198
3527900,Óbitos - ocupantes de motocicleta,2699,Não,0.16113775950833747,0.10518766441706826
3528007,Óbitos - ocupantes de motocicleta,17120,Não,0.09082579875075089,0.12642088372944874
3528106,Óbitos - ocupantes de motocicleta,7587,Não,0.2898265651329945,-0.07964208877292311
3528205,Óbitos - ocupantes de motocicleta,4048,Sim,0.9773469290286855,-0.0031744680975098172
3528304,Óbitos - ocupantes de motocicleta,3212,Não,0.5895354407704203,-0.041268085267627624
3528403,Óbitos - ocupantes de motocicleta,51660,Sim,0.14507693776318228,0.10668317646871929
3528502,Óbitos - ocupantes de motocicleta,97399,Sim,0.7186672988013736,-0.02634485115018571
3528601,Óbitos - ocupantes de motocicleta,10092,Não,0.5655513939816165,0.04357774668707114
3528700,Óbitos - ocupantes de motocicleta,4627,Não,0.18347214322977842,0.09961730990794454
3528809,Óbitos - ocupantes de motocicleta,12826,Não,0.6593956232242126,0.03321416304145341
3528858,Óbitos - ocupantes de motocicleta,3392,Não,0.5931398250485791,-0.04057238484658347
3528908,Óbitos - ocupantes de motocicleta,3539,Sim,0.9758733198034499,0.0030053618404876645
3529005,Óbitos - ocupantes de motocicleta,246627,Sim,0.1600846878751046,0.09873608914690338
3529104,Óbitos - ocupantes de motocicleta,1870,Não,NA,NA
3529203,Óbitos - ocupantes de motocicleta,25299,Sim,0.04244684906792965,0.15156396635319952
3529302,Óbitos - ocupantes de motocicleta,80998,Sim,0.7415893226864019,0.024335860607074603
3529401,Óbitos - ocupantes de motocicleta,429380,Sim,0.7410598958268086,-0.023241518304379604
3529500,Óbitos - ocupantes de motocicleta,6369,Não,0.41792407468262727,-0.060987872524980696
3529609,Óbitos - ocupantes de motocicleta,4697,Não,0.4856259765491318,0.05250461444758947
3529658,Óbitos - ocupantes de motocicleta,1988,Não,0.4274884149236913,-0.0597557942921528
3529708,Óbitos - ocupantes de motocicleta,19655,Sim,0.9299447825891605,0.006937731424177066
3529807,Óbitos - ocupantes de motocicleta,11349,Não,0.3273102089257416,0.07316190433257846
3529906,Óbitos - ocupantes de motocicleta,18679,Sim,0.08142919943265282,-0.1295983891929179
3530003,Óbitos - ocupantes de motocicleta,3199,Não,0.7120248789907961,-0.028570212877588357
3530102,Óbitos - ocupantes de motocicleta,28737,Sim,0.9405023211156347,-0.005889037878853311
3530201,Óbitos - ocupantes de motocicleta,16069,Não,0.4544352925411501,0.05583111252661252
3530300,Óbitos - ocupantes de motocicleta,65485,Sim,0.032048929473699285,0.15880517045826717
3530409,Óbitos - ocupantes de motocicleta,4771,Sim,0.36353630832338846,0.06878014211271272
3530508,Óbitos - ocupantes de motocicleta,69324,Sim,0.9088301971418511,-0.008597662736557387
3530607,Óbitos - ocupantes de motocicleta,468120,Sim,0.40524580587176595,0.05597066884725731
3530706,Óbitos - ocupantes de motocicleta,159735,Sim,0.027686956423864564,0.1564449270808292
3530805,Óbitos - ocupantes de motocicleta,95534,Sim,0.05844358925814683,0.13483279699345593
3530904,Óbitos - ocupantes de motocicleta,3815,Não,0.9604462851213468,-0.004312273814897625
3531001,Óbitos - ocupantes de motocicleta,1954,Sim,NA,NA
3531100,Óbitos - ocupantes de motocicleta,64519,Sim,0.8804617520247588,-0.011235039630760522
3531209,Óbitos - ocupantes de motocicleta,8873,Sim,0.14925913654265321,0.10789472331206083
3531308,Óbitos - ocupantes de motocicleta,48725,Sim,0.5276901602697077,-0.04630363422678574
3531407,Óbitos - ocupantes de motocicleta,22650,Não,0.7466106398278965,-0.024358765097694714
3531506,Óbitos - ocupantes de motocicleta,18363,Sim,0.25107788843185874,0.0856228155454831
3531605,Óbitos - ocupantes de motocicleta,4301,Não,0.18201522828242966,-0.10052482308781088
3531704,Óbitos - ocupantes de motocicleta,4205,Não,1,-4.812430430335485e-4
3531803,Óbitos - ocupantes de motocicleta,67296,Sim,0.9034480892882921,-0.009134929099066201
3531902,Óbitos - ocupantes de motocicleta,28561,Sim,0.815896052899971,-0.017585692995529062
3532009,Óbitos - ocupantes de motocicleta,14081,Sim,0.1927598594803587,-0.09739328518956747
3532058,Óbitos - ocupantes de motocicleta,4079,Não,0.9321137683011886,0.007407092227522907
3532108,Óbitos - ocupantes de motocicleta,3763,Não,0.8647180811901104,-0.013756028422542543
3532157,Óbitos - ocupantes de motocicleta,2699,Não,0.6701599895852286,-0.03280283700760145
3532207,Óbitos - ocupantes de motocicleta,5908,Não,0.3942935302964174,0.06454751798269961
3532306,Óbitos - ocupantes de motocicleta,7134,Sim,0.9827946018605793,-0.002143045487656713
3532405,Óbitos - ocupantes de motocicleta,18620,Sim,0.9073658491455625,0.008909801820840625
3532504,Óbitos - ocupantes de motocicleta,9921,Não,0.42753050706814605,0.059589111138202366
3532603,Óbitos - ocupantes de motocicleta,9944,Não,0.05948994620166818,0.14107295765879374
3532702,Óbitos - ocupantes de motocicleta,4860,Sim,0.7463305381897678,-0.024645023108052198
3532801,Óbitos - ocupantes de motocicleta,6858,Não,0.14449316082295482,0.10929531987049236
3532827,Óbitos - ocupantes de motocicleta,8631,Sim,0.7246616384610914,0.02678806859570891
3532843,Óbitos - ocupantes de motocicleta,2058,Sim,0.9736248523523469,0.0030801955820697322
3532868,Óbitos - ocupantes de motocicleta,1074,Não,NA,NA
3532900,Óbitos - ocupantes de motocicleta,9459,Não,0.5655513939816165,0.04357774668707114
3533007,Óbitos - ocupantes de motocicleta,19725,Sim,0.9857364654370249,-0.0016655380917934013
3533106,Óbitos - ocupantes de motocicleta,2188,Não,0.7091514207853601,-0.02855093748463281
3533205,Óbitos - ocupantes de motocicleta,4795,Não,NA,NA
3533254,Óbitos - ocupantes de motocicleta,4469,Não,0.2718439451128599,-0.08264745061341078
3533304,Óbitos - ocupantes de motocicleta,2838,Sim,NA,NA
3533403,Óbitos - ocupantes de motocicleta,64228,Sim,0.16126316102633265,-0.10355049812589605
3533502,Óbitos - ocupantes de motocicleta,39435,Sim,0.7564669616478084,0.0232232505855865
3533601,Óbitos - ocupantes de motocicleta,7550,Não,0.4179664780400249,0.06081775260496943
3533700,Óbitos - ocupantes de motocicleta,4412,Não,0.23281706839079228,-0.08918915794499072
3533809,Óbitos - ocupantes de motocicleta,2540,Não,0.2546406180788838,0.08565281245389844
3533908,Óbitos - ocupantes de motocicleta,56701,Sim,0.08172071370566517,0.12902017406766003
3534005,Óbitos - ocupantes de motocicleta,4912,Não,0.28395592318907753,-0.08029882040599873
3534104,Óbitos - ocupantes de motocicleta,6180,Não,0.3463509216888616,-0.07072050109267153
3534203,Óbitos - ocupantes de motocicleta,6145,Não,0.9197055690101708,0.008247580463246251
3534302,Óbitos - ocupantes de motocicleta,39193,Sim,0.8266762184417371,0.01631451238095559
3534401,Óbitos - ocupantes de motocicleta,756952,Sim,0.745348767940887,0.02198686098695754
3534500,Óbitos - ocupantes de motocicleta,2504,Não,0.19149116416056666,-0.09840851102280435
3534609,Óbitos - ocupantes de motocicleta,32099,Sim,0.8923502334126922,-0.010434091496298408
3534708,Óbitos - ocupantes de motocicleta,106877,Sim,0.6116968452935017,0.03706678804301231
3534757,Óbitos - ocupantes de motocicleta,10596,Não,0.48115233536582475,0.05294427719076839
3534807,Óbitos - ocupantes de motocicleta,7901,Não,0.8424453192562011,-0.015872340487549087
3534906,Óbitos - ocupantes de motocicleta,15217,Não,0.2435372386564714,-0.08735805736476784
3535002,Óbitos - ocupantes de motocicleta,11689,Não,0.8817267151677857,-0.011704743211864982
3535101,Óbitos - ocupantes de motocicleta,9709,Sim,0.9385745203780035,-0.00615369144365366
3535200,Óbitos - ocupantes de motocicleta,8994,Sim,0.24459760322677254,-0.0871070723257787
3535309,Óbitos - ocupantes de motocicleta,19767,Não,0.36662095161664116,-0.06762084652681209
3535408,Óbitos - ocupantes de motocicleta,15214,Sim,0.7251693668307789,0.026493158173266067
3535507,Óbitos - ocupantes de motocicleta,42087,Sim,0.40373776645301784,0.06229508196721312
3535606,Óbitos - ocupantes de motocicleta,17950,Sim,0.8582141067507861,0.013557843012529602
3535705,Óbitos - ocupantes de motocicleta,6211,Sim,0.1121385085543875,-0.11893902456494757
3535804,Óbitos - ocupantes de motocicleta,19799,Sim,0.4819827953415373,0.052602357532426834
3535903,Óbitos - ocupantes de motocicleta,4111,Não,0.8424453192562011,0.015872340487549087
3536000,Óbitos - ocupantes de motocicleta,10729,Não,0.22185093242443926,0.09062652415938227
3536109,Óbitos - ocupantes de motocicleta,7382,Não,0.7913954786798235,0.02032929084166023
3536208,Óbitos - ocupantes de motocicleta,19576,Sim,0.37484825862161614,-0.06557072255731698
3536257,Óbitos - ocupantes de motocicleta,3001,Sim,0.8202979028298376,0.01798865255255563
3536307,Óbitos - ocupantes de motocicleta,14837,Sim,0.9609416319943902,0.004014898829186676
3536406,Óbitos - ocupantes de motocicleta,8200,Sim,0.25088723267706076,-0.08572707378094835
3536505,Óbitos - ocupantes de motocicleta,115690,Sim,0.4950240251686222,0.04935481597115505
3536570,Óbitos - ocupantes de motocicleta,2146,Não,NA,NA
3536604,Óbitos - ocupantes de motocicleta,7430,Não,0.6610258388663057,-0.03321720505867905
3536703,Óbitos - ocupantes de motocicleta,46223,Sim,0.3284772305685732,0.07136460942425903
3536802,Óbitos - ocupantes de motocicleta,6718,Não,0.23445902902780041,0.08902340288485627
3536901,Óbitos - ocupantes de motocicleta,2848,Sim,0.5509749525416405,-0.04550070939764072
3537008,Óbitos - ocupantes de motocicleta,15742,Sim,0.005935106463025451,0.2046863395522705
3537107,Óbitos - ocupantes de motocicleta,44332,Sim,0.7702850707469373,-0.02204570928285044
3537156,Óbitos - ocupantes de motocicleta,2838,Não,0.8686985402333434,0.012936821444692874
3537206,Óbitos - ocupantes de motocicleta,11539,Sim,0.3034258381172725,0.07708590471307851
3537305,Óbitos - ocupantes de motocicleta,63317,Sim,0.0015642738344161708,0.23158213983087125
3537404,Óbitos - ocupantes de motocicleta,24389,Sim,0.6105359924993022,-0.03832403427860009
3537503,Óbitos - ocupantes de motocicleta,8969,Não,0.04729736902866611,-0.14762604228382573
3537602,Óbitos - ocupantes de motocicleta,70543,Sim,0.39019231293119583,0.06311076123088746
3537701,Óbitos - ocupantes de motocicleta,5623,Não,0.9277081202098714,-0.007513404601219162
3537800,Óbitos - ocupantes de motocicleta,54237,Sim,0.15828764435277687,0.1017612869616581
3537909,Óbitos - ocupantes de motocicleta,28417,Sim,0.5938829238650635,-0.03959051748113172
3538006,Óbitos - ocupantes de motocicleta,172027,Sim,0.5234403607186844,0.045229615087787965
3538105,Óbitos - ocupantes de motocicleta,14721,Não,0.5432937159173826,0.0456357437151392
3538204,Óbitos - ocupantes de motocicleta,15605,Sim,0.9875771738426832,-0.0014366735993738763
3538303,Óbitos - ocupantes de motocicleta,3296,Não,0.13308032946936996,0.11270106901828741
3538501,Óbitos - ocupantes de motocicleta,12570,Sim,0.09833299354575831,-0.12367946205962198
3538600,Óbitos - ocupantes de motocicleta,26764,Sim,0.5338546638260255,0.04580904737482526
3538709,Óbitos - ocupantes de motocicleta,438827,Sim,3.4428167447501907e-4,0.23906429065409346
3538808,Óbitos - ocupantes de motocicleta,30261,Sim,0.42111180227393624,0.06029247892292113
3538907,Óbitos - ocupantes de motocicleta,22743,Sim,0.1033324611730315,0.12139153959092627
3539004,Óbitos - ocupantes de motocicleta,11076,Não,0.03274545800818459,0.15899430606353643
3539103,Óbitos - ocupantes de motocicleta,18836,Sim,0.9775708369676407,-0.00239472963543515
3539202,Óbitos - ocupantes de motocicleta,26065,Sim,0.05707247497398281,0.14157973174366617
3539301,Óbitos - ocupantes de motocicleta,75475,Sim,0.8702023423654062,0.01213540557802853
3539400,Óbitos - ocupantes de motocicleta,15554,Não,0.17521914450331708,0.10147653128230608
3539509,Óbitos - ocupantes de motocicleta,34416,Sim,0.23581525614650023,-0.08806308533173252
3539608,Óbitos - ocupantes de motocicleta,4454,Não,0.5019561694349003,0.050358646505194546
3539707,Óbitos - ocupantes de motocicleta,3061,Não,0.16494849846543522,0.10411061067395694
3539806,Óbitos - ocupantes de motocicleta,106431,Sim,0.11558302803781192,0.11713859910581222
3539905,Óbitos - ocupantes de motocicleta,5696,Sim,0.1799953319991652,-0.10067962165633676
3540002,Óbitos - ocupantes de motocicleta,20512,Não,0.5314835025931843,0.04702240187497789
3540101,Óbitos - ocupantes de motocicleta,3443,Não,0.848103730675566,0.015026809202438323
3540200,Óbitos - ocupantes de motocicleta,38376,Sim,0.49465645960359794,0.05087565115816085
3540259,Óbitos - ocupantes de motocicleta,4196,Sim,NA,NA
3540309,Óbitos - ocupantes de motocicleta,2415,Não,NA,NA
3540408,Óbitos - ocupantes de motocicleta,4185,Não,NA,NA
3540507,Óbitos - ocupantes de motocicleta,10773,Sim,0.7916664406608814,0.020027560403890192
3540606,Óbitos - ocupantes de motocicleta,58345,Sim,0.027649678850299363,0.1612077762650359
3540705,Óbitos - ocupantes de motocicleta,53940,Sim,0.14722103870207465,0.10614987731940714
3540754,Óbitos - ocupantes de motocicleta,20767,Sim,0.9385745203780035,0.00615369144365366
3540804,Óbitos - ocupantes de motocicleta,18994,Sim,0.36235348711835214,0.06795680825235742
3540853,Óbitos - ocupantes de motocicleta,2599,Não,NA,NA
3540903,Óbitos - ocupantes de motocicleta,17309,Sim,0.35206252156941825,-0.06949654535306027
3541000,Óbitos - ocupantes de motocicleta,365577,Sim,0.3831285594620903,-0.05922459437630085
3541059,Óbitos - ocupantes de motocicleta,5246,Não,0.24434118479382266,-0.08782695069777162
3541109,Óbitos - ocupantes de motocicleta,3841,Não,NA,NA
3541208,Óbitos - ocupantes de motocicleta,14772,Não,0.2940020944142339,-0.0785078216641535
3541307,Óbitos - ocupantes de motocicleta,40383,Sim,0.6181698560908733,0.037101729532532594
3541406,Óbitos - ocupantes de motocicleta,234083,Sim,0.22097536647008992,-0.08414916563968429
3541505,Óbitos - ocupantes de motocicleta,35902,NA,0.7907046342587474,0.02001426471411063
3541604,Óbitos - ocupantes de motocicleta,35991,Sim,0.5859917603811122,-0.0403424724354447
3541653,Óbitos - ocupantes de motocicleta,3472,Não,0.8515432908449925,-0.014358613368525206
3541703,Óbitos - ocupantes de motocicleta,13399,Sim,0.2651872152977648,0.0835787740186118
3541802,Óbitos - ocupantes de motocicleta,3351,Não,0.13233766225136445,0.11322269547785016
3541901,Óbitos - ocupantes de motocicleta,9146,Sim,0.4309181444591081,-0.05899155733465646
3542008,Óbitos - ocupantes de motocicleta,7225,Não,0.6794017747040051,0.03141799493711127
3542107,Óbitos - ocupantes de motocicleta,9133,Sim,0.5385947734127231,0.0465831085275588
3542206,Óbitos - ocupantes de motocicleta,29305,Sim,0.3986431657673478,0.06293529621982251
3542305,Óbitos - ocupantes de motocicleta,4611,Não,0.11834981273562829,0.11745531960786325
3542404,Óbitos - ocupantes de motocicleta,20565,Não,0.24755535434472312,0.08650061513547111
3542503,Óbitos - ocupantes de motocicleta,7808,Não,0.9341251357095105,-0.00677643028055341
3542602,Óbitos - ocupantes de motocicleta,61732,Sim,8.649010914792149e-4,0.24501892386346244
3542701,Óbitos - ocupantes de motocicleta,6492,Não,0.22995446219683288,-0.09000791048158194
3542800,Óbitos - ocupantes de motocicleta,3166,Não,0.284131873595201,0.08036420578712673
3542909,Óbitos - ocupantes de motocicleta,11079,Não,0.0686956849291725,0.1354986887345719
3543006,Óbitos - ocupantes de motocicleta,18930,Sim,0.7787618899711324,0.021213582252947557
3543105,Óbitos - ocupantes de motocicleta,4706,Não,0.7120248789907961,0.028570212877588357
3543204,Óbitos - ocupantes de motocicleta,4768,Não,NA,NA
3543238,Óbitos - ocupantes de motocicleta,2045,Não,NA,NA
3543253,Óbitos - ocupantes de motocicleta,7570,Sim,0.959799759679487,-0.004508042760731497
3543303,Óbitos - ocupantes de motocicleta,118877,Sim,0.6059480626551408,-0.03705649635193663
3543402,Óbitos - ocupantes de motocicleta,728400,Sim,2.0882468440874024e-4,0.24191428762671366
3543501,Óbitos - ocupantes de motocicleta,5647,Sim,0.04398380619013542,0.15011672720119898
3543600,Óbitos - ocupantes de motocicleta,4158,Sim,0.7737430817203038,0.02185078604201031
3543709,Óbitos - ocupantes de motocicleta,9145,Não,0.5612187236724631,-0.04364416030450194
3543808,Óbitos - ocupantes de motocicleta,9357,Sim,1,0.0010581560325032724
3543907,Óbitos - ocupantes de motocicleta,208857,Sim,0.1964663049945842,0.08992631219710043
3544004,Óbitos - ocupantes de motocicleta,32267,Sim,0.6725365788389516,-0.03151703517979875
3544103,Óbitos - ocupantes de motocicleta,45317,Sim,0.4771828256301491,0.053595403128013336
3544202,Óbitos - ocupantes de motocicleta,10453,Não,0.4741462981912141,0.05409651312877796
3544251,Óbitos - ocupantes de motocicleta,17533,Sim,0.6867582008604683,-0.030332746314319124
3544301,Óbitos - ocupantes de motocicleta,11095,Não,0.8870988466073298,-0.011639716357535997
3544400,Óbitos - ocupantes de motocicleta,2741,Não,0.6092711424152878,-0.03915177320262108
3544509,Óbitos - ocupantes de motocicleta,3965,Não,0.16113775950833747,-0.10518766441706826
3544608,Óbitos - ocupantes de motocicleta,5185,Não,NA,NA
3544707,Óbitos - ocupantes de motocicleta,2519,Não,0.8424453192562011,0.015872340487549087
3544806,Óbitos - ocupantes de motocicleta,6612,Não,0.4569349914971402,0.05605955959366912
3544905,Óbitos - ocupantes de motocicleta,11654,Não,0.14125288928168275,-0.10996341127565179
3545001,Óbitos - ocupantes de motocicleta,15396,Sim,0.8272463572298027,0.016271514782577177
3545100,Óbitos - ocupantes de motocicleta,4883,Não,0.6092711424152878,-0.03915177320262108
3545159,Óbitos - ocupantes de motocicleta,8371,Sim,0.5931398250485791,-0.04057238484658347
3545209,Óbitos - ocupantes de motocicleta,140125,Sim,0.0027490530781231395,0.21439420111486135
3545308,Óbitos - ocupantes de motocicleta,45138,Sim,0.7743641962368625,-0.021108394523436734
3545407,Óbitos - ocupantes de motocicleta,9212,Não,0.6875022997699499,-0.030312793270639904
3545506,Óbitos - ocupantes de motocicleta,3699,Não,0.3942935302964174,-0.06454751798269961
3545605,Óbitos - ocupantes de motocicleta,14203,Não,0.1089623194960431,0.12021447361950659
3545704,Óbitos - ocupantes de motocicleta,6543,Não,0.14757323088385482,-0.10899007134783706
3545803,Óbitos - ocupantes de motocicleta,189338,Sim,0.4561513819565845,0.052373177538744396
3546009,Óbitos - ocupantes de motocicleta,14212,Sim,0.6915529936645575,-0.030185916704283375
3546108,Óbitos - ocupantes de motocicleta,2677,Sim,0.13979578514300867,0.11110638341284361
3546207,Óbitos - ocupantes de motocicleta,4365,Sim,0.7468092090808465,0.024543395194710976
3546256,Óbitos - ocupantes de motocicleta,2162,Não,0.08843457506096046,0.12803687993289598
3546306,Óbitos - ocupantes de motocicleta,29525,Sim,0.601343355386512,0.03914478119473083
3546405,Óbitos - ocupantes de motocicleta,47677,Sim,0.5155217931498937,0.047969536403705236
3546504,Óbitos - ocupantes de motocicleta,6256,Não,0.6316820674228687,0.03624492326962825
3546603,Óbitos - ocupantes de motocicleta,36098,Sim,0.4650027761948623,-0.05416124277081796
3546702,Óbitos - ocupantes de motocicleta,24107,Sim,0.0830866012935997,0.12944788271212182
3546801,Óbitos - ocupantes de motocicleta,54586,Sim,0.03301310324443864,0.15733089731184685
3546900,Óbitos - ocupantes de motocicleta,7181,Não,0.3460505913215428,0.07084449838760384
3547007,Óbitos - ocupantes de motocicleta,5314,Não,0.7284749782236588,0.026489682005799695
3547106,Óbitos - ocupantes de motocicleta,3012,Não,0.11348694905844486,-0.11871179269926274
3547205,Óbitos - ocupantes de motocicleta,1698,Não,0.8323407505694547,-0.016529490122682153
3547304,Óbitos - ocupantes de motocicleta,162341,Sim,0.12029639778405908,0.11171877018361295
3547403,Óbitos - ocupantes de motocicleta,2790,Não,0.380946998802512,0.06591618545629227
3547502,Óbitos - ocupantes de motocicleta,25060,Sim,0.33285109456377215,0.07242052973604167
3547601,Óbitos - ocupantes de motocicleta,23725,Sim,0.4669980440640979,0.05482748136084123
3547650,Óbitos - ocupantes de motocicleta,1686,Não,0.6213290078822918,0.03756702300609581
3547700,Óbitos - ocupantes de motocicleta,18045,Sim,0.99527674952633,-8.824046198461398e-4
3547809,Óbitos - ocupantes de motocicleta,778711,Sim,0.08765443298828363,0.11490940957150458
3547908,Óbitos - ocupantes de motocicleta,6917,Não,0.2560364353464679,-0.08571063863276507
3548005,Óbitos - ocupantes de motocicleta,23779,Sim,0.5696548145157783,0.04234828047959891
3548054,Óbitos - ocupantes de motocicleta,8568,Não,0.11513977535969938,0.11790454554321939
3548104,Óbitos - ocupantes de motocicleta,6237,Sim,0.10058015036845389,-0.12228413948442464
3548203,Óbitos - ocupantes de motocicleta,7294,Sim,0.2746099455905397,0.08171222254840467
3548302,Óbitos - ocupantes de motocicleta,3063,Não,0.7242128519177321,0.02704825656438898
3548401,Óbitos - ocupantes de motocicleta,3933,Não,NA,NA
3548500,Óbitos - ocupantes de motocicleta,429567,Sim,0.574841828680255,0.03805332163928247
3548609,Óbitos - ocupantes de motocicleta,11948,Não,0.46087236959738687,-0.055177972541330125
3548708,Óbitos - ocupantes de motocicleta,840499,Sim,4.678271382728506e-4,0.22929535496113176
3548807,Óbitos - ocupantes de motocicleta,172109,Sim,0.5830382711935838,0.04050977611369672
3548906,Óbitos - ocupantes de motocicleta,265294,Sim,0.20873874702605427,0.08801757867739694
3549003,Óbitos - ocupantes de motocicleta,2629,Não,NA,NA
3549102,Óbitos - ocupantes de motocicleta,95762,Sim,0.7946601116470129,-0.019133979006967998
3549201,Óbitos - ocupantes de motocicleta,2622,Não,NA,NA
3549250,Óbitos - ocupantes de motocicleta,1880,Não,0.5628648824719449,0.043738777265390195
3549300,Óbitos - ocupantes de motocicleta,2288,Não,NA,NA
3549409,Óbitos - ocupantes de motocicleta,49815,Sim,0.027878532489530684,-0.16221542237060366
3549508,Óbitos - ocupantes de motocicleta,7690,Não,0.3376551403188399,0.07207657662043172
3549607,Óbitos - ocupantes de motocicleta,3898,Não,0.26811499823190443,-0.08359432656775853
3549706,Óbitos - ocupantes de motocicleta,53416,Sim,0.4600207907351138,0.05512918832514473
3549805,Óbitos - ocupantes de motocicleta,501597,Sim,0.5501349869378132,0.03982436322168726
3549904,Óbitos - ocupantes de motocicleta,724756,Sim,0.025719249806371053,0.14720352625073133
3549953,Óbitos - ocupantes de motocicleta,16458,Sim,0.27718655668623166,0.08076509621358036
3550001,Óbitos - ocupantes de motocicleta,10497,Sim,0.007521277643776186,0.1994657224486644
3550100,Óbitos - ocupantes de motocicleta,38166,Sim,0.6852519299029501,0.030275932065654803
3550209,Óbitos - ocupantes de motocicleta,32904,Sim,0.7343430387874028,0.025256360491237646
3550308,Óbitos - ocupantes de motocicleta,11895578,Sim,1.4997181100334738e-5,0.2692457358952887
3550407,Óbitos - ocupantes de motocicleta,39725,Sim,0.12952362863704506,0.1112482418245521
3550506,Óbitos - ocupantes de motocicleta,7333,Não,0.8497845552858507,-0.014507658639852799
3550605,Óbitos - ocupantes de motocicleta,81342,Sim,0.6906320436201003,0.029032360981512913
3550704,Óbitos - ocupantes de motocicleta,84019,Sim,0.14005054938152506,0.10406685985476806
3550803,Óbitos - ocupantes de motocicleta,10484,Não,0.16725027584473204,0.10368498349682442
3550902,Óbitos - ocupantes de motocicleta,13590,Sim,0.9375654649046605,-0.006180582188967315
3551009,Óbitos - ocupantes de motocicleta,338407,Sim,0.34278587432758717,0.0648194783429322
3551108,Óbitos - ocupantes de motocicleta,10632,Sim,0.5766001699994153,0.04185151073747828
3551207,Óbitos - ocupantes de motocicleta,3769,Não,0.9758733198034499,0.0030053618404876645
3551306,Óbitos - ocupantes de motocicleta,3187,Sim,0.7786872921142717,0.021561369074488124
3551405,Óbitos - ocupantes de motocicleta,13058,Não,0.029100951603790063,-0.1632503658496958
3551504,Óbitos - ocupantes de motocicleta,45408,Sim,0.009838238979729902,0.19146319766474731
3551603,Óbitos - ocupantes de motocicleta,30920,Sim,0.9718940302632595,-0.0028594196281676696
3551702,Óbitos - ocupantes de motocicleta,131600,Sim,0.945781294541653,0.005138215411258895
3551801,Óbitos - ocupantes de motocicleta,12912,Sim,0.2929216193356008,0.07839046199701938
3551900,Óbitos - ocupantes de motocicleta,14724,Sim,0.1805622406836737,-0.10041437597547327
3552007,Óbitos - ocupantes de motocicleta,6313,Sim,0.28395592318907753,0.08029882040599873
3552106,Óbitos - ocupantes de motocicleta,41405,Sim,0.6337638982243227,-0.03499005793780218
3552205,Óbitos - ocupantes de motocicleta,757459,Sim,3.8588108100306e-5,0.26822161689341567
3552304,Óbitos - ocupantes de motocicleta,7466,Sim,0.5509749525416405,-0.04550070939764072
3552403,Óbitos - ocupantes de motocicleta,289787,Sim,0.1145261269091954,0.10880737168607217
3552502,Óbitos - ocupantes de motocicleta,318765,Sim,0.25448110027614385,0.08134682331802026
3552551,Óbitos - ocupantes de motocicleta,3464,Sim,0.4777780974592953,0.053965957657666895
3552601,Óbitos - ocupantes de motocicleta,11499,Sim,0.4811882381762006,-0.0527256182061599
3552700,Óbitos - ocupantes de motocicleta,14994,Não,0.7020323842247074,0.0287969110578979
3552809,Óbitos - ocupantes de motocicleta,284274,Sim,0.04915491188125791,0.13947535866425861
3552908,Óbitos - ocupantes de motocicleta,6399,Sim,0.8298410811232699,0.016633056143176554
3553005,Óbitos - ocupantes de motocicleta,13006,Sim,0.6097838059128993,0.03857481877782083
3553104,Óbitos - ocupantes de motocicleta,5751,Não,0.8647180811901104,0.013756028422542543
3553203,Óbitos - ocupantes de motocicleta,6733,Não,0.12756844087643912,-0.1137562313909163
3553302,Óbitos - ocupantes de motocicleta,21682,Sim,0.3608583653695136,0.06851109807267741
3553401,Óbitos - ocupantes de motocicleta,26021,Sim,0.00623540754949542,0.20415070142084654
3553500,Óbitos - ocupantes de motocicleta,8122,Não,0.9212443070485751,0.007688943567597432
3553609,Óbitos - ocupantes de motocicleta,11936,Não,0.45037475120211384,0.05679070542290289
3553658,Óbitos - ocupantes de motocicleta,2652,Não,0.9078758120157203,0.009240586746209195
3553708,Óbitos - ocupantes de motocicleta,53322,Sim,0.9271148285306078,0.007009548110775146
3553807,Óbitos - ocupantes de motocicleta,24863,Sim,0.36441091192407654,0.06791900151377732
3553856,Óbitos - ocupantes de motocicleta,7112,Sim,0.3074286681266688,0.07637155440798607
3553906,Óbitos - ocupantes de motocicleta,6635,Não,0.1494211376755196,-0.10819302625755592
3553955,Óbitos - ocupantes de motocicleta,15248,Sim,0.3600115318917429,0.06860645519463987
3554003,Óbitos - ocupantes de motocicleta,128560,Sim,0.04601774167194382,0.1429704606067477
3554102,Óbitos - ocupantes de motocicleta,321298,Sim,0.3816229732346295,0.06003706697125775
3554201,Óbitos - ocupantes de motocicleta,4142,Não,0.6083244178164177,0.03881046433407862
3554300,Óbitos - ocupantes de motocicleta,22559,Sim,0.644087210240881,0.03478030498766136
3554409,Óbitos - ocupantes de motocicleta,7985,Sim,0.060797441816642345,0.14020886787518627
3554508,Óbitos - ocupantes de motocicleta,38690,Sim,0.08902713341491249,0.12519121477360645
3554607,Óbitos - ocupantes de motocicleta,2490,Não,0.7037841691795331,-0.02895383847145548
3554656,Óbitos - ocupantes de motocicleta,2063,Não,NA,NA
3554706,Óbitos - ocupantes de motocicleta,9484,Sim,0.6699902681245373,0.03224328388324775
3554755,Óbitos - ocupantes de motocicleta,1719,Não,NA,NA
3554805,Óbitos - ocupantes de motocicleta,53083,Sim,0.6986957534366185,0.02864066973643526
3554904,Óbitos - ocupantes de motocicleta,7013,Não,0.59426291725509,-0.04000596776444257
3554953,Óbitos - ocupantes de motocicleta,6947,Não,0.6244459034442305,0.036796323944151686
3555000,Óbitos - ocupantes de motocicleta,65416,Sim,0.3207700061919312,0.07265424591075573
3555109,Óbitos - ocupantes de motocicleta,16206,Sim,0.7229394823824979,0.02667387745127676
3555208,Óbitos - ocupantes de motocicleta,1839,Não,0.24719765137215555,-0.08686151541436644
3555307,Óbitos - ocupantes de motocicleta,1672,Não,0.71611720197861,0.02764443300225883
3555356,Óbitos - ocupantes de motocicleta,5456,Não,0.40848695130329665,-0.06221995075780859
3555406,Óbitos - ocupantes de motocicleta,96598,Sim,0.685439981748202,-0.02890963216157709
3555505,Óbitos - ocupantes de motocicleta,5265,Não,0.2900573687782205,0.07946904601739908
3555604,Óbitos - ocupantes de motocicleta,10627,Não,0.6203205007519187,-0.037332394758165535
3555703,Óbitos - ocupantes de motocicleta,1628,Sim,NA,NA
3555802,Óbitos - ocupantes de motocicleta,8973,Não,0.3666735093219189,0.06769060588019025
3555901,Óbitos - ocupantes de motocicleta,1419,Não,NA,NA
3556008,Óbitos - ocupantes de motocicleta,14038,Sim,0.22636525788878173,0.09023032131474676
3556107,Óbitos - ocupantes de motocicleta,14531,Não,0.6796204665993941,0.030953000209054612
3556206,Óbitos - ocupantes de motocicleta,131277,Sim,0.0050159355054568075,0.20105090376377585
3556305,Óbitos - ocupantes de motocicleta,24723,Sim,0.23302620839151553,-0.08994326276277816
3556354,Óbitos - ocupantes de motocicleta,10805,Sim,0.4507481256499631,0.0565735744112668
3556404,Óbitos - ocupantes de motocicleta,41226,Sim,0.897437182209548,0.009890427492127136
3556453,Óbitos - ocupantes de motocicleta,52103,Sim,0.7505212948896873,0.023928453609985006
3556503,Óbitos - ocupantes de motocicleta,119576,Sim,0.23660964618193325,0.08678733897670332
3556602,Óbitos - ocupantes de motocicleta,10294,Não,0.010558887389523637,0.19105348808431877
3556701,Óbitos - ocupantes de motocicleta,79235,Sim,0.7666182730113269,0.02198610320312846
3556800,Óbitos - ocupantes de motocicleta,17681,Sim,0.46076372716589015,0.05538322299288294
3556909,Óbitos - ocupantes de motocicleta,8327,Sim,0.6356384480267425,0.03606434208585198
3556958,Óbitos - ocupantes de motocicleta,1826,Sim,0.4777780974592953,0.053965957657666895
3557006,Óbitos - ocupantes de motocicleta,132849,Sim,0.3384540600528221,0.06997388923213939
3557105,Óbitos - ocupantes de motocicleta,100159,Sim,0.17157302069316402,0.09966246265948545
3557154,Óbitos - ocupantes de motocicleta,2761,Não,0.09227398977744772,-0.1262251973004819
3557204,Óbitos - ocupantes de motocicleta,12411,Não,0.3463509216888616,0.07072050109267153
3557303,Óbitos - ocupantes de motocicleta,11566,Sim,0.6909743002727755,0.0306865249425949
3500105,Sinistros com vítimas feridas,35642,Sim,0.6098195219162239,0.04186489133840892
3500204,Sinistros com vítimas feridas,4478,Sim,1,5.177747511579673e-4
3500303,Sinistros com vítimas feridas,32888,Não,0.06876519206380198,0.15113829559973518
3500402,Sinistros com vítimas feridas,7470,Sim,0.8298224602899914,-0.019405042205982635
3500501,Sinistros com vítimas feridas,18245,Sim,0.1741771072599063,0.11557573098023803
3500550,Sinistros com vítimas feridas,7407,Não,0.6719684280952687,-0.036622190528614144
3500600,Sinistros com vítimas feridas,2829,Sim,0.6459634370604075,0.04198839839461444
3500709,Sinistros com vítimas feridas,38879,Sim,2.865966009405367e-4,0.29893569781669943
3500758,Sinistros com vítimas feridas,6330,Não,0.5468972281105299,-0.05285491579612601
3500808,Sinistros com vítimas feridas,4556,Não,0.44342538766851586,0.0703166616941503
3500907,Sinistros com vítimas feridas,3479,Não,0.30838586407497703,-0.09472417848948082
3501004,Sinistros com vítimas feridas,17156,Sim,0.8825429017983248,0.012969126619975091
3501103,Sinistros com vítimas feridas,3883,Não,0.9254243139749998,-0.009102781645922148
3501152,Sinistros com vítimas feridas,17591,Sim,0.05559742338420508,0.16244312358143942
3501202,Sinistros com vítimas feridas,3978,Não,0.24705163212145825,0.10525055959971223
3501301,Sinistros com vítimas feridas,28250,Não,0.29942351380020715,0.08692778875132803
3501400,Sinistros com vítimas feridas,4896,Não,0.15612999231093966,0.13404226834945646
3501509,Sinistros com vítimas feridas,2923,Não,0.2830852896516619,-0.10271392059671636
3501608,Sinistros com vítimas feridas,246655,Sim,0.006012228121017654,0.2207815067534613
3501707,Sinistros com vítimas feridas,33757,Sim,0.3152650172912139,0.08496090301494368
3501806,Sinistros com vítimas feridas,5975,Sim,0.9842383083462942,-0.002199633003372151
3501905,Sinistros com vítimas feridas,69717,Sim,0.005299778126204309,0.22628451199516178
3502002,Sinistros com vítimas feridas,4684,Não,0.6918561338182935,0.03698667794847152
3502101,Sinistros com vítimas feridas,61473,Sim,0.023984911695542274,0.182220185011447
3502200,Sinistros com vítimas feridas,24512,Sim,0.8979610580616046,0.01126335387714382
3502309,Sinistros com vítimas feridas,5766,Não,0.3571858075142157,-0.08323434831601202
3502408,Sinistros com vítimas feridas,4108,Não,0.9339250983988088,0.008114466032663144
3502507,Sinistros com vítimas feridas,33223,Sim,0.004155728845583221,0.2353271134762295
3502606,Sinistros com vítimas feridas,4124,Não,0.12766423934620766,-0.13531308875677958
3502705,Sinistros com vítimas feridas,24886,Sim,0.019605266817671156,0.19618378788987306
3502754,Sinistros com vítimas feridas,22168,Sim,0.06124528525640925,0.15405486180328493
3502804,Sinistros com vítimas feridas,207775,Sim,0.24878753239795376,0.09248799467271562
3502903,Sinistros com vítimas feridas,33656,Sim,0.792142744550556,0.022244368662587624
3503000,Sinistros com vítimas feridas,5526,Não,0.6556360435578492,0.03996465182620617
3503109,Sinistros com vítimas feridas,7050,Sim,0.7575368294646345,-0.02861050245614225
3503158,Sinistros com vítimas feridas,2355,Não,0.2087951684322481,0.12171699048994715
3503208,Sinistros com vítimas feridas,252318,Sim,1.9132912826630267e-4,0.2979010707550276
3503307,Sinistros com vítimas feridas,135331,Sim,0.011595567584338265,0.2037190006675064
3503356,Sinistros com vítimas feridas,2085,Não,0.9400802277088371,-0.0077084467141150855
3503406,Sinistros com vítimas feridas,8280,Sim,0.7292461363589742,0.030499325418784765
3503505,Sinistros com vítimas feridas,3625,Não,0.6806433967785379,0.03968345790913573
3503604,Sinistros com vítimas feridas,10257,Não,0.08465517506420145,0.15727226808582187
3503703,Sinistros com vítimas feridas,7653,Não,0.41682848370567216,-0.07237871474459695
3503802,Sinistros com vítimas feridas,53157,Sim,0.5511481490540957,0.0493767486887876
3503901,Sinistros com vítimas feridas,89943,Sim,0.007039071809493458,0.22025630063504956
3503950,Sinistros com vítimas feridas,1873,Sim,0.7833973471031558,0.02638410520537317
3504008,Sinistros com vítimas feridas,104642,Sim,1.4263618037101598e-5,0.3485362494472655
3504107,Sinistros com vítimas feridas,166043,Sim,0.6005469171188562,0.04261662640381428
3504206,Sinistros com vítimas feridas,13873,Não,0.8165601868271617,0.01997393902671872
3504305,Sinistros com vítimas feridas,4519,Sim,0.06185062266394175,-0.1664844896109063
3504404,Sinistros com vítimas feridas,11438,Não,0.48822324033437675,-0.059947958198076676
3504503,Sinistros com vítimas feridas,96098,Sim,0.951500903036978,0.005307534358178978
3504602,Sinistros com vítimas feridas,28909,Não,1.7580977862092283e-4,0.3116134955166572
3504701,Sinistros com vítimas feridas,3963,Não,0.5958983295659636,0.0509485245398267
3504800,Sinistros com vítimas feridas,9854,Não,0.9427975349232054,0.006587662990110854
3504909,Sinistros com vítimas feridas,10109,Sim,0.2595569319194609,0.1040550554279646
3505005,Sinistros com vítimas feridas,3618,Não,0.4294644623943254,0.0761308687973508
3505104,Sinistros com vítimas feridas,5659,Não,0.6923339099705177,-0.035807723510647545
3505203,Sinistros com vítimas feridas,32405,Sim,0.8950672535209598,0.011335978113330022
3505302,Sinistros com vítimas feridas,35159,Sim,0.7136299464011719,-0.030817240293317467
3505351,Sinistros com vítimas feridas,5256,Não,0.2340892532145266,0.11434181662390307
3505401,Sinistros com vítimas feridas,6922,Sim,0.03265766592649033,0.17485557887682102
3505500,Sinistros com vítimas feridas,126600,Sim,0.6913697251984892,0.032193615477616365
3505609,Sinistros com vítimas feridas,33181,Não,0.8569583885755261,0.01562350668864721
3505708,Sinistros com vítimas feridas,330339,Sim,5.816323252614728e-7,0.4003927450005025
3505807,Sinistros com vítimas feridas,21900,Sim,0.30034277409671445,-0.08826929545350504
3505906,Sinistros com vítimas feridas,59873,Sim,7.109694080341207e-5,0.32249363799418695
3506003,Sinistros com vítimas feridas,391740,Sim,6.776308446356049e-6,-0.3594104782344326
3506102,Sinistros com vítimas feridas,78210,Sim,0.05126886021837174,0.15743226219493775
3506201,Sinistros com vítimas feridas,2642,Não,0.5750950733239635,0.05351021351844762
3506300,Sinistros com vítimas feridas,11852,Sim,0.9314332594659082,0.007785509015711183
3506359,Sinistros com vítimas feridas,66873,Sim,2.063200319174845e-5,0.3436202525618471
3506409,Sinistros com vítimas feridas,7455,Não,0.276875982209557,0.09497479815491425
3506508,Sinistros com vítimas feridas,122988,Sim,0.9664664348246869,-0.003746280677389542
3506607,Sinistros com vítimas feridas,30526,Sim,0.6862736839609997,-0.03467043568810619
3506706,Sinistros com vítimas feridas,13135,Sim,0.034321418583621234,-0.18396169671611043
3506805,Sinistros com vítimas feridas,11467,Sim,0.8968094546658455,0.011701130118080504
3506904,Sinistros com vítimas feridas,10688,Não,0.5418273537341131,-0.052550594444142
3507001,Sinistros com vítimas feridas,63415,Sim,0.8663012255230185,-0.01399720159602309
3507100,Sinistros com vítimas feridas,22501,Sim,4.040826819889823e-4,0.2953124863187266
3507159,Sinistros com vítimas feridas,3610,Não,0.8129326384450035,0.022695704747754987
3507209,Sinistros com vítimas feridas,928,Não,0.6195742043109966,0.048150202335090146
3507308,Sinistros com vítimas feridas,4823,Não,0.03260775203096406,-0.19599974772888706
3507407,Sinistros com vítimas feridas,14415,Não,0.4536269600498531,0.06377882631251772
3507456,Sinistros com vítimas feridas,2787,Não,0.003695697808448707,0.27212847859888806
3507506,Sinistros com vítimas feridas,150442,Sim,0.013793412638973643,0.19817960113522523
3507605,Sinistros com vítimas feridas,184634,Sim,0.5910812753098316,0.043522899749711616
3507704,Sinistros com vítimas feridas,5466,Não,0.6454812544029013,0.04268124136899909
3507753,Sinistros com vítimas feridas,2605,Não,0.3509202129198908,-0.0874463568933853
3507803,Sinistros com vítimas feridas,26167,Sim,0.07434754250753635,0.14970215382795532
3507902,Sinistros com vítimas feridas,24423,Sim,9.343806027168709e-7,0.40433556220598854
3508009,Sinistros com vítimas feridas,20674,Sim,0.6665804690087873,0.03819167115042544
3508108,Sinistros com vítimas feridas,17597,Sim,0.19237811931392493,0.11049453536726894
3508207,Sinistros com vítimas feridas,4447,Sim,0.02296578019546308,0.1998345558995763
3508306,Sinistros com vítimas feridas,4362,Não,0.757171238021278,-0.028903951185058417
3508405,Sinistros com vítimas feridas,48473,Sim,0.7989832741607872,-0.021517036829431842
3508504,Sinistros com vítimas feridas,99678,Sim,3.78409709326527e-11,0.5326992574849011
3508603,Sinistros com vítimas feridas,32482,Sim,3.131870167168238e-6,0.3832882569277526
3508702,Sinistros com vítimas feridas,17266,Não,0.01352299153670201,0.2159996450732624
3508801,Sinistros com vítimas feridas,16905,Sim,0.0969597938424908,-0.1407336188668134
3508900,Sinistros com vítimas feridas,3745,Sim,0.41037993240855664,-0.07759168973320339
3509007,Sinistros com vítimas feridas,98257,Sim,0.016566159869493568,0.19520444780604185
3509106,Sinistros com vítimas feridas,5585,Não,0.1004456789753885,0.15507819877492138
3509205,Sinistros com vítimas feridas,97363,Sim,7.78233373945189e-6,-0.3641289972497494
3509254,Sinistros com vítimas feridas,29257,Sim,0.001800220751296306,0.2548022790697617
3509304,Sinistros com vítimas feridas,9232,Sim,0.035329877630528354,-0.18863918763450885
3509403,Sinistros com vítimas feridas,24217,Sim,0.12000307416368738,0.1308725059971991
3509452,Sinistros com vítimas feridas,6077,Sim,0.8870662373199457,-0.013588435848450797
3509502,Sinistros com vítimas feridas,1185977,Sim,0.005713755837991538,0.22077782840499302
3509601,Sinistros com vítimas feridas,79663,Sim,1.9755783524335802e-10,0.516469637171801
3509700,Sinistros com vítimas feridas,47983,Sim,1.6988216975060986e-5,0.3498690716130549
3509809,Sinistros com vítimas feridas,4991,Não,0.5802214366667373,0.051337656230588495
3509908,Sinistros com vítimas feridas,12489,Sim,0.760991763735509,-0.026936709264044033
3509957,Sinistros com vítimas feridas,5049,Não,0.17947315464016683,0.11625610490995632
3510005,Sinistros com vítimas feridas,30172,Sim,0.49182860286367774,0.057390668726133784
3510104,Sinistros com vítimas feridas,2951,Não,0.27821828261024045,0.10264202076833343
3510153,Sinistros com vítimas feridas,6524,Não,0.06304970085945144,0.1628520932027903
3510203,Sinistros com vítimas feridas,47403,Sim,0.9103319830198866,0.009638087234942836
3510302,Sinistros com vítimas feridas,23597,Sim,0.002226747746840455,0.26030982809548187
3510401,Sinistros com vítimas feridas,51318,Sim,0.029096755371593955,-0.17811918328763604
3510500,Sinistros com vítimas feridas,141084,Sim,0.12190145456718028,0.12480303475973703
3510609,Sinistros com vítimas feridas,398462,Sim,3.393060081505907e-5,0.33406563604985323
3510708,Sinistros com vítimas feridas,11491,Não,0.8389919074373167,-0.017442259413543177
3510807,Sinistros com vítimas feridas,28786,Sim,0.01701274170299285,0.1973437080824589
3510906,Sinistros com vítimas feridas,2855,Não,0.1459987052374024,-0.1388274452107049
3511003,Sinistros com vítimas feridas,20418,Não,0.6962499226554179,0.03274751516945052
3511102,Sinistros com vítimas feridas,119172,Sim,0.0028291105993368502,-0.2404923899144286
3511201,Sinistros com vítimas feridas,7105,Não,0.6208971954655074,0.0430172277688645
3511300,Sinistros com vítimas feridas,13160,Não,3.3858231355831716e-5,0.3454558615137149
3511409,Sinistros com vítimas feridas,22076,Sim,0.8979564793266757,0.011337929976774916
3511508,Sinistros com vítimas feridas,46217,Sim,0.2759660629983113,0.09000782075256404
3511607,Sinistros com vítimas feridas,19588,Sim,0.025377234773359344,0.18802374749657974
3511706,Sinistros com vítimas feridas,15798,Sim,0.2025109471963665,0.1100576801117702
3511904,Sinistros com vítimas feridas,7087,Não,0.8884054124645286,-0.012662987874549229
3512001,Sinistros com vítimas feridas,18842,Sim,0.3609585178331254,-0.07723302026130459
3512100,Sinistros com vítimas feridas,6781,Não,0.9609802613838793,0.004765043289110088
3512209,Sinistros com vítimas feridas,29034,Sim,0.05134336955289333,0.16452442822626803
3512308,Sinistros com vítimas feridas,15381,Sim,0.3033135158386368,0.08843871169896039
3512407,Sinistros com vítimas feridas,25130,Sim,0.028827423781164298,0.18137316174854837
3512506,Sinistros com vítimas feridas,5498,Não,0.8298690162401345,-0.018904938316830235
3512605,Sinistros com vítimas feridas,4295,Não,0.974152351917875,-0.003543250233156483
3512704,Sinistros com vítimas feridas,4285,Não,0.1920922337724083,0.11219893541631072
3512803,Sinistros com vítimas feridas,61204,Sim,0.293798358218693,-0.08779650036679197
3512902,Sinistros com vítimas feridas,8968,Sim,0.42369152724444575,0.0686609448861455
3513009,Sinistros com vítimas feridas,287004,Sim,0.28262119107068384,0.08662121243494743
3513108,Sinistros com vítimas feridas,34252,Sim,0.8914776324998889,0.011671609162666548
3513207,Sinistros com vítimas feridas,9543,Sim,0.847942018623009,-0.016978340670671305
3513306,Sinistros com vítimas feridas,2129,Não,0.8186628536470641,-0.022817548148677494
3513405,Sinistros com vítimas feridas,76513,Sim,0.09844367409817972,0.1345709775520332
3513504,Sinistros com vítimas feridas,115082,Sim,0.1046407942022897,-0.13162391852023597
3513603,Sinistros com vítimas feridas,22456,Sim,3.202301757762357e-7,0.4331422167671654
3513702,Sinistros com vítimas feridas,32622,Não,0.0021222556245045973,0.2540523409509059
3513801,Sinistros com vítimas feridas,404118,Sim,0.14729808603657207,-0.11715506177928081
3513850,Sinistros com vítimas feridas,1641,Não,0.24031673310765234,0.11376163163439505
3513900,Sinistros com vítimas feridas,11314,Não,0.17308184773657218,0.11904040995055877
3514007,Sinistros com vítimas feridas,8958,Sim,0.0031814161261620342,0.25432804729948394
3514106,Sinistros com vítimas feridas,24855,Sim,0.37440990117083534,-0.07555935648581137
3514205,Sinistros com vítimas feridas,2250,Não,1,5.107948503086984e-4
3514304,Sinistros com vítimas feridas,8186,Sim,0.004212178795560223,0.24988453070074637
3514403,Sinistros com vítimas feridas,46664,Sim,0.4888996941592898,0.056301856811167096
3514502,Sinistros com vítimas feridas,12529,Não,0.008119873327116816,-0.22505350340426886
3514601,Sinistros com vítimas feridas,9719,Não,0.24092337138769956,0.10319282618467793
3514700,Sinistros com vítimas feridas,6295,Não,0.014583035367226212,-0.21959173528075296
3514809,Sinistros com vítimas feridas,13162,Sim,0.5807003595475324,-0.04922128383257838
3514908,Sinistros com vítimas feridas,18103,Não,0.21208482013697513,0.10898342583100143
3514924,Sinistros com vítimas feridas,3189,Não,0.2827899505027695,-0.09905140606805012
3514957,Sinistros com vítimas feridas,2353,Não,0.1572599700829545,-0.13444343709159517
3515004,Sinistros com vítimas feridas,259323,Sim,1.2173984855821661e-9,0.4886928800720895
3515103,Sinistros com vítimas feridas,68805,Sim,6.820309352910366e-9,-0.46864274102217435
3515129,Sinistros com vítimas feridas,3062,Não,0.6232818533788262,-0.04688582775779763
3515152,Sinistros com vítimas feridas,20139,Sim,0.22152629220903045,0.10428634846224732
3515186,Sinistros com vítimas feridas,40681,Sim,0.8656799503660193,0.014356883213119686
3515194,Sinistros com vítimas feridas,4217,Sim,0.11376950415192184,0.14424728967919145
3515202,Sinistros com vítimas feridas,9655,Não,0.4828805327272185,-0.06104344293310021
3515301,Sinistros com vítimas feridas,2749,Não,0.4102134013965041,-0.07744532652470597
3515350,Sinistros com vítimas feridas,7928,Não,0.2259006941798045,0.1073745668731039
3515400,Sinistros com vítimas feridas,16984,Não,1.6923421603275536e-5,-0.37056874314787047
3515509,Sinistros com vítimas feridas,73286,Sim,0.7649042460134448,-0.02443899346969474
3515608,Sinistros com vítimas feridas,6066,Não,0.9067121659363377,-0.01075360728479865
3515657,Sinistros com vítimas feridas,1689,Não,0.7056088073298425,-0.03627528517816881
3515707,Sinistros com vítimas feridas,185622,Sim,0.6526981612366027,-0.03718736088580394
3515806,Sinistros com vítimas feridas,1492,Não,0.30124387596516183,-0.09889603121777997
3515905,Sinistros com vítimas feridas,2756,Não,0.8024113136526022,0.023859280019012677
3516002,Sinistros com vítimas feridas,13171,Não,0.7884201234027819,0.023463178410232016
3516101,Sinistros com vítimas feridas,3987,Sim,0.8742000325513762,0.01510693442791421
3516200,Sinistros com vítimas feridas,364331,Sim,2.0997140502420207e-4,0.29587301493292445
3516309,Sinistros com vítimas feridas,171107,Sim,0.07651837936040426,0.14495421397924094
3516408,Sinistros com vítimas feridas,149786,Sim,0.0038327363101636354,0.23480560724958585
3516507,Sinistros com vítimas feridas,2811,Não,0.6084508274280402,-0.048174708564872576
3516606,Sinistros com vítimas feridas,6435,Não,0.2166054625195784,-0.10627379218329638
3516705,Sinistros com vítimas feridas,43115,Sim,0.010709381461705643,0.20977372112644124
3516804,Sinistros com vítimas feridas,3235,Não,0.714131652147802,0.035192440844492134
3516853,Sinistros com vítimas feridas,4797,Sim,0.005757507805805702,0.24875282605451748
3516903,Sinistros com vítimas feridas,10449,Não,0.5022475544924966,0.05869979170424855
3517000,Sinistros com vítimas feridas,10355,Não,0.5503850287590795,0.05351739981463909
3517109,Sinistros com vítimas feridas,4173,Sim,0.051269617686204194,-0.17715277217500036
3517208,Sinistros com vítimas feridas,11459,Não,0.01646134685034443,0.20535346688334077
3517307,Sinistros com vítimas feridas,5606,Não,0.6341128885402536,0.042943107009814636
3517406,Sinistros com vítimas feridas,40424,Sim,0.06378913975398104,0.15408620146658733
3517505,Sinistros com vítimas feridas,22316,Sim,0.7565610809681166,-0.026844270250117843
3517604,Sinistros com vítimas feridas,17256,Sim,0.4369599375202797,0.06667415906135883
3517703,Sinistros com vítimas feridas,18790,Sim,0.02443391637583276,0.18993834280121738
3517802,Sinistros com vítimas feridas,7486,Sim,0.03390411055301293,0.18572382216005534
3517901,Sinistros com vítimas feridas,10542,Não,0.055056278699138615,-0.16676614802581247
3518008,Sinistros com vítimas feridas,1999,Não,0.8824649453185262,-0.014644245275390813
3518107,Sinistros com vítimas feridas,6531,Não,5.374647311748732e-4,-0.30512482688879383
3518206,Sinistros com vítimas feridas,31872,Sim,0.004667921404095353,-0.23139129144443474
3518305,Sinistros com vítimas feridas,32436,Sim,0.6093065688859964,-0.0422467721393223
3518404,Sinistros com vítimas feridas,121710,Sim,3.6989159919526227e-4,0.2869857841932683
3518503,Sinistros com vítimas feridas,15268,Sim,0.7141043467320458,0.032781193547993
3518602,Sinistros com vítimas feridas,38609,Sim,0.3959843400792644,-0.07187520647773707
3518701,Sinistros com vítimas feridas,294973,Sim,8.602499618393352e-5,0.31424784715013765
3518800,Sinistros com vítimas feridas,1345364,Sim,1.9461170371989913e-7,0.41448674508470407
3518859,Sinistros com vítimas feridas,7462,Não,0.4033217702893032,-0.0737182807586813
3518909,Sinistros com vítimas feridas,4276,Não,0.28157999081712554,-0.10178076330255391
3519006,Sinistros com vítimas feridas,9302,Não,0.13914498867049993,-0.1274610067179287
3519055,Sinistros com vítimas feridas,15596,Sim,0.008130865368434617,0.22732209530482145
3519071,Sinistros com vítimas feridas,247331,Sim,1.0978787123850316e-8,0.4599416957113447
3519105,Sinistros com vítimas feridas,10633,Não,0.2703049496589658,0.0950436133213675
3519204,Sinistros com vítimas feridas,6207,Não,0.15756067852790673,-0.12198352303454374
3519253,Sinistros com vítimas feridas,8257,Não,0.7713793916704448,-0.02645790704241672
3519303,Sinistros com vítimas feridas,33110,Sim,8.604672652279004e-4,0.2770308098596329
3519402,Sinistros com vítimas feridas,11934,Não,0.3440725928464864,-0.08143224594386779
3519501,Sinistros com vítimas feridas,6461,Não,0.29743433995702867,0.09453853644055253
3519600,Sinistros com vítimas feridas,61908,Sim,4.5457006361052774e-6,0.37140223441770653
3519709,Sinistros com vítimas feridas,77651,Sim,0.4311775798840847,0.06473897026606784
3519808,Sinistros com vítimas feridas,7969,Sim,0.3997252056966679,0.07361944584108257
3519907,Sinistros com vítimas feridas,7739,Sim,0.7432693589340515,-0.029867995908160323
3520004,Sinistros com vítimas feridas,23430,Sim,0.0034640183448478366,0.2466932236677096
3520103,Sinistros com vítimas feridas,26755,Sim,0.17684448734333552,0.11360246207549796
3520202,Sinistros com vítimas feridas,10904,Sim,0.6110904087603384,0.0444536921217353
3520301,Sinistros com vítimas feridas,29881,Sim,0.0548781380748258,0.16058276091913953
3520400,Sinistros com vítimas feridas,36329,Sim,2.45954605749472e-12,0.5670758160118544
3520426,Sinistros com vítimas feridas,13955,Sim,0.06461589537089531,0.15809458758129544
3520442,Sinistros com vítimas feridas,26240,Sim,0.06048644105021161,0.15484376434998312
3520509,Sinistros com vítimas feridas,267796,Sim,2.1950899121689625e-6,0.37874297088814934
3520608,Sinistros com vítimas feridas,5191,Não,0.32851390150230425,-0.08728097183319884
3520707,Sinistros com vítimas feridas,4109,Não,0.7727741996398698,0.026894683571393758
3520806,Sinistros com vítimas feridas,3671,Sim,0.809622792818581,-0.02236090784965691
3520905,Sinistros com vítimas feridas,13933,Sim,0.36610370175536017,0.07742665180698849
3521002,Sinistros com vítimas feridas,37999,Sim,0.10411540722584081,0.13712548920582318
3521101,Sinistros com vítimas feridas,6999,Não,0.2655639292057301,0.09991558179813051
3521150,Sinistros com vítimas feridas,7037,Sim,0.4666706142018405,0.06496140252310383
3521200,Sinistros com vítimas feridas,4091,Não,0.46076445310305353,-0.07120804570682346
3521309,Sinistros com vítimas feridas,14691,Sim,0.11219144630345586,0.14071406811827003
3521408,Sinistros com vítimas feridas,22435,Sim,0.22906367226405402,0.10206525280322518
3521507,Sinistros com vítimas feridas,6946,Não,0.6764758873804813,-0.038074972702663044
3521606,Sinistros com vítimas feridas,7145,Não,0.6891867478332236,-0.036121217076578664
3521705,Sinistros com vítimas feridas,18258,Sim,0.1367942402760063,0.12767828419972116
3521804,Sinistros com vítimas feridas,25930,Sim,0.09083918570533096,0.14326061779634208
3521903,Sinistros com vítimas feridas,17420,Não,0.5079392433733592,-0.05679034205893066
3522000,Sinistros com vítimas feridas,3702,Não,0.13097674184829478,-0.1403033034012062
3522109,Sinistros com vítimas feridas,117435,Sim,0.354600844774118,0.07516611485032591
3522158,Sinistros com vítimas feridas,3490,Não,0.47486546585154177,0.068535067888829
3522208,Sinistros com vítimas feridas,163928,Sim,3.2191571388152137e-4,0.29180113484021736
3522307,Sinistros com vítimas feridas,163774,Sim,1.2116101573118045e-7,0.4243459260355215
3522406,Sinistros com vítimas feridas,92324,Sim,0.06613925603621867,0.14879268667055615
3522505,Sinistros com vítimas feridas,241924,Sim,0.0068827440626442376,0.22075967063730625
3522604,Sinistros com vítimas feridas,73919,Sim,1.5125078166350041e-12,0.5717566690843198
3522653,Sinistros com vítimas feridas,4405,Não,0.29710092077713707,0.09851523763738979
3522703,Sinistros com vítimas feridas,40464,Sim,3.941683958391987e-13,0.589753347147966
3522802,Sinistros com vítimas feridas,14260,Sim,0.10275437738534934,0.13948000600070684
3522901,Sinistros com vítimas feridas,13984,Não,0.7988337137029679,-0.02239805641724568
3523008,Sinistros com vítimas feridas,4014,Não,0.6657041397025178,-0.03991455442893163
3523107,Sinistros com vítimas feridas,382521,Sim,6.193506860294365e-5,0.3230266916112015
3523206,Sinistros com vítimas feridas,45327,Sim,0.004191383237937211,0.2360290921880542
3523305,Sinistros com vítimas feridas,15762,Sim,0.6835879863059591,0.03549003186436849
3523404,Sinistros com vítimas feridas,126403,Sim,2.0647067641482167e-13,0.5898492084855944
3523503,Sinistros com vítimas feridas,19427,Sim,0.14288519741710773,-0.12532927425347953
3523602,Sinistros com vítimas feridas,16433,Sim,0.25111661952049236,0.09738868833478659
3523701,Sinistros com vítimas feridas,5861,Não,2.0458257561485675e-4,0.3373747456964274
3523800,Sinistros com vítimas feridas,8210,Sim,0.08416478345155383,0.1573411412369618
3523909,Sinistros com vítimas feridas,174561,Sim,0.07355975878011657,0.14413061900743654
3524006,Sinistros com vítimas feridas,74119,Sim,0.004403501723191809,0.23209729705509988
3524105,Sinistros com vítimas feridas,38451,Sim,0.6856127011306644,0.03396590598077306
3524204,Sinistros com vítimas feridas,6293,Sim,0.9497071001518007,0.005961257402139304
3524303,Sinistros com vítimas feridas,73467,Sim,0.7256524499304121,0.028845942834963712
3524402,Sinistros com vítimas feridas,249968,Sim,7.563416745246974e-5,0.3185309558292182
3524501,Sinistros com vítimas feridas,7878,Não,0.9235763348905065,0.00869622327034384
3524600,Sinistros com vítimas feridas,16254,Sim,0.74505030397445,0.027436406364622492
3524709,Sinistros com vítimas feridas,61801,Sim,1.6018071098930883e-10,0.518823374411011
3524808,Sinistros com vítimas feridas,50017,Sim,0.17515446426198372,0.10987394602039434
3524907,Sinistros com vítimas feridas,6575,Não,0.15337475677237544,0.12655732781517479
3525003,Sinistros com vítimas feridas,121988,Sim,0.02387690830319082,0.18645966451991575
3525102,Sinistros com vítimas feridas,46868,Sim,0.08182065875345092,0.14332845624443602
3525201,Sinistros com vítimas feridas,39531,Sim,5.8625134942483086e-5,0.33119232689859085
3525300,Sinistros com vítimas feridas,137323,Sim,0.013790654901278102,-0.19855773466191146
3525409,Sinistros com vítimas feridas,3976,Não,0.7226929460457794,0.03343266156083217
3525508,Sinistros com vítimas feridas,13095,Não,0.20841925062705835,0.11060079308860496
3525607,Sinistros com vítimas feridas,4456,Não,0.7930528674612166,0.023912802268608178
3525706,Sinistros com vítimas feridas,37859,Sim,0.04432946558108042,0.16488391873124061
3525805,Sinistros com vítimas feridas,4308,Não,0.33486875935181415,0.08770106598331638
3525854,Sinistros com vítimas feridas,3123,Não,0.8091262262913465,-0.021563429564765726
3525904,Sinistros com vítimas feridas,460313,Sim,0.001500777917400549,0.2535408113723444
3526001,Sinistros com vítimas feridas,20878,Sim,0.8178058945718418,-0.019476584484501958
3526100,Sinistros com vítimas feridas,17255,Sim,0.513694937000165,-0.05527793378341984
3526209,Sinistros com vítimas feridas,28007,Sim,0.9174200953112672,0.009031699176700526
3526308,Sinistros com vítimas feridas,5182,Não,0.7680005782565945,0.028092372537844554
3526407,Sinistros com vítimas feridas,27009,Sim,0.17576370191791582,0.11255159683122708
3526506,Sinistros com vítimas feridas,9909,Não,0.06150956229124101,0.16946625132840756
3526605,Sinistros com vítimas feridas,7328,Não,0.2574589817128681,0.09616550091574895
3526704,Sinistros com vítimas feridas,101316,Sim,1.34200988866886e-4,0.3077316332080855
3526803,Sinistros com vítimas feridas,68395,Sim,0.01388626016283815,0.19959714312379345
3526902,Sinistros com vítimas feridas,300728,Sim,1.929352936215693e-9,0.47915862589751435
3527009,Sinistros com vítimas feridas,7147,Sim,0.780974513779698,0.02431986189735746
3527108,Sinistros com vítimas feridas,76729,Sim,0.6006424226654274,0.04253500091918204
3527207,Sinistros com vítimas feridas,87370,Sim,0.11494239587582264,0.12808932931947203
3527256,Sinistros com vítimas feridas,1968,Não,0.6801868983726013,0.03982802176178469
3527306,Sinistros com vítimas feridas,54111,Sim,0.01843224607286848,0.19570538827457334
3527405,Sinistros com vítimas feridas,20372,Sim,0.0024510859744695354,-0.25020595866476336
3527504,Sinistros com vítimas feridas,2419,Não,0.9706123143078038,0.0040518616580812765
3527603,Sinistros com vítimas feridas,12531,Sim,0.5923664391992284,0.046760427650031126
3527702,Sinistros com vítimas feridas,4751,Não,0.2578540421616521,-0.10767115091751128
3527801,Sinistros com vítimas feridas,4017,Não,0.14450008786335872,0.13736863600477875
3527900,Sinistros com vítimas feridas,2699,Não,0.8919209136034368,-0.013377607640677885
3528007,Sinistros com vítimas feridas,17120,Não,0.55639077545712,-0.05031582740370379
3528106,Sinistros com vítimas feridas,7587,Não,0.30936518095599447,-0.09048996995913364
3528205,Sinistros com vítimas feridas,4048,Sim,0.058389299650004105,-0.17563308932685281
3528304,Sinistros com vítimas feridas,3212,Não,0.9580415158305867,-0.00535023948467692
3528403,Sinistros com vítimas feridas,51660,Sim,4.71277356394688e-4,0.28638101630613966
3528502,Sinistros com vítimas feridas,97399,Sim,3.49213572741226e-4,0.2903007145014164
3528601,Sinistros com vítimas feridas,10092,Não,0.17173752991897465,0.11982960160630397
3528700,Sinistros com vítimas feridas,4627,Não,0.0229557786089566,0.2109243031220207
3528809,Sinistros com vítimas feridas,12826,Não,0.008024288587455939,0.22883244752715146
3528858,Sinistros com vítimas feridas,3392,Não,0.11717212654142585,-0.14643753091383285
3528908,Sinistros com vítimas feridas,3539,Sim,0.5285284622093218,0.05839516102723963
3529005,Sinistros com vítimas feridas,246627,Sim,8.371603442352187e-8,-0.4273006475840794
3529104,Sinistros com vítimas feridas,1870,Não,0.4003034178104499,-0.08052381618833851
3529203,Sinistros com vítimas feridas,25299,Sim,0.18149216759581033,0.1121542384187957
3529302,Sinistros com vítimas feridas,80998,Sim,0.00429699970996008,0.23023442484516912
3529401,Sinistros com vítimas feridas,429380,Sim,0.4382537501205499,-0.06236227016202096
3529500,Sinistros com vítimas feridas,6369,Não,0.8143123286591287,-0.021323594102082004
3529609,Sinistros com vítimas feridas,4697,Não,0.9844185385673717,-0.0021485750278252354
3529658,Sinistros com vítimas feridas,1988,Não,0.40535907763446716,0.07964900842647984
3529708,Sinistros com vítimas feridas,19655,Sim,0.1725355531696628,0.11656709571291624
3529807,Sinistros com vítimas feridas,11349,Não,0.9159333806633552,0.00954656944648013
3529906,Sinistros com vítimas feridas,18679,Sim,0.30881370994550206,-0.08385916791324687
3530003,Sinistros com vítimas feridas,3199,Não,0.9391922320598485,-0.007763409597112314
3530102,Sinistros com vítimas feridas,28737,Sim,0.05080200830868232,0.1625120767703537
3530201,Sinistros com vítimas feridas,16069,Não,0.6471021030788204,-0.03876648398424825
3530300,Sinistros com vítimas feridas,65485,Sim,0.4131046366319927,0.06661992218170319
3530409,Sinistros com vítimas feridas,4771,Sim,0.04246791349192768,0.18321521331410281
3530508,Sinistros com vítimas feridas,69324,Sim,1.4526525131749063e-4,0.30815629522959215
3530607,Sinistros com vítimas feridas,468120,Sim,1.697187749639184e-4,0.3019502225975971
3530706,Sinistros com vítimas feridas,159735,Sim,9.844086513159092e-11,0.5186450207100819
3530805,Sinistros com vítimas feridas,95534,Sim,1.1020674515983048e-9,0.49103491418839407
3530904,Sinistros com vítimas feridas,3815,Não,0.020122076579142202,0.21686921172116921
3531001,Sinistros com vítimas feridas,1954,Sim,0.1142577792629195,-0.150699640392707
3531100,Sinistros com vítimas feridas,64519,Sim,9.86537922337164e-7,0.39903486119158726
3531209,Sinistros com vítimas feridas,8873,Sim,0.7461056873740334,-0.028592905040605777
3531308,Sinistros com vítimas feridas,48725,Sim,0.7315079705772567,0.02875472342412972
3531407,Sinistros com vítimas feridas,22650,Não,0.148669216275523,-0.12126269452554693
3531506,Sinistros com vítimas feridas,18363,Sim,0.023062232314845617,0.19501554078754618
3531605,Sinistros com vítimas feridas,4301,Não,0.11880779580031613,-0.14177928066032508
3531704,Sinistros com vítimas feridas,4205,Não,0.07154636496935769,0.16187671330030265
3531803,Sinistros com vítimas feridas,67296,Sim,0.3117884930774139,0.08441607420849569
3531902,Sinistros com vítimas feridas,28561,Sim,3.2543186532730324e-4,0.30011720731793345
3532009,Sinistros com vítimas feridas,14081,Sim,0.10132232724417907,0.14121010167558332
3532058,Sinistros com vítimas feridas,4079,Não,0.8928009529469828,0.012911540079184332
3532108,Sinistros com vítimas feridas,3763,Não,0.9307030092078935,0.008563651462168736
3532157,Sinistros com vítimas feridas,2699,Não,0.26303156679018325,0.10716575496899636
3532207,Sinistros com vítimas feridas,5908,Não,0.3295401075788332,0.08772892260108649
3532306,Sinistros com vítimas feridas,7134,Sim,0.21818077845918268,-0.11343409789051528
3532405,Sinistros com vítimas feridas,18620,Sim,0.7160627306454667,0.030881071716414105
3532504,Sinistros com vítimas feridas,9921,Não,0.9689867749927349,0.0038200962397649738
3532603,Sinistros com vítimas feridas,9944,Não,0.1027754154478378,-0.14075447904891866
3532702,Sinistros com vítimas feridas,4860,Sim,0.94301791097889,0.006957264775523704
3532801,Sinistros com vítimas feridas,6858,Não,0.6380678545179714,-0.0426720275662223
3532827,Sinistros com vítimas feridas,8631,Sim,0.019816697672393295,0.21419407157258402
3532843,Sinistros com vítimas feridas,2058,Sim,0.27142243872210975,-0.10484710951434158
3532868,Sinistros com vítimas feridas,1074,Não,0.5794653885888772,0.05396815084727767
3532900,Sinistros com vítimas feridas,9459,Não,0.06234718006345702,0.16708190869253592
3533007,Sinistros com vítimas feridas,19725,Sim,0.7599778667721053,0.026502750984837075
3533106,Sinistros com vítimas feridas,2188,Não,0.2894703751946741,-0.09847985965487303
3533205,Sinistros com vítimas feridas,4795,Não,0.5663053223342613,-0.05199037304444218
3533254,Sinistros com vítimas feridas,4469,Não,0.756258400285192,-0.028921495314859012
3533304,Sinistros com vítimas feridas,2838,Sim,0.10940620551066914,0.1490317505417522
3533403,Sinistros com vítimas feridas,64228,Sim,8.38939104641135e-8,0.4354750875203409
3533502,Sinistros com vítimas feridas,39435,Sim,0.1285616104960347,0.12499442529898516
3533601,Sinistros com vítimas feridas,7550,Não,0.006381409269537201,0.24303561043178956
3533700,Sinistros com vítimas feridas,4412,Não,0.043917541404208185,0.18162090561663327
3533809,Sinistros com vítimas feridas,2540,Não,0.701312872816348,-0.03623646129412265
3533908,Sinistros com vítimas feridas,56701,Sim,0.03069449969518415,0.1752897395875618
3534005,Sinistros com vítimas feridas,4912,Não,0.06991833502268376,0.1577334753497915
3534104,Sinistros com vítimas feridas,6180,Não,0.8725025185876947,-0.014498655744698668
3534203,Sinistros com vítimas feridas,6145,Não,0.05997699908058415,0.17838080318025615
3534302,Sinistros com vítimas feridas,39193,Sim,0.226283449445818,0.09953144403632948
3534401,Sinistros com vítimas feridas,756952,Sim,0.08745677278397339,0.13689302955215496
3534500,Sinistros com vítimas feridas,2504,Não,0.059982127171901344,0.17603626176681206
3534609,Sinistros com vítimas feridas,32099,Sim,0.13406762554659615,0.12364081120917349
3534708,Sinistros com vítimas feridas,106877,Sim,0.34278639596121757,-0.07671548839210215
3534757,Sinistros com vítimas feridas,10596,Não,0.4969374122134264,-0.05807832345916616
3534807,Sinistros com vítimas feridas,7901,Não,0.13736985653435843,0.129183129593646
3534906,Sinistros com vítimas feridas,15217,Não,0.15440343495194966,0.12116051238811873
3535002,Sinistros com vítimas feridas,11689,Não,0.17041291776715647,-0.12254749092831187
3535101,Sinistros com vítimas feridas,9709,Sim,0.3723434692973379,0.07892989820915053
3535200,Sinistros com vítimas feridas,8994,Sim,0.29029503223464714,0.09080258438806911
3535309,Sinistros com vítimas feridas,19767,Não,0.67376231856486,-0.03582975166761553
3535408,Sinistros com vítimas feridas,15214,Sim,0.04331418173186669,-0.17187886641105216
3535507,Sinistros com vítimas feridas,42087,Sim,0.19564972997648916,0.10636386756662443
3535606,Sinistros com vítimas feridas,17950,Sim,0.9470372018400455,-0.006011647428073246
3535705,Sinistros com vítimas feridas,6211,Sim,0.4890313503142882,-0.06302250360111818
3535804,Sinistros com vítimas feridas,19799,Sim,0.34568581540952187,0.08144777774537013
3535903,Sinistros com vítimas feridas,4111,Não,0.40051356341573113,0.07637047828627826
3536000,Sinistros com vítimas feridas,10729,Não,0.06472427462468554,-0.158939341965753
3536109,Sinistros com vítimas feridas,7382,Não,0.10957309551830456,0.1369156119918996
3536208,Sinistros com vítimas feridas,19576,Sim,0.19668190901233,-0.10908168841029617
3536257,Sinistros com vítimas feridas,3001,Sim,0.27454070795053914,0.10056798813510202
3536307,Sinistros com vítimas feridas,14837,Sim,0.7168398124447618,0.031367409086813444
3536406,Sinistros com vítimas feridas,8200,Sim,0.28879534858732253,0.09313120669926547
3536505,Sinistros com vítimas feridas,115690,Sim,2.5294224733906457e-5,0.3424429232987418
3536570,Sinistros com vítimas feridas,2146,Não,0.33259024741718207,0.0908100128108325
3536604,Sinistros com vítimas feridas,7430,Não,0.032362328905551,-0.1947221913003671
3536703,Sinistros com vítimas feridas,46223,Sim,0.21763337134425492,0.10123105708150586
3536802,Sinistros com vítimas feridas,6718,Não,0.7619246707905439,0.02781221533183769
3536901,Sinistros com vítimas feridas,2848,Sim,0.5336566199796899,-0.059159624428594834
3537008,Sinistros com vítimas feridas,15742,Sim,0.4355410944184469,0.0675932451480247
3537107,Sinistros com vítimas feridas,44332,Sim,9.016036314042388e-9,0.47077487414214125
3537156,Sinistros com vítimas feridas,2838,Não,0.18669507259589077,0.12699835455362782
3537206,Sinistros com vítimas feridas,11539,Sim,0.15280171788945823,0.1266207174148496
3537305,Sinistros com vítimas feridas,63317,Sim,0.4080695838907235,0.06706623350439558
3537404,Sinistros com vítimas feridas,24389,Sim,0.9472925194548653,-0.005932391964838836
3537503,Sinistros com vítimas feridas,8969,Não,0.36619399360494886,-0.08229406018208686
3537602,Sinistros com vítimas feridas,70543,Sim,0.04821681775526342,0.16089514235009744
3537701,Sinistros com vítimas feridas,5623,Não,0.9520114252509521,0.005884397251146327
3537800,Sinistros com vítimas feridas,54237,Sim,3.6282722315081665e-4,0.2917265836699519
3537909,Sinistros com vítimas feridas,28417,Sim,0.13699673893625128,0.12370990993053117
3538006,Sinistros com vítimas feridas,172027,Sim,0.17543730231441873,0.10916169558420928
3538105,Sinistros com vítimas feridas,14721,Não,0.6517580189956216,-0.03877001886677001
3538204,Sinistros com vítimas feridas,15605,Sim,0.2094170777065256,-0.10840887591533918
3538303,Sinistros com vítimas feridas,3296,Não,0.22017848283099217,-0.11178363908553986
3538501,Sinistros com vítimas feridas,12570,Sim,0.11847881502041799,0.13572069402606876
3538600,Sinistros com vítimas feridas,26764,Sim,0.28715647145240997,0.09076732269293755
3538709,Sinistros com vítimas feridas,438827,Sim,7.845793377995376e-5,0.3148725210910799
3538808,Sinistros com vítimas feridas,30261,Sim,0.083668683748389025,0.14323907105373027
3538907,Sinistros com vítimas feridas,22743,Sim,0.20818788235761726,0.10609075637927719
3539004,Sinistros com vítimas feridas,11076,Não,0.09488598178801687,-0.14403919099014237
3539103,Sinistros com vítimas feridas,18836,Sim,0.945888858280908,0.006366827066274956
3539202,Sinistros com vítimas feridas,26065,Sim,0.013375467782626074,-0.20549385542250573
3539301,Sinistros com vítimas feridas,75475,Sim,0.1321616399083546,-0.12209743029954641
3539400,Sinistros com vítimas feridas,15554,Não,0.0236135439357224,0.1927448096051736
3539509,Sinistros com vítimas feridas,34416,Sim,0.03435058676853703,-0.17780175990965197
3539608,Sinistros com vítimas feridas,4454,Não,0.38157532829295276,0.08163454198450779
3539707,Sinistros com vítimas feridas,3061,Não,0.2757347788030404,-0.10376755192078
3539806,Sinistros com vítimas feridas,106431,Sim,0.050946117875865525,0.1603774626143902
3539905,Sinistros com vítimas feridas,5696,Sim,0.14786591045072178,-0.13265399181743856
3540002,Sinistros com vítimas feridas,20512,Não,0.027548782177000495,0.1837096161197549
3540101,Sinistros com vítimas feridas,3443,Não,0.4199046771790471,-0.07540566703931521
3540200,Sinistros com vítimas feridas,38376,Sim,0.7978627512022873,-0.022023606099894136
3540259,Sinistros com vítimas feridas,4196,Sim,0.795940391873682,0.024400789819498805
3540309,Sinistros com vítimas feridas,2415,Não,0.18388130500025612,0.12770589304862034
3540408,Sinistros com vítimas feridas,4185,Não,0.5513155795407338,-0.05431764787920255
3540507,Sinistros com vítimas feridas,10773,Sim,0.18610842348093806,0.11378535452154469
3540606,Sinistros com vítimas feridas,58345,Sim,0.3341462890289379,-0.0793585948800146
3540705,Sinistros com vítimas feridas,53940,Sim,2.6976934074006704e-5,0.3389171422838377
3540754,Sinistros com vítimas feridas,20767,Sim,2.0132446766122156e-4,0.32223895791146207
3540804,Sinistros com vítimas feridas,18994,Sim,0.041042594452584034,-0.1726397744695223
3540853,Sinistros com vítimas feridas,2599,Não,0.21470069503969952,-0.11853492580594446
3540903,Sinistros com vítimas feridas,17309,Sim,0.011515090126498762,0.213307804483128
3541000,Sinistros com vítimas feridas,365577,Sim,0.004072189134945201,0.23050889809336972
3541059,Sinistros com vítimas feridas,5246,Não,0.033258839242836846,-0.19086569290098485
3541109,Sinistros com vítimas feridas,3841,Não,0.38925987477909607,-0.08166437372019547
3541208,Sinistros com vítimas feridas,14772,Não,0.9014026760919652,0.010959732036510565
3541307,Sinistros com vítimas feridas,40383,Sim,0.12695594077477712,0.12457480936859294
3541406,Sinistros com vítimas feridas,234083,Sim,0.6439259700631423,0.03726555858309434
3541505,Sinistros com vítimas feridas,35902,NA,0.9925245849943124,-0.0011478484390163304
3541604,Sinistros com vítimas feridas,35991,Sim,0.08143983610100697,0.144023105497459
3541653,Sinistros com vítimas feridas,3472,Não,0.09838647894474811,-0.15042649114835877
3541703,Sinistros com vítimas feridas,13399,Sim,0.6178365464632329,-0.042639839677758744
3541802,Sinistros com vítimas feridas,3351,Não,0.33077316634829845,-0.09005027738511212
3541901,Sinistros com vítimas feridas,9146,Sim,0.7327162193263759,-0.030032009490923283
3542008,Sinistros com vítimas feridas,7225,Não,0.10743211858175572,-0.14449478734915175
3542107,Sinistros com vítimas feridas,9133,Sim,0.8256039933734487,-0.019931596392536874
3542206,Sinistros com vítimas feridas,29305,Sim,0.6734694196994218,0.034708448991809165
3542305,Sinistros com vítimas feridas,4611,Não,0.5100159085109652,0.060410108813745596
3542404,Sinistros com vítimas feridas,20565,Não,0.004256261422459359,-0.23967851880230484
3542503,Sinistros com vítimas feridas,7808,Não,0.2604134380773231,0.10317756483244059
3542602,Sinistros com vítimas feridas,61732,Sim,0.04344661994909359,0.16493187507733023
3542701,Sinistros com vítimas feridas,6492,Não,0.008197308782409854,0.22721841361399828
3542800,Sinistros com vítimas feridas,3166,Não,0.03110824874788312,0.19391907791119015
3542909,Sinistros com vítimas feridas,11079,Não,0.27950179894864996,-0.09395857332816301
3543006,Sinistros com vítimas feridas,18930,Sim,5.266062231866847e-4,0.30208884085528737
3543105,Sinistros com vítimas feridas,4706,Não,0.6837022786350815,-0.03767885718684985
3543204,Sinistros com vítimas feridas,4768,Não,0.401412544751623,0.07597120392383759
3543238,Sinistros com vítimas feridas,2045,Não,0.4912261274521166,-0.06652545251776798
3543253,Sinistros com vítimas feridas,7570,Sim,0.08047324690941135,0.15923667206268022
3543303,Sinistros com vítimas feridas,118877,Sim,0.4289682815846901,0.06462448074532667
3543402,Sinistros com vítimas feridas,728400,Sim,0.11252016229451457,0.12662514097536515
3543501,Sinistros com vítimas feridas,5647,Sim,0.6946237121234402,-0.036146285943106114
3543600,Sinistros com vítimas feridas,4158,Sim,0.05543508443882936,-0.1727352598138635
3543709,Sinistros com vítimas feridas,9145,Não,0.8833741275131077,-0.013435569802889255
3543808,Sinistros com vítimas feridas,9357,Sim,0.1591089771399717,-0.1215993094867873
3543907,Sinistros com vítimas feridas,208857,Sim,7.207804905453413e-5,0.3177861790891008
3544004,Sinistros com vítimas feridas,32267,Sim,0.038276866711295224,-0.1751072132561515
3544103,Sinistros com vítimas feridas,45317,Sim,0.597879513422124,0.04517202935712923
3544202,Sinistros com vítimas feridas,10453,Não,0.7611087209915897,-0.026975457846910057
3544251,Sinistros com vítimas feridas,17533,Sim,0.04492521735260148,-0.16908750935101996
3544301,Sinistros com vítimas feridas,11095,Não,0.10828714134136962,0.13723014815881807
3544400,Sinistros com vítimas feridas,2741,Não,0.024467163909952242,-0.21085882981417114
3544509,Sinistros com vítimas feridas,3965,Não,0.9089774797356271,0.01066184912577228
3544608,Sinistros com vítimas feridas,5185,Não,0.16467121279142355,-0.12807635185042646
3544707,Sinistros com vítimas feridas,2519,Não,0.39071605326382786,0.08211963460751863
3544806,Sinistros com vítimas feridas,6612,Não,0.16058979477052393,-0.12502330345088256
3544905,Sinistros com vítimas feridas,11654,Não,0.05950357368403366,0.16079125876679654
3545001,Sinistros com vítimas feridas,15396,Sim,0.9731962937481523,-0.0033136144446681295
3545100,Sinistros com vítimas feridas,4883,Não,0.6311662958219038,-0.04460440812130845
3545159,Sinistros com vítimas feridas,8371,Sim,0.08386428912081731,0.15745118995037796
3545209,Sinistros com vítimas feridas,140125,Sim,0.04061666275764471,-0.16537322225435458
3545308,Sinistros com vítimas feridas,45138,Sim,0.4749456299960311,-0.05953737832909879
3545407,Sinistros com vítimas feridas,9212,Não,0.9156023628397146,-0.009511228022266723
3545506,Sinistros com vítimas feridas,3699,Não,0.9001562002920775,0.011772052300141155
3545605,Sinistros com vítimas feridas,14203,Não,0.0462091435370271,-0.16836247586651742
3545704,Sinistros com vítimas feridas,6543,Não,0.1541166517998601,-0.1276853451492604
3545803,Sinistros com vítimas feridas,189338,Sim,1.0326612408447145e-9,0.48927219067638894
3546009,Sinistros com vítimas feridas,14212,Sim,0.04391677701007686,0.17892599225805764
3546108,Sinistros com vítimas feridas,2677,Sim,0.24174653050874997,0.11078984211173215
3546207,Sinistros com vítimas feridas,4365,Sim,0.03214595040849458,0.19110008872350823
3546256,Sinistros com vítimas feridas,2162,Não,0.04025348905063426,0.18719118393242262
3546306,Sinistros com vítimas feridas,29525,Sim,0.0010149663234803755,0.2790731065132577
3546405,Sinistros com vítimas feridas,47677,Sim,0.6803615666343091,-0.03385264224387393
3546504,Sinistros com vítimas feridas,6256,Não,0.3195179434256432,0.09050468046355091
3546603,Sinistros com vítimas feridas,36098,Sim,0.7966016351157066,0.02144771646053176
3546702,Sinistros com vítimas feridas,24107,Sim,0.001244156403768734,0.26966228146247795
3546801,Sinistros com vítimas feridas,54586,Sim,2.0764098040611463e-5,0.34956451445148984
3546900,Sinistros com vítimas feridas,7181,Não,0.08622835231237125,0.15471410478453945
3547007,Sinistros com vítimas feridas,5314,Não,0.4208840920162996,-0.07216682718932105
3547106,Sinistros com vítimas feridas,3012,Não,0.13836442926562809,-0.13457728108519132
3547205,Sinistros com vítimas feridas,1698,Não,0.9540815892593698,0.005909041837125803
3547304,Sinistros com vítimas feridas,162341,Sim,0.006631197339187695,0.2209930915021433
3547403,Sinistros com vítimas feridas,2790,Não,0.0861837969019681,-0.1605612828910862
3547502,Sinistros com vítimas feridas,25060,Sim,0.4871389369830582,0.058719285795004905
3547601,Sinistros com vítimas feridas,23725,Sim,0.3518696773945846,0.08008571494398407
3547650,Sinistros com vítimas feridas,1686,Não,0.09284262652126542,-0.1573421454729913
3547700,Sinistros com vítimas feridas,18045,Sim,0.5717628321210204,0.047494814174855196
3547809,Sinistros com vítimas feridas,778711,Sim,3.058615983882114e-4,0.28941409497688064
3547908,Sinistros com vítimas feridas,6917,Não,0.5964407202893118,0.04808839176929131
3548005,Sinistros com vítimas feridas,23779,Sim,0.33536613074702193,0.08114461576821283
3548054,Sinistros com vítimas feridas,8568,Não,0.7002049779030273,0.03430030341737771
3548104,Sinistros com vítimas feridas,6237,Sim,5.780639535696803e-4,0.30884161527933507
3548203,Sinistros com vítimas feridas,7294,Sim,0.33414431531859473,0.08321976733148996
3548302,Sinistros com vítimas feridas,3063,Não,0.09238064528191278,-0.1590153585996461
3548401,Sinistros com vítimas feridas,3933,Não,0.6749434392857622,-0.03826373498480374
3548500,Sinistros com vítimas feridas,429567,Sim,0.6983854300533032,-0.03129133422561563
3548609,Sinistros com vítimas feridas,11948,Não,0.082645310408768,0.1583040204878848
3548708,Sinistros com vítimas feridas,840499,Sim,1.2971541429360072e-7,0.42058593775148745
3548807,Sinistros com vítimas feridas,172109,Sim,0.6198605924454899,0.04063577540068887
3548906,Sinistros com vítimas feridas,265294,Sim,0.006115296645834835,0.2197819878038244
3549003,Sinistros com vítimas feridas,2629,Não,0.9496678079765385,0.006546493843272316
3549102,Sinistros com vítimas feridas,95762,Sim,0.7083400004741156,-0.030595252778273366
3549201,Sinistros com vítimas feridas,2622,Não,0.060896011723279284,-0.17793721728756348
3549250,Sinistros com vítimas feridas,1880,Não,0.34585280150825715,-0.09148662683884917
3549300,Sinistros com vítimas feridas,2288,Não,0.47870375577174706,0.06807384435137505
3549409,Sinistros com vítimas feridas,49815,Sim,2.571310086160419e-8,0.46375811859492705
3549508,Sinistros com vítimas feridas,7690,Não,0.08725888672700843,0.15501953171798527
3549607,Sinistros com vítimas feridas,3898,Não,0.6396142971814068,0.04449789044477116
3549706,Sinistros com vítimas feridas,53416,Sim,3.059385107972721e-7,0.4183340154422643
3549805,Sinistros com vítimas feridas,501597,Sim,0.0032737526455723647,-0.2344869405011905
3549904,Sinistros com vítimas feridas,724756,Sim,9.399261078463989e-12,0.543330066249208
3549953,Sinistros com vítimas feridas,16458,Sim,0.156667214583618,0.11822142391375381
3550001,Sinistros com vítimas feridas,10497,Sim,0.1527326875421357,0.12005242422293624
3550100,Sinistros com vítimas feridas,38166,Sim,0.9251390882600824,0.008138578200955154
3550209,Sinistros com vítimas feridas,32904,Sim,4.824728229663269e-5,0.3372906735113234
3550308,Sinistros com vítimas feridas,11895578,Sim,0.03070951787532823,0.1719474519636545
3550407,Sinistros com vítimas feridas,39725,Sim,0.010896633361620894,0.2091796564233151
3550506,Sinistros com vítimas feridas,7333,Não,0.3697216079813324,0.0790834625474919
3550605,Sinistros com vítimas feridas,81342,Sim,2.2556477467021115e-4,0.29987510153463626
3550704,Sinistros com vítimas feridas,84019,Sim,5.939109690044649e-5,0.3241521850603695
3550803,Sinistros com vítimas feridas,10484,Não,2.713727364147326e-4,0.32486495622614503
3550902,Sinistros com vítimas feridas,13590,Sim,0.7006689234932089,0.03298553635449261
3551009,Sinistros com vítimas feridas,338407,Sim,0.2954336464080195,0.08421154677895537
3551108,Sinistros com vítimas feridas,10632,Sim,0.8182484265744185,-0.020641768767802816
3551207,Sinistros com vítimas feridas,3769,Não,0.9675796030780281,0.004414290471361917
3551306,Sinistros com vítimas feridas,3187,Sim,0.9909654950520743,-0.001606555900355908
3551405,Sinistros com vítimas feridas,13058,Não,0.1406872901320576,0.1295849952284333
3551504,Sinistros com vítimas feridas,45408,Sim,0.055280870273282844,0.15870176308556627
3551603,Sinistros com vítimas feridas,30920,Sim,1.1609403961565726e-4,0.31614565141038936
3551702,Sinistros com vítimas feridas,131600,Sim,1.3853361835077625e-6,0.3886937889806268
3551801,Sinistros com vítimas feridas,12912,Sim,0.13350572558838708,-0.12812698225646324
3551900,Sinistros com vítimas feridas,14724,Sim,0.7424777692685167,-0.02844578634776345
3552007,Sinistros com vítimas feridas,6313,Sim,0.7702499596594009,0.026846880667536023
3552106,Sinistros com vítimas feridas,41405,Sim,9.871752616977134e-9,0.47425527094111813
3552205,Sinistros com vítimas feridas,757459,Sim,0.77940097341507375,0.02269371778428351
3552304,Sinistros com vítimas feridas,7466,Sim,0.824195753121178,0.020874595611635502
3552403,Sinistros com vítimas feridas,289787,Sim,4.936576063395721e-10,0.49871797225813075
3552502,Sinistros com vítimas feridas,318765,Sim,0.18149641751101409,0.10770213477712356
3552551,Sinistros com vítimas feridas,3464,Sim,0.12165351720922189,0.14364673505421455
3552601,Sinistros com vítimas feridas,11499,Sim,0.013035118418827586,0.21419714525805889
3552700,Sinistros com vítimas feridas,14994,Não,0.25967925907482675,0.09620213540315839
3552809,Sinistros com vítimas feridas,284274,Sim,0.023411485055601155,-0.1829031502048067
3552908,Sinistros com vítimas feridas,6399,Sim,0.8265547380842653,-0.019732474552287632
3553005,Sinistros com vítimas feridas,13006,Sim,0.023819086908280322,-0.19871686991263468
3553104,Sinistros com vítimas feridas,5751,Não,0.9331653316224663,0.008422760688652735
3553203,Sinistros com vítimas feridas,6733,Não,0.0202985305922911,0.20696595472551738
3553302,Sinistros com vítimas feridas,21682,Sim,1.0350195778325096e-5,0.38797890203696483
3553401,Sinistros com vítimas feridas,26021,Sim,0.16881317602089266,0.1142030134429672
3553500,Sinistros com vítimas feridas,8122,Não,0.6918619292520394,0.034742898835620546
3553609,Sinistros com vítimas feridas,11936,Não,0.04077495734683047,0.17862671539544794
3553658,Sinistros com vítimas feridas,2652,Não,0.9774752632448649,0.0031848668148991583
3553708,Sinistros com vítimas feridas,53322,Sim,0.008753109443767303,0.2133857561664413
3553807,Sinistros com vítimas feridas,24863,Sim,0.2923367206071049,0.09002853776864637
3553856,Sinistros com vítimas feridas,7112,Sim,0.022518950845877208,0.20206632310216388
3553906,Sinistros com vítimas feridas,6635,Não,0.8046264125426675,-0.0226988175105071
3553955,Sinistros com vítimas feridas,15248,Sim,0.6952649320948239,-0.033902923459656745
3554003,Sinistros com vítimas feridas,128560,Sim,0.3353684644020091,-0.0781276773875867
3554102,Sinistros com vítimas feridas,321298,Sim,0.013850000455092852,0.19728082280198478
3554201,Sinistros com vítimas feridas,4142,Não,0.08352800824605545,0.16115056867799452
3554300,Sinistros com vítimas feridas,22559,Sim,0.8251512597247694,0.01866694459879976
3554409,Sinistros com vítimas feridas,7985,Sim,0.57996929826766,0.050076646704691086
3554508,Sinistros com vítimas feridas,38690,Sim,0.810893077364415,-0.02003516055029751
3554607,Sinistros com vítimas feridas,2490,Não,0.7612079858009609,-0.0299678059126803
3554656,Sinistros com vítimas feridas,2063,Não,0.860489188856308,-0.017506698030991575
3554706,Sinistros com vítimas feridas,9484,Sim,0.0298186416557806,0.1922857514683873
3554755,Sinistros com vítimas feridas,1719,Não,0.927508793799601,-0.009380937874551335
3554805,Sinistros com vítimas feridas,53083,Sim,3.5708268366994113e-7,0.4226430045891649
3554904,Sinistros com vítimas feridas,7013,Não,0.22057196277809196,-0.10618337857064618
3554953,Sinistros com vítimas feridas,6947,Não,0.4072804281849547,-0.07536897860443272
3555000,Sinistros com vítimas feridas,65416,Sim,0.007112300963472022,0.2170259468932055
3555109,Sinistros com vítimas feridas,16206,Sim,0.8613637489145713,0.01499392656115693
3555208,Sinistros com vítimas feridas,1839,Não,0.4280606241989614,0.07403673399237073
3555307,Sinistros com vítimas feridas,1672,Não,0.07434534783885263,-0.167545594155916
3555356,Sinistros com vítimas feridas,5456,Não,0.9482415780940987,0.00632829399263717
3555406,Sinistros com vítimas feridas,96598,Sim,5.30364683912512e-4,0.2774560882058777
3555505,Sinistros com vítimas feridas,5265,Não,0.7051315292511353,-0.035376260264371864
3555604,Sinistros com vítimas feridas,10627,Não,0.12614998948087838,-0.13108469720291968
3555703,Sinistros com vítimas feridas,1628,Sim,0.3169352624902075,-0.0959742105627175
3555802,Sinistros com vítimas feridas,8973,Não,0.3305731079562265,0.08414695982526127
3555901,Sinistros com vítimas feridas,1419,Não,0.21589816820937596,-0.11994580266493816
3556008,Sinistros com vítimas feridas,14038,Sim,0.8160343402265838,0.02013073641867808
3556107,Sinistros com vítimas feridas,14531,Não,0.0316507508941478,-0.18015453881884305
3556206,Sinistros com vítimas feridas,131277,Sim,2.5291600819149023e-5,0.33998287316796894
3556305,Sinistros com vítimas feridas,24723,Sim,0.9773193195386863,0.0027993696529232527
3556354,Sinistros com vítimas feridas,10805,Sim,0.28220549869676986,0.09233479220078937
3556404,Sinistros com vítimas feridas,41226,Sim,1.1446079305573304e-9,0.5005940919521498
3556453,Sinistros com vítimas feridas,52103,Sim,0.8176659439919818,-0.01950859204016983
3556503,Sinistros com vítimas feridas,119576,Sim,6.090519533036534e-14,0.6053639365894028
3556602,Sinistros com vítimas feridas,10294,Não,0.07427972801257551,-0.1540571775509885
3556701,Sinistros com vítimas feridas,79235,Sim,0.6001029828487966,-0.04299825068632111
3556800,Sinistros com vítimas feridas,17681,Sim,0.030322080240904433,0.18702180099238738
3556909,Sinistros com vítimas feridas,8327,Sim,0.27980330544492643,0.09816985698842498
3556958,Sinistros com vítimas feridas,1826,Sim,0.8354923106891895,-0.02000097304397946
3557006,Sinistros com vítimas feridas,132849,Sim,0.198324620881727,0.10439138365398026
3557105,Sinistros com vítimas feridas,100159,Sim,0.07207668267608154,-0.14477116528188758
3557154,Sinistros com vítimas feridas,2761,Não,0.30162442487431396,0.09647521374590656
3557204,Sinistros com vítimas feridas,12411,Não,0.021229392676790346,0.20003142288765213
3557303,Sinistros com vítimas feridas,11566,Sim,0.2830884607563716,0.09582888811528639
3500105,Sinistros com vítimas feridas (vias urbanas),35642,Sim,0.6097881744849614,0.041947027755096414
3500204,Sinistros com vítimas feridas (vias urbanas),4478,Sim,0.9315833084625906,0.008643537753682309
3500303,Sinistros com vítimas feridas (vias urbanas),32888,Não,0.0018016113496165985,0.26034854583271516
3500402,Sinistros com vítimas feridas (vias urbanas),7470,Sim,0.005930715133756228,0.2546451588065146
3500501,Sinistros com vítimas feridas (vias urbanas),18245,Sim,0.2625013258590203,0.0955662486559109
3500550,Sinistros com vítimas feridas (vias urbanas),7407,Não,0.74101865942580325,0.030656530423892995
3500600,Sinistros com vítimas feridas (vias urbanas),2829,Sim,0.21278823972414418,0.1196719079673042
3500709,Sinistros com vítimas feridas (vias urbanas),38879,Sim,3.8470296951633186e-4,0.2994800269905711
3500758,Sinistros com vítimas feridas (vias urbanas),6330,Não,0.6328145429227352,-0.04513612489893709
3500808,Sinistros com vítimas feridas (vias urbanas),4556,Não,0.9251922833492275,0.009438763959605896
3500907,Sinistros com vítimas feridas (vias urbanas),3479,Não,0.25705227207533704,-0.10771524659794149
3501004,Sinistros com vítimas feridas (vias urbanas),17156,Sim,0.8011097948008048,0.02175072050035425
3501103,Sinistros com vítimas feridas (vias urbanas),3883,Não,0.582820032890065,0.05233744566426865
3501152,Sinistros com vítimas feridas (vias urbanas),17591,Sim,0.12533918085587414,0.13834476806869808
3501202,Sinistros com vítimas feridas (vias urbanas),3978,Não,0.11525985431727151,0.14468681885409712
3501301,Sinistros com vítimas feridas (vias urbanas),28250,Não,0.014432629312414704,0.20639691166046548
3501400,Sinistros com vítimas feridas (vias urbanas),4896,Não,0.04543371725039629,0.19189511985819752
3501509,Sinistros com vítimas feridas (vias urbanas),2923,Não,0.7163901421717835,0.035498762809726594
3501608,Sinistros com vítimas feridas (vias urbanas),246655,Sim,3.7172033188556756e-4,0.28589540873027725
3501707,Sinistros com vítimas feridas (vias urbanas),33757,Sim,0.2799538032059788,0.09161896342320819
3501806,Sinistros com vítimas feridas (vias urbanas),5975,Sim,0.5222424359434337,0.05948244920666618
3501905,Sinistros com vítimas feridas (vias urbanas),69717,Sim,1.4966663367327709e-5,0.35201334805983825
3502002,Sinistros com vítimas feridas (vias urbanas),4684,Não,0.2483647161698893,0.10940026476819446
3502101,Sinistros com vítimas feridas (vias urbanas),61473,Sim,0.003333222816807938,0.23685628728255365
3502200,Sinistros com vítimas feridas (vias urbanas),24512,Sim,0.028763603334240422,0.18874477550615212
3502309,Sinistros com vítimas feridas (vias urbanas),5766,Não,0.2526025415532778,0.10998333003159796
3502408,Sinistros com vítimas feridas (vias urbanas),4108,Não,0.3224349094167167,0.0931478174199763
3502507,Sinistros com vítimas feridas (vias urbanas),33223,Sim,5.650453469409999e-5,0.3335354143938461
3502606,Sinistros com vítimas feridas (vias urbanas),4124,Não,0.5809108888298591,-0.04965981472858555
3502705,Sinistros com vítimas feridas (vias urbanas),24886,Sim,0.005561897883033,0.23622887927137828
3502754,Sinistros com vítimas feridas (vias urbanas),22168,Sim,0.0010053329383787018,0.28422755897914587
3502804,Sinistros com vítimas feridas (vias urbanas),207775,Sim,0.15687472994863597,0.11384378542966421
3502903,Sinistros com vítimas feridas (vias urbanas),33656,Sim,0.11018994316888385,0.13606895256202398
3503000,Sinistros com vítimas feridas (vias urbanas),5526,Não,0.6245386799200564,-0.04617997008867112
3503109,Sinistros com vítimas feridas (vias urbanas),7050,Sim,0.8546581949809353,0.01742913558535629
3503158,Sinistros com vítimas feridas (vias urbanas),2355,Não,0.010806266190441751,0.2465412040950132
3503208,Sinistros com vítimas feridas (vias urbanas),252318,Sim,9.133998398943964e-5,0.31271669105474903
3503307,Sinistros com vítimas feridas (vias urbanas),135331,Sim,0.012242259624107799,0.20198082059211675
3503356,Sinistros com vítimas feridas (vias urbanas),2085,Não,0.9849825561270051,0.0023866076566656305
3503406,Sinistros com vítimas feridas (vias urbanas),8280,Sim,0.7716672618377779,-0.026661882952014302
3503505,Sinistros com vítimas feridas (vias urbanas),3625,Não,0.6347875090214508,0.04639367353537905
3503604,Sinistros com vítimas feridas (vias urbanas),10257,Não,0.016898847197373414,0.22629604912806867
3503703,Sinistros com vítimas feridas (vias urbanas),7653,Não,0.49671298463894054,-0.06072299677606581
3503802,Sinistros com vítimas feridas (vias urbanas),53157,Sim,0.9775043711492677,-0.0027161670943739945
3503901,Sinistros com vítimas feridas (vias urbanas),89943,Sim,0.07243921963735053,0.1473622675329239
3503950,Sinistros com vítimas feridas (vias urbanas),1873,Sim,0.9824910324971067,-0.0027845243493751976
3504008,Sinistros com vítimas feridas (vias urbanas),104642,Sim,3.030840037493357e-5,0.33466386322080266
3504107,Sinistros com vítimas feridas (vias urbanas),166043,Sim,0.5125631894006574,0.05340265119630906
3504206,Sinistros com vítimas feridas (vias urbanas),13873,Não,0.17616692814055204,0.11519826042780214
3504305,Sinistros com vítimas feridas (vias urbanas),4519,Sim,0.42229047529672104,0.07731119234459655
3504404,Sinistros com vítimas feridas (vias urbanas),11438,Não,0.1321109172263535,-0.13151728359650053
3504503,Sinistros com vítimas feridas (vias urbanas),96098,Sim,0.4482221451647581,-0.06209692332440566
3504602,Sinistros com vítimas feridas (vias urbanas),28909,Não,1.7211162613579894e-5,0.3585191890577209
3504701,Sinistros com vítimas feridas (vias urbanas),3963,Não,0.4603274418075913,0.07151150563606307
3504800,Sinistros com vítimas feridas (vias urbanas),9854,Não,0.6975465159360295,0.03563325558069265
3504909,Sinistros com vítimas feridas (vias urbanas),10109,Sim,0.30978275890799895,0.09615527091820239
3505005,Sinistros com vítimas feridas (vias urbanas),3618,Não,0.38293053027511503,0.08406769843904154
3505104,Sinistros com vítimas feridas (vias urbanas),5659,Não,0.7819674189723311,-0.026032198372012934
3505203,Sinistros com vítimas feridas (vias urbanas),32405,Sim,0.737793633369709,0.028232020652126606
3505302,Sinistros com vítimas feridas (vias urbanas),35159,Sim,0.9399922511013596,0.006631558037802493
3505351,Sinistros com vítimas feridas (vias urbanas),5256,Não,0.2340892532145266,0.11434181662390307
3505401,Sinistros com vítimas feridas (vias urbanas),6922,Sim,0.020005690367877197,0.2231185432147135
3505500,Sinistros com vítimas feridas (vias urbanas),126600,Sim,0.7972191969138245,-0.021003070610843794
3505609,Sinistros com vítimas feridas (vias urbanas),33181,Não,0.44927599290961884,0.06461669811128336
3505708,Sinistros com vítimas feridas (vias urbanas),330339,Sim,4.282736479779208e-4,0.2827905967907206
3505807,Sinistros com vítimas feridas (vias urbanas),21900,Sim,0.11027036639008193,-0.13606895256202398
3505906,Sinistros com vítimas feridas (vias urbanas),59873,Sim,2.2095077866868153e-5,0.34539781634238753
3506003,Sinistros com vítimas feridas (vias urbanas),391740,Sim,9.782778604813346e-6,-0.35380874002177015
3506102,Sinistros com vítimas feridas (vias urbanas),78210,Sim,0.02420636137796966,0.18257912951913596
3506201,Sinistros com vítimas feridas (vias urbanas),2642,Não,0.09602358243743092,0.16083704565281706
3506300,Sinistros com vítimas feridas (vias urbanas),11852,Sim,0.9425449826955339,0.0066333794511141886
3506359,Sinistros com vítimas feridas (vias urbanas),66873,Sim,8.778568789982975e-7,0.4029437002853387
3506409,Sinistros com vítimas feridas (vias urbanas),7455,Não,0.21014046081887508,0.11212268756434036
3506508,Sinistros com vítimas feridas (vias urbanas),122988,Sim,0.5071520830192127,0.053561662703408
3506607,Sinistros com vítimas feridas (vias urbanas),30526,Sim,0.15757070206830998,0.12362226591085439
3506706,Sinistros com vítimas feridas (vias urbanas),13135,Sim,0.5607762165188053,-0.05239283768937258
3506805,Sinistros com vítimas feridas (vias urbanas),11467,Sim,0.750524220527742,-0.028597507867552906
3506904,Sinistros com vítimas feridas (vias urbanas),10688,Não,0.5466994929753455,-0.05555050096747704
3507001,Sinistros com vítimas feridas (vias urbanas),63415,Sim,0.6397891211438197,-0.038402039717542545
3507100,Sinistros com vítimas feridas (vias urbanas),22501,Sim,6.439785799863144e-4,0.29410915714279623
3507159,Sinistros com vítimas feridas (vias urbanas),3610,Não,0.7068634162926344,0.03576909359505452
3507209,Sinistros com vítimas feridas (vias urbanas),928,Não,0.49701770855594324,0.065710475839281135
3507308,Sinistros com vítimas feridas (vias urbanas),4823,Não,0.19324979480703874,-0.12311239620438041
3507407,Sinistros com vítimas feridas (vias urbanas),14415,Não,0.10399047523036434,0.14130114506119254
3507456,Sinistros com vítimas feridas (vias urbanas),2787,Não,0.0033815334895255914,0.2755838829207153
3507506,Sinistros com vítimas feridas (vias urbanas),150442,Sim,0.012605695564842577,0.20076878782495158
3507605,Sinistros com vítimas feridas (vias urbanas),184634,Sim,0.7188497126225222,0.029433752697416063
3507704,Sinistros com vítimas feridas (vias urbanas),5466,Não,0.6266600417234542,-0.04595534651617748
3507753,Sinistros com vítimas feridas (vias urbanas),2605,Não,0.9791479916506737,-0.0030938159577775736
3507803,Sinistros com vítimas feridas (vias urbanas),26167,Sim,0.05447785034283028,0.1633094122601009
3507902,Sinistros com vítimas feridas (vias urbanas),24423,Sim,7.37188033643082e-10,0.509398148034325
3508009,Sinistros com vítimas feridas (vias urbanas),20674,Sim,0.9456601280739654,-0.006461859589527165
3508108,Sinistros com vítimas feridas (vias urbanas),17597,Sim,0.028647604289427645,0.18568309944917474
3508207,Sinistros com vítimas feridas (vias urbanas),4447,Sim,0.006266323830786742,0.24612524660789598
3508306,Sinistros com vítimas feridas (vias urbanas),4362,Não,0.900599603686987,0.012413457699164458
3508405,Sinistros com vítimas feridas (vias urbanas),48473,Sim,0.08438660905649968,0.14616828442763452
3508504,Sinistros com vítimas feridas (vias urbanas),99678,Sim,1.8290190164214697e-10,0.5186426166854484
3508603,Sinistros com vítimas feridas (vias urbanas),32482,Sim,4.0016505768274386e-11,0.5652464327204574
3508702,Sinistros com vítimas feridas (vias urbanas),17266,Não,1.2131152610898996e-4,0.3397066354644435
3508801,Sinistros com vítimas feridas (vias urbanas),16905,Sim,0.39780513425373754,-0.0720838182768732
3508900,Sinistros com vítimas feridas (vias urbanas),3745,Sim,0.41037993240855664,-0.07759168973320339
3509007,Sinistros com vítimas feridas (vias urbanas),98257,Sim,0.016563581877555036,0.1970324077783155
3509106,Sinistros com vítimas feridas (vias urbanas),5585,Não,0.15812036504205124,0.13477876359525331
3509205,Sinistros com vítimas feridas (vias urbanas),97363,Sim,3.055097678332984e-7,-0.41956241852739123
3509254,Sinistros com vítimas feridas (vias urbanas),29257,Sim,0.0018424965136015806,0.26734781949599046
3509304,Sinistros com vítimas feridas (vias urbanas),9232,Sim,0.1550192872489132,-0.12904633829182108
3509403,Sinistros com vítimas feridas (vias urbanas),24217,Sim,0.055193541091790796,0.16273864804223653
3509452,Sinistros com vítimas feridas (vias urbanas),6077,Sim,0.23451687195207235,0.11305104776266676
3509502,Sinistros com vítimas feridas (vias urbanas),1185977,Sim,7.158647881918652e-7,0.39472881189681275
3509601,Sinistros com vítimas feridas (vias urbanas),79663,Sim,1.2186691755183333e-9,0.4980286506639418
3509700,Sinistros com vítimas feridas (vias urbanas),47983,Sim,4.175296081765724e-4,0.28854962814684604
3509809,Sinistros com vítimas feridas (vias urbanas),4991,Não,0.7055431503298415,0.03548768919073678
3509908,Sinistros com vítimas feridas (vias urbanas),12489,Sim,0.591524466752406,0.04935374815341138
3509957,Sinistros com vítimas feridas (vias urbanas),5049,Não,0.13056814885507928,0.1420397290141231
3510005,Sinistros com vítimas feridas (vias urbanas),30172,Sim,0.3245012640485171,0.082377610646252
3510104,Sinistros com vítimas feridas (vias urbanas),2951,Não,0.3082943280821527,0.09691456786406294
3510153,Sinistros com vítimas feridas (vias urbanas),6524,Não,0.011637832805941216,0.23092201232623621
3510203,Sinistros com vítimas feridas (vias urbanas),47403,Sim,0.7780031473143556,0.023611912774750613
3510302,Sinistros com vítimas feridas (vias urbanas),23597,Sim,0.019744673325150185,0.2053942917469369
3510401,Sinistros com vítimas feridas (vias urbanas),51318,Sim,0.10744061141430047,-0.13117528418368493
3510500,Sinistros com vítimas feridas (vias urbanas),141084,Sim,8.509636485702831e-4,0.2705792341245652
3510609,Sinistros com vítimas feridas (vias urbanas),398462,Sim,1.4008213762620747e-4,0.3065109197601911
3510708,Sinistros com vítimas feridas (vias urbanas),11491,Não,0.3558994068382325,0.07833161189033386
3510807,Sinistros com vítimas feridas (vias urbanas),28786,Sim,8.000405909742264e-5,0.33168461435556823
3510906,Sinistros com vítimas feridas (vias urbanas),2855,Não,0.48861010843669855,-0.06682609605285472
3511003,Sinistros com vítimas feridas (vias urbanas),20418,Não,0.420284005720354,0.06772499686242796
3511102,Sinistros com vítimas feridas (vias urbanas),119172,Sim,0.019933213082709917,-0.18804757529032923
3511201,Sinistros com vítimas feridas (vias urbanas),7105,Não,0.38692402202952436,-0.07834956139172798
3511300,Sinistros com vítimas feridas (vias urbanas),13160,Não,0.3485205133415157,0.08120360667422745
3511409,Sinistros com vítimas feridas (vias urbanas),22076,Sim,0.9230855260294916,0.008832271049862072
3511508,Sinistros com vítimas feridas (vias urbanas),46217,Sim,0.16474344658022583,0.11468478307218201
3511607,Sinistros com vítimas feridas (vias urbanas),19588,Sim,0.4645810005821178,0.06347590968284435
3511706,Sinistros com vítimas feridas (vias urbanas),15798,Sim,0.8792572071248308,0.013929175379447895
3511904,Sinistros com vítimas feridas (vias urbanas),7087,Não,0.6133079044599743,-0.04564773733774794
3512001,Sinistros com vítimas feridas (vias urbanas),18842,Sim,0.31888413061970794,0.08575915938868572
3512100,Sinistros com vítimas feridas (vias urbanas),6781,Não,0.6244762696667082,0.04564588346126818
3512209,Sinistros com vítimas feridas (vias urbanas),29034,Sim,3.629312539184033e-5,0.35228568142122063
3512308,Sinistros com vítimas feridas (vias urbanas),15381,Sim,0.4033637068355234,-0.07441499166236781
3512407,Sinistros com vítimas feridas (vias urbanas),25130,Sim,5.159933570128833e-6,0.38083116172385073
3512506,Sinistros com vítimas feridas (vias urbanas),5498,Não,0.4829672276768804,0.06212304875350778
3512605,Sinistros com vítimas feridas (vias urbanas),4295,Não,0.7414332021716763,0.03244957938609467
3512704,Sinistros com vítimas feridas (vias urbanas),4285,Não,0.07203776073735656,0.16742929021193897
3512803,Sinistros com vítimas feridas (vias urbanas),61204,Sim,1,-3.9802316766288266e-4
3512902,Sinistros com vítimas feridas (vias urbanas),8968,Sim,0.1108698321819459,0.14143684610597046
3513009,Sinistros com vítimas feridas (vias urbanas),287004,Sim,0.357241303844967,-0.07448760803814294
3513108,Sinistros com vítimas feridas (vias urbanas),34252,Sim,0.43497022947233716,0.06514530543017744
3513207,Sinistros com vítimas feridas (vias urbanas),9543,Sim,0.2608072555904357,0.10256331353531978
3513306,Sinistros com vítimas feridas (vias urbanas),2129,Não,0.8632156706548764,0.017610718768900614
3513405,Sinistros com vítimas feridas (vias urbanas),76513,Sim,0.0037590233991858534,0.23730903493105815
3513504,Sinistros com vítimas feridas (vias urbanas),115082,Sim,0.22174665692970558,-0.10135670111827964
3513603,Sinistros com vítimas feridas (vias urbanas),22456,Sim,2.1994491689053544e-7,0.45475033853679575
3513702,Sinistros com vítimas feridas (vias urbanas),32622,Não,6.792993569999113e-4,0.2812153319761301
3513801,Sinistros com vítimas feridas (vias urbanas),404118,Sim,0.7506051982696258,-0.025982645186798412
3513850,Sinistros com vítimas feridas (vias urbanas),1641,Não,0.24031673310765234,0.11376163163439505
3513900,Sinistros com vítimas feridas (vias urbanas),11314,Não,0.006964398084859181,0.24136547045549178
3514007,Sinistros com vítimas feridas (vias urbanas),8958,Sim,0.004621183245124696,0.2471126404966745
3514106,Sinistros com vítimas feridas (vias urbanas),24855,Sim,0.23789634550939243,-0.10102813299611003
3514205,Sinistros com vítimas feridas (vias urbanas),2250,Não,0.6716677671501281,0.040832186860097736
3514304,Sinistros com vítimas feridas (vias urbanas),8186,Sim,0.12301544039874876,0.13838292064478067
3514403,Sinistros com vítimas feridas (vias urbanas),46664,Sim,0.26163742614015795,0.09127687190291123
3514502,Sinistros com vítimas feridas (vias urbanas),12529,Não,0.3463334475788043,-0.08229702423209319
3514601,Sinistros com vítimas feridas (vias urbanas),9719,Não,0.02167837867037232,0.2052962550266483
3514700,Sinistros com vítimas feridas (vias urbanas),6295,Não,0.7883999726024271,-0.025815108841568655
3514809,Sinistros com vítimas feridas (vias urbanas),13162,Sim,0.640448806849075,0.04272642526939085
3514908,Sinistros com vítimas feridas (vias urbanas),18103,Não,0.06861388855979135,0.1639581380780597
3514924,Sinistros com vítimas feridas (vias urbanas),3189,Não,0.1789087624200164,-0.12473453369397805
3514957,Sinistros com vítimas feridas (vias urbanas),2353,Não,0.2889878326923099,-0.1014308254082893
3515004,Sinistros com vítimas feridas (vias urbanas),259323,Sim,4.364185620131165e-9,0.49025966296529794
3515103,Sinistros com vítimas feridas (vias urbanas),68805,Sim,1.6316696750582425e-9,-0.49242698033800575
3515129,Sinistros com vítimas feridas (vias urbanas),3062,Não,0.9351858500000483,-0.008258381274768571
3515152,Sinistros com vítimas feridas (vias urbanas),20139,Sim,0.31160670627063763,0.08889797003111705
3515186,Sinistros com vítimas feridas (vias urbanas),40681,Sim,0.05435798965713299,0.1596425788882253
3515194,Sinistros com vítimas feridas (vias urbanas),4217,Sim,0.46289708219075243,0.0704049258716361
3515202,Sinistros com vítimas feridas (vias urbanas),9655,Não,0.13159307951156624,0.13284772998003438
3515301,Sinistros com vítimas feridas (vias urbanas),2749,Não,0.1982843674163428,-0.12265458439600456
3515350,Sinistros com vítimas feridas (vias urbanas),7928,Não,0.02015806756520943,0.20857420983441693
3515400,Sinistros com vítimas feridas (vias urbanas),16984,Não,0.005408209547540722,-0.24524498196612046
3515509,Sinistros com vítimas feridas (vias urbanas),73286,Sim,0.988803001190463,-0.0015164383880511365
3515608,Sinistros com vítimas feridas (vias urbanas),6066,Não,0.6353963983522317,-0.04331410584466525
3515657,Sinistros com vítimas feridas (vias urbanas),1689,Não,0.8149164938235882,0.022845022629609666
3515707,Sinistros com vítimas feridas (vias urbanas),185622,Sim,0.6327376512424919,-0.03939388928723434
3515806,Sinistros com vítimas feridas (vias urbanas),1492,Não,0.5547574882274775,-0.05738577612770492
3515905,Sinistros com vítimas feridas (vias urbanas),2756,Não,0.4699825338263095,0.06938837260739307
3516002,Sinistros com vítimas feridas (vias urbanas),13171,Não,0.6391077557317173,0.04213395715329434
3516101,Sinistros com vítimas feridas (vias urbanas),3987,Sim,0.307861221960839,0.09816337027179187
3516200,Sinistros com vítimas feridas (vias urbanas),364331,Sim,5.277641415107203e-5,0.3227898435533372
3516309,Sinistros com vítimas feridas (vias urbanas),171107,Sim,0.011686503616293873,0.2063933888110306
3516408,Sinistros com vítimas feridas (vias urbanas),149786,Sim,0.003468284366384204,0.23856975948542783
3516507,Sinistros com vítimas feridas (vias urbanas),2811,Não,0.7779520511479536,-0.02684605106612242
3516606,Sinistros com vítimas feridas (vias urbanas),6435,Não,0.9836995895030322,0.002334054662499035
3516705,Sinistros com vítimas feridas (vias urbanas),43115,Sim,0.0028606893566073795,0.24469596591545326
3516804,Sinistros com vítimas feridas (vias urbanas),3235,Não,0.725639213663243,0.034039579014947544
3516853,Sinistros com vítimas feridas (vias urbanas),4797,Sim,0.007343633472242256,0.2433808029895396
3516903,Sinistros com vítimas feridas (vias urbanas),10449,Não,0.08675453924747126,0.15117951612464128
3517000,Sinistros com vítimas feridas (vias urbanas),10355,Não,0.018343653422981786,0.2167706841617817
3517109,Sinistros com vítimas feridas (vias urbanas),4173,Sim,0.5077629988525942,-0.06235752287556835
3517208,Sinistros com vítimas feridas (vias urbanas),11459,Não,0.027193873865622054,0.19006566543028142
3517307,Sinistros com vítimas feridas (vias urbanas),5606,Não,0.47294863727387254,0.06565262699641472
3517406,Sinistros com vítimas feridas (vias urbanas),40424,Sim,0.01219239819407059,0.20877873217874063
3517505,Sinistros com vítimas feridas (vias urbanas),22316,Sim,0.9922738821515664,-0.001262960426545011
3517604,Sinistros com vítimas feridas (vias urbanas),17256,Sim,0.1593681119600227,0.12670669875113102
3517703,Sinistros com vítimas feridas (vias urbanas),18790,Sim,1.6405868320018915e-4,0.32094325844583094
3517802,Sinistros com vítimas feridas (vias urbanas),7486,Sim,0.003835825172439027,0.2568704632949785
3517901,Sinistros com vítimas feridas (vias urbanas),10542,Não,0.14353778337714526,-0.12867253635373418
3518008,Sinistros com vítimas feridas (vias urbanas),1999,Não,0.6329079075098252,-0.04605115016206354
3518107,Sinistros com vítimas feridas (vias urbanas),6531,Não,0.006414763367649391,-0.25359548097305684
3518206,Sinistros com vítimas feridas (vias urbanas),31872,Sim,0.05082537733519028,-0.16134730089942317
3518305,Sinistros com vítimas feridas (vias urbanas),32436,Sim,0.5533497207684779,0.049562014388572426
3518404,Sinistros com vítimas feridas (vias urbanas),121710,Sim,1.40019371016353e-4,0.3067448083251368
3518503,Sinistros com vítimas feridas (vias urbanas),15268,Sim,0.8344845081529166,0.019340374467495522
3518602,Sinistros com vítimas feridas (vias urbanas),38609,Sim,0.7790379073177395,0.024252639177266822
3518701,Sinistros com vítimas feridas (vias urbanas),294973,Sim,1.703319372484717e-4,0.3012657860032015
3518800,Sinistros com vítimas feridas (vias urbanas),1345364,Sim,3.814059650555341e-8,0.4386212011093485
3518859,Sinistros com vítimas feridas (vias urbanas),7462,Não,0.5793054526246697,-0.05069457751160063
3518909,Sinistros com vítimas feridas (vias urbanas),4276,Não,0.7344168690354086,0.03285726933409559
3519006,Sinistros com vítimas feridas (vias urbanas),9302,Não,0.16838374934344308,-0.121524955950271
3519055,Sinistros com vítimas feridas (vias urbanas),15596,Sim,6.773696030603409e-4,0.3132814449470692
3519071,Sinistros com vítimas feridas (vias urbanas),247331,Sim,7.17240621282105e-9,0.46691572301546674
3519105,Sinistros com vítimas feridas (vias urbanas),10633,Não,0.5970642890015817,0.04716945638933037
3519204,Sinistros com vítimas feridas (vias urbanas),6207,Não,0.1854459891496667,-0.11621590954985685
3519253,Sinistros com vítimas feridas (vias urbanas),8257,Não,0.4276322747821001,-0.07403945337715372
3519303,Sinistros com vítimas feridas (vias urbanas),33110,Sim,0.5345968541933215,0.05295996886402158
3519402,Sinistros com vítimas feridas (vias urbanas),11934,Não,0.38619813685367305,-0.07619826002667175
3519501,Sinistros com vítimas feridas (vias urbanas),6461,Não,0.42527736691048307,0.0751896496644718
3519600,Sinistros com vítimas feridas (vias urbanas),61908,Sim,1.2996806604306804e-7,0.42690492542562936
3519709,Sinistros com vítimas feridas (vias urbanas),77651,Sim,0.1273833761711415,0.12709359784841526
3519808,Sinistros com vítimas feridas (vias urbanas),7969,Sim,0.5854407698535067,0.05143564014505824
3519907,Sinistros com vítimas feridas (vias urbanas),7739,Sim,0.5497592435522443,0.05520487680443982
3520004,Sinistros com vítimas feridas (vias urbanas),23430,Sim,0.01072479228315939,0.21620620995249717
3520103,Sinistros com vítimas feridas (vias urbanas),26755,Sim,0.03809470419579697,0.1737529175348583
3520202,Sinistros com vítimas feridas (vias urbanas),10904,Sim,0.005186504914121662,0.2634420791443884
3520301,Sinistros com vítimas feridas (vias urbanas),29881,Sim,0.015137628086470827,0.2060457818338247
3520400,Sinistros com vítimas feridas (vias urbanas),36329,Sim,2.3834993781990198e-12,0.5673444763803275
3520426,Sinistros com vítimas feridas (vias urbanas),13955,Sim,0.06461589537089531,0.15809458758129544
3520442,Sinistros com vítimas feridas (vias urbanas),26240,Sim,0.022749053783735824,0.1880830868818839
3520509,Sinistros com vítimas feridas (vias urbanas),267796,Sim,1.4032484448020415e-7,0.42258046040954034
3520608,Sinistros com vítimas feridas (vias urbanas),5191,Não,0.7933987067034652,-0.024726782283562367
3520707,Sinistros com vítimas feridas (vias urbanas),4109,Não,0.5855610716232693,0.050611657535570176
3520806,Sinistros com vítimas feridas (vias urbanas),3671,Sim,0.5303770984253251,0.05881725570117204
3520905,Sinistros com vítimas feridas (vias urbanas),13933,Sim,0.09276624666967252,0.1466798472380721
3521002,Sinistros com vítimas feridas (vias urbanas),37999,Sim,0.1195678837583618,0.13162724439404147
3521101,Sinistros com vítimas feridas (vias urbanas),6999,Não,0.021648675689999584,0.21337649580980586
3521150,Sinistros com vítimas feridas (vias urbanas),7037,Sim,0.6608532979945625,0.0410118120937097
3521200,Sinistros com vítimas feridas (vias urbanas),4091,Não,0.9936922344009097,-0.0015211698765784996
3521309,Sinistros com vítimas feridas (vias urbanas),14691,Sim,0.001089215107128964,0.29215667118311145
3521408,Sinistros com vítimas feridas (vias urbanas),22435,Sim,0.05158561044011189,0.16729012626383413
3521507,Sinistros com vítimas feridas (vias urbanas),6946,Não,0.7729046681694449,0.027064291017383422
3521606,Sinistros com vítimas feridas (vias urbanas),7145,Não,0.3623770637271278,-0.0850631102762605
3521705,Sinistros com vítimas feridas (vias urbanas),18258,Sim,0.7597985439822516,-0.02777350988820518
3521804,Sinistros com vítimas feridas (vias urbanas),25930,Sim,0.5326358426277227,0.05484655988695009
3521903,Sinistros com vítimas feridas (vias urbanas),17420,Não,0.33654091502336886,-0.08238089337980853
3522000,Sinistros com vítimas feridas (vias urbanas),3702,Não,0.230285630513247,0.11468663063649012
3522109,Sinistros com vítimas feridas (vias urbanas),117435,Sim,0.15948120237956673,0.11553350772519867
3522158,Sinistros com vítimas feridas (vias urbanas),3490,Não,0.47486546585154177,0.068535067888829
3522208,Sinistros com vítimas feridas (vias urbanas),163928,Sim,0.01393435531754234,0.20081982937656412
3522307,Sinistros com vítimas feridas (vias urbanas),163774,Sim,9.483547593486538e-8,0.4294224970710944
3522406,Sinistros com vítimas feridas (vias urbanas),92324,Sim,0.08184846402533177,0.1412708432356261
3522505,Sinistros com vítimas feridas (vias urbanas),241924,Sim,0.18362071857500797,0.10995312355182353
3522604,Sinistros com vítimas feridas (vias urbanas),73919,Sim,4.530355427557731e-14,0.6154219963738923
3522653,Sinistros com vítimas feridas (vias urbanas),4405,Não,0.29710092077713707,0.09851523763738979
3522703,Sinistros com vítimas feridas (vias urbanas),40464,Sim,6.242225745961319e-13,0.5885134360972349
3522802,Sinistros com vítimas feridas (vias urbanas),14260,Sim,0.2651839601612546,0.09702746597655025
3522901,Sinistros com vítimas feridas (vias urbanas),13984,Não,0.46032112935396324,0.06432588040587689
3523008,Sinistros com vítimas feridas (vias urbanas),4014,Não,0.31769364365330893,0.09398248487268492
3523107,Sinistros com vítimas feridas (vias urbanas),382521,Sim,1.0791186017224034e-4,0.31337080408149837
3523206,Sinistros com vítimas feridas (vias urbanas),45327,Sim,0.006205493184274569,0.22649441036244589
3523305,Sinistros com vítimas feridas (vias urbanas),15762,Sim,0.8848682405208588,0.013716291517009788
3523404,Sinistros com vítimas feridas (vias urbanas),126403,Sim,1.5213693701302361e-12,0.567884520766543
3523503,Sinistros com vítimas feridas (vias urbanas),19427,Sim,0.743614542409351,0.028666399592520896
3523602,Sinistros com vítimas feridas (vias urbanas),16433,Sim,8.573072056000857e-7,0.43470623094347816
3523701,Sinistros com vítimas feridas (vias urbanas),5861,Não,3.42486793641378e-6,0.4351333542774637
3523800,Sinistros com vítimas feridas (vias urbanas),8210,Sim,8.009131763374908e-4,0.3135080488910558
3523909,Sinistros com vítimas feridas (vias urbanas),174561,Sim,0.11630696957185616,0.12694937562578018
3524006,Sinistros com vítimas feridas (vias urbanas),74119,Sim,5.171731833421967e-4,0.28306297036726363
3524105,Sinistros com vítimas feridas (vias urbanas),38451,Sim,0.1512263141075445,0.11939258328583936
3524204,Sinistros com vítimas feridas (vias urbanas),6293,Sim,0.898612945305101,0.01169601534599749
3524303,Sinistros com vítimas feridas (vias urbanas),73467,Sim,0.2799680168770307,0.08785117486242863
3524402,Sinistros com vítimas feridas (vias urbanas),249968,Sim,1.6305981643607262e-4,0.30327484416148104
3524501,Sinistros com vítimas feridas (vias urbanas),7878,Não,0.4901441746130534,-0.062159760225983025
3524600,Sinistros com vítimas feridas (vias urbanas),16254,Sim,0.36220959390181817,-0.08164289157495462
3524709,Sinistros com vítimas feridas (vias urbanas),61801,Sim,1.1192628799932134e-13,0.612455364685224
3524808,Sinistros com vítimas feridas (vias urbanas),50017,Sim,0.19669286934748192,0.10495226264835153
3524907,Sinistros com vítimas feridas (vias urbanas),6575,Não,0.439015249482473,0.07288426542462546
3525003,Sinistros com vítimas feridas (vias urbanas),121988,Sim,0.04027962745645773,0.16991227402399617
3525102,Sinistros com vítimas feridas (vias urbanas),46868,Sim,0.08708191492956653,0.14191757441363526
3525201,Sinistros com vítimas feridas (vias urbanas),39531,Sim,2.852336438241734e-4,0.30420832212830956
3525300,Sinistros com vítimas feridas (vias urbanas),137323,Sim,0.01735200990460629,-0.19200887263602887
3525409,Sinistros com vítimas feridas (vias urbanas),3976,Não,0.08452019405840748,0.16274589055992122
3525508,Sinistros com vítimas feridas (vias urbanas),13095,Não,0.09978406658550354,0.1489602964836605
3525607,Sinistros com vítimas feridas (vias urbanas),4456,Não,0.09101466738704529,0.15650361861085205
3525706,Sinistros com vítimas feridas (vias urbanas),37859,Sim,0.03400252235332748,0.1741534349680176
3525805,Sinistros com vítimas feridas (vias urbanas),4308,Não,0.8442330928431883,-0.01910163353095459
3525854,Sinistros com vítimas feridas (vias urbanas),3123,Não,0.08820138791984619,-0.1619171462777507
3525904,Sinistros com vítimas feridas (vias urbanas),460313,Sim,1.7085348202419958e-4,0.3005859826863258
3526001,Sinistros com vítimas feridas (vias urbanas),20878,Sim,0.34137159261397254,0.07964824401576141
3526100,Sinistros com vítimas feridas (vias urbanas),17255,Sim,0.411777963599504,-0.07252891071322097
3526209,Sinistros com vítimas feridas (vias urbanas),28007,Sim,4.645209779926435e-5,0.3758049394286179
3526308,Sinistros com vítimas feridas (vias urbanas),5182,Não,0.05977909292451302,0.1817491516842149
3526407,Sinistros com vítimas feridas (vias urbanas),27009,Sim,0.07498359964346131,0.15089647179143487
3526506,Sinistros com vítimas feridas (vias urbanas),9909,Não,0.007850009388659126,0.245826644070423
3526605,Sinistros com vítimas feridas (vias urbanas),7328,Não,0.3953591627617474,0.0779468302578966
3526704,Sinistros com vítimas feridas (vias urbanas),101316,Sim,2.4957530578782883e-5,0.3395140169712977
3526803,Sinistros com vítimas feridas (vias urbanas),68395,Sim,0.015921755072757764,0.1964612771954103
3526902,Sinistros com vítimas feridas (vias urbanas),300728,Sim,1.8650331538543075e-6,0.3815703042715997
3527009,Sinistros com vítimas feridas (vias urbanas),7147,Sim,0.014123169537209055,0.2188380753721093
3527108,Sinistros com vítimas feridas (vias urbanas),76729,Sim,0.7612396234430073,0.02488634706492995
3527207,Sinistros com vítimas feridas (vias urbanas),87370,Sim,0.07450835155640322,0.14532850325184762
3527256,Sinistros com vítimas feridas (vias urbanas),1968,Não,0.6801868983726013,0.03982802176178469
3527306,Sinistros com vítimas feridas (vias urbanas),54111,Sim,5.747030969218663e-7,0.4228192024411516
3527405,Sinistros com vítimas feridas (vias urbanas),20372,Sim,0.006264598045743466,-0.22698669718240896
3527504,Sinistros com vítimas feridas (vias urbanas),2419,Não,0.2683291355596526,0.10607675904300355
3527603,Sinistros com vítimas feridas (vias urbanas),12531,Sim,0.15244854386915654,0.12723402134844355
3527702,Sinistros com vítimas feridas (vias urbanas),4751,Não,0.06478728680177062,-0.17718111705756895
3527801,Sinistros com vítimas feridas (vias urbanas),4017,Não,0.698475638227584,0.038029246914462494
3527900,Sinistros com vítimas feridas (vias urbanas),2699,Não,0.2149993726666789,-0.1178874562231017
3528007,Sinistros com vítimas feridas (vias urbanas),17120,Não,0.7321653819448962,0.030102823098999885
3528106,Sinistros com vítimas feridas (vias urbanas),7587,Não,0.7748380607798926,0.025955669439791385
3528205,Sinistros com vítimas feridas (vias urbanas),4048,Sim,0.44688057581472684,-0.07283579277747163
3528304,Sinistros com vítimas feridas (vias urbanas),3212,Não,0.5614829681607901,0.055753346811953874
3528403,Sinistros com vítimas feridas (vias urbanas),51660,Sim,0.003094231122879733,0.24550560218150141
3528502,Sinistros com vítimas feridas (vias urbanas),97399,Sim,0.010136792836779375,0.21268033078884485
3528601,Sinistros com vítimas feridas (vias urbanas),10092,Não,0.08880950102210833,0.14993526820275138
3528700,Sinistros com vítimas feridas (vias urbanas),4627,Não,0.014904294339656341,0.22808748515727986
3528809,Sinistros com vítimas feridas (vias urbanas),12826,Não,2.6919545819690155e-4,0.31706556788375334
3528858,Sinistros com vítimas feridas (vias urbanas),3392,Não,0.11717212654142585,-0.14643753091383285
3528908,Sinistros com vítimas feridas (vias urbanas),3539,Sim,0.22469324411517455,0.11280717990961531
3529005,Sinistros com vítimas feridas (vias urbanas),246627,Sim,1.9319039046079904e-7,-0.41588363378733284
3529104,Sinistros com vítimas feridas (vias urbanas),1870,Não,0.7525404920485136,-0.03103872810843838
3529203,Sinistros com vítimas feridas (vias urbanas),25299,Sim,0.00969353247977407,0.21790523544738163
3529302,Sinistros com vítimas feridas (vias urbanas),80998,Sim,0.0020006562968252557,0.2495217982674007
3529401,Sinistros com vítimas feridas (vias urbanas),429380,Sim,0.4465142632357911,-0.0613228831733959
3529500,Sinistros com vítimas feridas (vias urbanas),6369,Não,0.5740841061281718,0.051938437809272583
3529609,Sinistros com vítimas feridas (vias urbanas),4697,Não,0.5128026327404435,-0.06032358427864297
3529658,Sinistros com vítimas feridas (vias urbanas),1988,Não,0.40535907763446716,0.07964900842647984
3529708,Sinistros com vítimas feridas (vias urbanas),19655,Sim,0.010885509857737676,0.21843247700148388
3529807,Sinistros com vítimas feridas (vias urbanas),11349,Não,0.346733120544358,0.0834271487698697
3529906,Sinistros com vítimas feridas (vias urbanas),18679,Sim,0.8889661391468427,0.012976789211417037
3530003,Sinistros com vítimas feridas (vias urbanas),3199,Não,0.8864023401059721,-0.014069234262377982
3530102,Sinistros com vítimas feridas (vias urbanas),28737,Sim,0.009393761131829924,0.2168059340336659
3530201,Sinistros com vítimas feridas (vias urbanas),16069,Não,0.932011916071921,-0.007591733155887368
3530300,Sinistros com vítimas feridas (vias urbanas),65485,Sim,0.10275147575061871,0.13374474037372497
3530409,Sinistros com vítimas feridas (vias urbanas),4771,Sim,0.0022946479155551,0.2846561261509018
3530508,Sinistros com vítimas feridas (vias urbanas),69324,Sim,3.365496756828169e-5,0.33699048839031837
3530607,Sinistros com vítimas feridas (vias urbanas),468120,Sim,3.048103776586479e-4,0.29018220956556806
3530706,Sinistros com vítimas feridas (vias urbanas),159735,Sim,6.628169258832604e-11,0.5230153597158758
3530805,Sinistros com vítimas feridas (vias urbanas),95534,Sim,1.5501665808920542e-11,0.5473138101054957
3530904,Sinistros com vítimas feridas (vias urbanas),3815,Não,0.011863601808204808,0.23605890907329355
3531001,Sinistros com vítimas feridas (vias urbanas),1954,Sim,0.3892710683376091,-0.08344678093419657
3531100,Sinistros com vítimas feridas (vias urbanas),64519,Sim,3.282430110388e-5,0.3417796823302017
3531209,Sinistros com vítimas feridas (vias urbanas),8873,Sim,0.7017560425912308,-0.034014392493544904
3531308,Sinistros com vítimas feridas (vias urbanas),48725,Sim,0.8912973535781994,0.011748713942752368
3531407,Sinistros com vítimas feridas (vias urbanas),22650,Não,0.33876487351237966,-0.08114667494288239
3531506,Sinistros com vítimas feridas (vias urbanas),18363,Sim,0.018648256550035835,0.2082807863442136
3531605,Sinistros com vítimas feridas (vias urbanas),4301,Não,0.1570629823994397,-0.13111477857480947
3531704,Sinistros com vítimas feridas (vias urbanas),4205,Não,0.1354078331862734,0.14035420074090676
3531803,Sinistros com vítimas feridas (vias urbanas),67296,Sim,1.2812206551433985e-4,0.3349482528438168
3531902,Sinistros com vítimas feridas (vias urbanas),28561,Sim,0.001136919227495464,0.27260226268640725
3532009,Sinistros com vítimas feridas (vias urbanas),14081,Sim,0.06038629832294196,0.16672402661193728
3532058,Sinistros com vítimas feridas (vias urbanas),4079,Não,0.8340424594343654,-0.019878393600510923
3532108,Sinistros com vítimas feridas (vias urbanas),3763,Não,0.5154874577886026,0.062377506829215716
3532157,Sinistros com vítimas feridas (vias urbanas),2699,Não,0.11792582469009377,0.15054273657398506
3532207,Sinistros com vítimas feridas (vias urbanas),5908,Não,0.2776044819288851,0.09846997166723913
3532306,Sinistros com vítimas feridas (vias urbanas),7134,Sim,0.6385683227819392,0.04520784571843777
3532405,Sinistros com vítimas feridas (vias urbanas),18620,Sim,0.032545696435812226,0.18717057291917763
3532504,Sinistros com vítimas feridas (vias urbanas),9921,Não,0.40823229448458265,0.07354844340407454
3532603,Sinistros com vítimas feridas (vias urbanas),9944,Não,0.8129343235841533,-0.02110497979091538
3532702,Sinistros com vítimas feridas (vias urbanas),4860,Sim,1,0
3532801,Sinistros com vítimas feridas (vias urbanas),6858,Não,0.4012072997535499,-0.07675322760284228
3532827,Sinistros com vítimas feridas (vias urbanas),8631,Sim,0.019816697672393295,0.21419407157258402
3532843,Sinistros com vítimas feridas (vias urbanas),2058,Sim,0.4574815973635534,-0.07143944996773709
3532868,Sinistros com vítimas feridas (vias urbanas),1074,Não,0.5794653885888772,0.05396815084727767
3532900,Sinistros com vítimas feridas (vias urbanas),9459,Não,0.04176806751674849,0.18509905164314908
3533007,Sinistros com vítimas feridas (vias urbanas),19725,Sim,0.39425485411387995,0.07509202713608085
3533106,Sinistros com vítimas feridas (vias urbanas),2188,Não,0.7277089949211533,0.03307757201788269
3533205,Sinistros com vítimas feridas (vias urbanas),4795,Não,0.5507850887948833,0.05538634220873717
3533254,Sinistros com vítimas feridas (vias urbanas),4469,Não,0.728159320329677,-0.03246785577753558
3533304,Sinistros com vítimas feridas (vias urbanas),2838,Sim,0.24115455324152107,0.11018780674802428
3533403,Sinistros com vítimas feridas (vias urbanas),64228,Sim,1.991316783971792e-9,0.4905193526288129
3533502,Sinistros com vítimas feridas (vias urbanas),39435,Sim,0.13054422245246877,0.12477479014196646
3533601,Sinistros com vítimas feridas (vias urbanas),7550,Não,0.003954156697465243,0.26246204067400103
3533700,Sinistros com vítimas feridas (vias urbanas),4412,Não,0.620380360427532,0.04868845777284288
3533809,Sinistros com vítimas feridas (vias urbanas),2540,Não,0.32150808311255713,-0.09600797457803209
3533908,Sinistros com vítimas feridas (vias urbanas),56701,Sim,0.019542158359542237,0.18992379787939412
3534005,Sinistros com vítimas feridas (vias urbanas),4912,Não,0.027205884901278652,0.20503998199092363
3534104,Sinistros com vítimas feridas (vias urbanas),6180,Não,0.1278817818738254,0.14112864223011654
3534203,Sinistros com vítimas feridas (vias urbanas),6145,Não,0.16765045797596326,0.13247764751962599
3534302,Sinistros com vítimas feridas (vias urbanas),39193,Sim,0.06065458936155838,0.15536758672714368
3534401,Sinistros com vítimas feridas (vias urbanas),756952,Sim,0.2264449115277794,0.09714585971309857
3534500,Sinistros com vítimas feridas (vias urbanas),2504,Não,0.20276460832669704,0.12195219236916735
3534609,Sinistros com vítimas feridas (vias urbanas),32099,Sim,0.08036466434432316,0.14352470848258733
3534708,Sinistros com vítimas feridas (vias urbanas),106877,Sim,0.46279045855852763,-0.0597372069202839
3534757,Sinistros com vítimas feridas (vias urbanas),10596,Não,0.6582702637478737,-0.03878223429564222
3534807,Sinistros com vítimas feridas (vias urbanas),7901,Não,0.04835607301374928,0.17231612726449827
3534906,Sinistros com vítimas feridas (vias urbanas),15217,Não,0.09497676688993817,0.14397334449939164
3535002,Sinistros com vítimas feridas (vias urbanas),11689,Não,0.27927306208424696,-0.09795350442352674
3535101,Sinistros com vítimas feridas (vias urbanas),9709,Sim,0.02303141109742153,0.204180141143243
3535200,Sinistros com vítimas feridas (vias urbanas),8994,Sim,0.18358799312902382,0.11453201005410048
3535309,Sinistros com vítimas feridas (vias urbanas),19767,Não,0.6351899062319446,0.040619650783178925
3535408,Sinistros com vítimas feridas (vias urbanas),15214,Sim,0.08939436457111728,-0.1452210175506941
3535507,Sinistros com vítimas feridas (vias urbanas),42087,Sim,0.03265893906928994,0.1750633692993669
3535606,Sinistros com vítimas feridas (vias urbanas),17950,Sim,0.7802101007133546,0.02586133109674043
3535705,Sinistros com vítimas feridas (vias urbanas),6211,Sim,0.42951118788995396,-0.07280108393531906
3535804,Sinistros com vítimas feridas (vias urbanas),19799,Sim,0.3752517792688429,0.08052037781149254
3535903,Sinistros com vítimas feridas (vias urbanas),4111,Não,0.43369906035749106,0.07230854890933171
3536000,Sinistros com vítimas feridas (vias urbanas),10729,Não,0.7101041753819972,0.03264222989292599
3536109,Sinistros com vítimas feridas (vias urbanas),7382,Não,0.2801626630645954,0.09768182008978384
3536208,Sinistros com vítimas feridas (vias urbanas),19576,Sim,0.2370086805333063,-0.10489264768535754
3536257,Sinistros com vítimas feridas (vias urbanas),3001,Sim,0.26902568228843476,0.10197777449222635
3536307,Sinistros com vítimas feridas (vias urbanas),14837,Sim,0.006455906847983506,0.2378803122724537
3536406,Sinistros com vítimas feridas (vias urbanas),8200,Sim,0.10266296270414428,0.14516306822206257
3536505,Sinistros com vítimas feridas (vias urbanas),115690,Sim,5.236248128838954e-5,0.32888875599677525
3536570,Sinistros com vítimas feridas (vias urbanas),2146,Não,0.04683467784330625,0.19066895295814512
3536604,Sinistros com vítimas feridas (vias urbanas),7430,Não,0.41464449805533915,-0.07686242491515
3536703,Sinistros com vítimas feridas (vias urbanas),46223,Sim,0.40480029745343554,0.069365074902075
3536802,Sinistros com vítimas feridas (vias urbanas),6718,Não,0.41979891818855275,0.0753684720289393
3536901,Sinistros com vítimas feridas (vias urbanas),2848,Sim,0.5620289627532145,-0.05517863089202396
3537008,Sinistros com vítimas feridas (vias urbanas),15742,Sim,0.04842662467264028,0.17279971605860991
3537107,Sinistros com vítimas feridas (vias urbanas),44332,Sim,6.495721720894875e-11,0.5394628828403182
3537156,Sinistros com vítimas feridas (vias urbanas),2838,Não,0.125267586117043,0.14837740033366426
3537206,Sinistros com vítimas feridas (vias urbanas),11539,Sim,0.8955218632692289,-0.012422430261355533
3537305,Sinistros com vítimas feridas (vias urbanas),63317,Sim,0.48029164680353964,0.057292014103693216
3537404,Sinistros com vítimas feridas (vias urbanas),24389,Sim,0.5803681211575905,0.046678011327972384
3537503,Sinistros com vítimas feridas (vias urbanas),8969,Não,0.7569217132511173,0.029826776636241323
3537602,Sinistros com vítimas feridas (vias urbanas),70543,Sim,0.05748538013360968,0.15592899535058957
3537701,Sinistros com vítimas feridas (vias urbanas),5623,Não,0.8201455314866789,0.02107396474563456
3537800,Sinistros com vítimas feridas (vias urbanas),54237,Sim,7.514962247108894e-4,0.28098523436769207
3537909,Sinistros com vítimas feridas (vias urbanas),28417,Sim,0.08615130937770181,0.1435685198834151
3538006,Sinistros com vítimas feridas (vias urbanas),172027,Sim,0.2297765793629362,0.09698549086750649
3538105,Sinistros com vítimas feridas (vias urbanas),14721,Não,0.4639066451261335,0.06340625627981697
3538204,Sinistros com vítimas feridas (vias urbanas),15605,Sim,0.7291181018855648,-0.03087027307563994
3538303,Sinistros com vítimas feridas (vias urbanas),3296,Não,0.6850162998408571,-0.039133540098613244
3538501,Sinistros com vítimas feridas (vias urbanas),12570,Sim,0.015304032130484773,0.2212553268807279
3538600,Sinistros com vítimas feridas (vias urbanas),26764,Sim,0.5083847541796359,0.05805450871580132
3538709,Sinistros com vítimas feridas (vias urbanas),438827,Sim,3.181912206505883e-5,0.3322841682053469
3538808,Sinistros com vítimas feridas (vias urbanas),30261,Sim,0.1918803447875186,0.10869146299299
3538907,Sinistros com vítimas feridas (vias urbanas),22743,Sim,0.34643557153305693,0.07965577689380007
3539004,Sinistros com vítimas feridas (vias urbanas),11076,Não,0.3647255997782107,-0.0798800431735456
3539103,Sinistros com vítimas feridas (vias urbanas),18836,Sim,0.5995581672605171,0.049135277393877054
3539202,Sinistros com vítimas feridas (vias urbanas),26065,Sim,0.0389718304292127,-0.1725314257161784
3539301,Sinistros com vítimas feridas (vias urbanas),75475,Sim,0.229189355797393,-0.0978102760292983
3539400,Sinistros com vítimas feridas (vias urbanas),15554,Não,0.0014146991287933043,0.27827228064875076
3539509,Sinistros com vítimas feridas (vias urbanas),34416,Sim,0.3449988825465432,-0.0802772878262656
3539608,Sinistros com vítimas feridas (vias urbanas),4454,Não,0.5559175206113505,0.05622210432185239
3539707,Sinistros com vítimas feridas (vias urbanas),3061,Não,0.14454148706133604,-0.13939807616624642
3539806,Sinistros com vítimas feridas (vias urbanas),106431,Sim,0.06460023521039648,0.15179505943764535
3539905,Sinistros com vítimas feridas (vias urbanas),5696,Sim,0.5532764514969508,-0.05721193036664567
3540002,Sinistros com vítimas feridas (vias urbanas),20512,Não,0.046187915773398314,0.1666015260282221
3540101,Sinistros com vítimas feridas (vias urbanas),3443,Não,0.9039799624455538,0.012112453432437494
3540200,Sinistros com vítimas feridas (vias urbanas),38376,Sim,0.8641189871117543,0.014913077314062495
3540259,Sinistros com vítimas feridas (vias urbanas),4196,Sim,0.9501759990018889,-0.0064614580946316565
3540309,Sinistros com vítimas feridas (vias urbanas),2415,Não,0.3679493660711785,0.08685867495996932
3540408,Sinistros com vítimas feridas (vias urbanas),4185,Não,0.3761196312574839,-0.08157179926369858
3540507,Sinistros com vítimas feridas (vias urbanas),10773,Sim,0.09761835043481534,0.15213559848021804
3540606,Sinistros com vítimas feridas (vias urbanas),58345,Sim,0.2526746202789067,-0.09407634495964975
3540705,Sinistros com vítimas feridas (vias urbanas),53940,Sim,3.141957814503358e-5,0.33745930649582534
3540754,Sinistros com vítimas feridas (vias urbanas),20767,Sim,2.0132446766122156e-4,0.32223895791146207
3540804,Sinistros com vítimas feridas (vias urbanas),18994,Sim,0.037941533706206294,-0.1753930675888436
3540853,Sinistros com vítimas feridas (vias urbanas),2599,Não,0.21470069503969952,-0.11853492580594446
3540903,Sinistros com vítimas feridas (vias urbanas),17309,Sim,1.8272442541775278e-4,0.318290744909901
3541000,Sinistros com vítimas feridas (vias urbanas),365577,Sim,0.0019847726504495073,0.24842549932919242
3541059,Sinistros com vítimas feridas (vias urbanas),5246,Não,0.3863817362918616,-0.08153184357987159
3541109,Sinistros com vítimas feridas (vias urbanas),3841,Não,0.24705992246433306,-0.11133966158344179
3541208,Sinistros com vítimas feridas (vias urbanas),14772,Não,0.957979136663519,-0.00494074724258314
3541307,Sinistros com vítimas feridas (vias urbanas),40383,Sim,0.1791069935801687,0.10969576486184919
3541406,Sinistros com vítimas feridas (vias urbanas),234083,Sim,0.5314778730605322,0.05039363652313666
3541505,Sinistros com vítimas feridas (vias urbanas),35902,NA,0.8148732769606313,0.019474958171659472
3541604,Sinistros com vítimas feridas (vias urbanas),35991,Sim,0.035278691051274534,0.1731730146489101
3541653,Sinistros com vítimas feridas (vias urbanas),3472,Não,0.22717243841691842,-0.11299443165836554
3541703,Sinistros com vítimas feridas (vias urbanas),13399,Sim,0.3697325197049195,-0.07653031287161681
3541802,Sinistros com vítimas feridas (vias urbanas),3351,Não,0.8392716473859185,-0.01951418438566639
3541901,Sinistros com vítimas feridas (vias urbanas),9146,Sim,0.087265948434689,0.16404678905621772
3542008,Sinistros com vítimas feridas (vias urbanas),7225,Não,0.983610997334421,0.002354938359201307
3542107,Sinistros com vítimas feridas (vias urbanas),9133,Sim,0.6560826280903547,0.04028683234941373
3542206,Sinistros com vítimas feridas (vias urbanas),29305,Sim,0.39610209291274684,0.06987137315492403
3542305,Sinistros com vítimas feridas (vias urbanas),4611,Não,0.006913893280371098,0.25906543922843023
3542404,Sinistros com vítimas feridas (vias urbanas),20565,Não,0.02260701748993928,-0.19208087782296246
3542503,Sinistros com vítimas feridas (vias urbanas),7808,Não,0.35738189203425796,0.08643969693116903
3542602,Sinistros com vítimas feridas (vias urbanas),61732,Sim,0.049800032869346235,0.16179435726344868
3542701,Sinistros com vítimas feridas (vias urbanas),6492,Não,0.14955130025257046,0.13303848705872837
3542800,Sinistros com vítimas feridas (vias urbanas),3166,Não,4.723589049142167e-4,0.3282335667182989
3542909,Sinistros com vítimas feridas (vias urbanas),11079,Não,0.3255017806227091,0.08723610882749354
3543006,Sinistros com vítimas feridas (vias urbanas),18930,Sim,9.17718350031948e-5,0.3508089845181012
3543105,Sinistros com vítimas feridas (vias urbanas),4706,Não,0.7737857598880337,-0.026734403934428
3543204,Sinistros com vítimas feridas (vias urbanas),4768,Não,0.3869818824799974,0.07941999206704724
3543238,Sinistros com vítimas feridas (vias urbanas),2045,Não,0.4912261274521166,-0.06652545251776798
3543253,Sinistros com vítimas feridas (vias urbanas),7570,Sim,0.002348507571559705,0.289815057831759
3543303,Sinistros com vítimas feridas (vias urbanas),118877,Sim,0.16132291521567457,0.1146263168639062
3543402,Sinistros com vítimas feridas (vias urbanas),728400,Sim,0.10726121152522164,0.12874581038464633
3543501,Sinistros com vítimas feridas (vias urbanas),5647,Sim,0.9037415441874574,0.011831924885718968
3543600,Sinistros com vítimas feridas (vias urbanas),4158,Sim,0.2460407312497415,-0.10641950314921386
3543709,Sinistros com vítimas feridas (vias urbanas),9145,Não,0.00455546811075956,0.25731615041419065
3543808,Sinistros com vítimas feridas (vias urbanas),9357,Sim,0.09178449869043677,-0.1463425566881123
3543907,Sinistros com vítimas feridas (vias urbanas),208857,Sim,4.939250417849474e-6,0.3658605103416437
3544004,Sinistros com vítimas feridas (vias urbanas),32267,Sim,0.8086132776770578,-0.02099118170549181
3544103,Sinistros com vítimas feridas (vias urbanas),45317,Sim,0.789707970012472,-0.023096133993942645
3544202,Sinistros com vítimas feridas (vias urbanas),10453,Não,0.164716020652479,0.12580748638024497
3544251,Sinistros com vítimas feridas (vias urbanas),17533,Sim,0.17863877985110194,-0.11559671492870914
3544301,Sinistros com vítimas feridas (vias urbanas),11095,Não,0.20814719954987232,0.11390929186746906
3544400,Sinistros com vítimas feridas (vias urbanas),2741,Não,0.15590712725023212,-0.1349481680083858
3544509,Sinistros com vítimas feridas (vias urbanas),3965,Não,0.7436125265625605,0.031102791598904615
3544608,Sinistros com vítimas feridas (vias urbanas),5185,Não,0.7828132660385174,-0.02627367238194937
3544707,Sinistros com vítimas feridas (vias urbanas),2519,Não,0.8435007027999698,0.019320466717013717
3544806,Sinistros com vítimas feridas (vias urbanas),6612,Não,0.0928564942763603,-0.15310212644375917
3544905,Sinistros com vítimas feridas (vias urbanas),11654,Não,3.2278584211674577e-4,0.3105622715096656
3545001,Sinistros com vítimas feridas (vias urbanas),15396,Sim,0.8273199510592785,-0.019975002007429236
3545100,Sinistros com vítimas feridas (vias urbanas),4883,Não,0.9826672219090439,0.0025067229594994875
3545159,Sinistros com vítimas feridas (vias urbanas),8371,Sim,0.0686609785718664,0.17290179597870511
3545209,Sinistros com vítimas feridas (vias urbanas),140125,Sim,0.00554616540726232,-0.2244949904573964
3545308,Sinistros com vítimas feridas (vias urbanas),45138,Sim,0.8754734634835395,0.013688900764701096
3545407,Sinistros com vítimas feridas (vias urbanas),9212,Não,0.972956474916892,0.0033849513226529002
3545506,Sinistros com vítimas feridas (vias urbanas),3699,Não,0.5815393627488623,0.05064448318946419
3545605,Sinistros com vítimas feridas (vias urbanas),14203,Não,0.1847217403326633,-0.11509478029992457
3545704,Sinistros com vítimas feridas (vias urbanas),6543,Não,0.16545462871105926,-0.1251846405221912
3545803,Sinistros com vítimas feridas (vias urbanas),189338,Sim,2.154371681434606e-10,0.510074571977635
3546009,Sinistros com vítimas feridas (vias urbanas),14212,Sim,0.011880915643545228,0.2290602851084924
3546108,Sinistros com vítimas feridas (vias urbanas),2677,Sim,0.2736998993294215,0.10417911359045685
3546207,Sinistros com vítimas feridas (vias urbanas),4365,Sim,0.002015046636299686,0.2896235415954454
3546256,Sinistros com vítimas feridas (vias urbanas),2162,Não,0.0025174806213426756,0.28819827016033295
3546306,Sinistros com vítimas feridas (vias urbanas),29525,Sim,4.2364357133896555e-6,0.39496078169380283
3546405,Sinistros com vítimas feridas (vias urbanas),47677,Sim,0.9925225062107371,0.0011460372371953301
3546504,Sinistros com vítimas feridas (vias urbanas),6256,Não,0.348926548368359,0.08634866928465178
3546603,Sinistros com vítimas feridas (vias urbanas),36098,Sim,0.8328556121152451,-0.017680925990158112
3546702,Sinistros com vítimas feridas (vias urbanas),24107,Sim,8.788397174623521e-10,0.5192696201046185
3546801,Sinistros com vítimas feridas (vias urbanas),54586,Sim,2.62221776907081e-5,0.34884538235991686
3546900,Sinistros com vítimas feridas (vias urbanas),7181,Não,0.19631429894522406,0.12162753878095618
3547007,Sinistros com vítimas feridas (vias urbanas),5314,Não,0.05088068304839565,0.18530971060752996
3547106,Sinistros com vítimas feridas (vias urbanas),3012,Não,0.8138621396968148,-0.022798867573723226
3547205,Sinistros com vítimas feridas (vias urbanas),1698,Não,0.005228454593865544,0.26778510188736376
3547304,Sinistros com vítimas feridas (vias urbanas),162341,Sim,0.009626109084290365,0.2110947257118289
3547403,Sinistros com vítimas feridas (vias urbanas),2790,Não,0.35154922591175014,-0.0902894428748414
3547502,Sinistros com vítimas feridas (vias urbanas),25060,Sim,0.026627951051364288,0.1886415431901206
3547601,Sinistros com vítimas feridas (vias urbanas),23725,Sim,0.3278165241688095,0.08403966651702188
3547650,Sinistros com vítimas feridas (vias urbanas),1686,Não,0.18260333364831915,-0.12814902958685834
3547700,Sinistros com vítimas feridas (vias urbanas),18045,Sim,0.22148570683182414,0.10246084432487118
3547809,Sinistros com vítimas feridas (vias urbanas),778711,Sim,9.776024644331403e-4,0.2641122206150503
3547908,Sinistros com vítimas feridas (vias urbanas),6917,Não,0.16716104338653695,0.1269766149890661
3548005,Sinistros com vítimas feridas (vias urbanas),23779,Sim,0.0020863633464808027,0.270560759285534
3548054,Sinistros com vítimas feridas (vias urbanas),8568,Não,0.1325223500159363,0.13727177839785684
3548104,Sinistros com vítimas feridas (vias urbanas),6237,Sim,5.010896439065031e-4,0.3233114930458204
3548203,Sinistros com vítimas feridas (vias urbanas),7294,Sim,2.9450043518324616e-4,0.3308821658955703
3548302,Sinistros com vítimas feridas (vias urbanas),3063,Não,0.26202964392051314,-0.10735559535483456
3548401,Sinistros com vítimas feridas (vias urbanas),3933,Não,0.5624300408355556,0.05534489188405373
3548500,Sinistros com vítimas feridas (vias urbanas),429567,Sim,0.9553226713947747,-0.004841799188650388
3548609,Sinistros com vítimas feridas (vias urbanas),11948,Não,0.02519077821154845,0.2098071648275668
3548708,Sinistros com vítimas feridas (vias urbanas),840499,Sim,1.6437216368333062e-4,0.30144511497710913
3548807,Sinistros com vítimas feridas (vias urbanas),172109,Sim,0.6197890397049193,0.040699244046005736
3548906,Sinistros com vítimas feridas (vias urbanas),265294,Sim,4.2839780995437837e-4,0.2826834994201724
3549003,Sinistros com vítimas feridas (vias urbanas),2629,Não,0.7291468946128286,0.03371958975144046
3549102,Sinistros com vítimas feridas (vias urbanas),95762,Sim,1,3.781565983553805e-4
3549201,Sinistros com vítimas feridas (vias urbanas),2622,Não,0.09818470411810688,-0.1571337214800383
3549250,Sinistros com vítimas feridas (vias urbanas),1880,Não,0.34585280150825715,-0.09148662683884917
3549300,Sinistros com vítimas feridas (vias urbanas),2288,Não,0.47870375577174706,0.06807384435137505
3549409,Sinistros com vítimas feridas (vias urbanas),49815,Sim,7.701956604333406e-14,0.6372798544580675
3549508,Sinistros com vítimas feridas (vias urbanas),7690,Não,0.0121195330938644,0.23575828926343895
3549607,Sinistros com vítimas feridas (vias urbanas),3898,Não,0.5421802393557315,-0.05952865761889524
3549706,Sinistros com vítimas feridas (vias urbanas),53416,Sim,3.1271939496556553e-10,0.5156919644114679
3549805,Sinistros com vítimas feridas (vias urbanas),501597,Sim,0.012494709289280835,-0.19966851363011878
3549904,Sinistros com vítimas feridas (vias urbanas),724756,Sim,1.1757191985399064e-10,0.5139630611602121
3549953,Sinistros com vítimas feridas (vias urbanas),16458,Sim,0.0074986799396296,0.24866951987203142
3550001,Sinistros com vítimas feridas (vias urbanas),10497,Sim,0.2220051129075602,0.11326649075215259
3550100,Sinistros com vítimas feridas (vias urbanas),38166,Sim,0.9624264481804015,-0.004319508301900252
3550209,Sinistros com vítimas feridas (vias urbanas),32904,Sim,4.0367384004623067e-4,0.2965144331345009
3550308,Sinistros com vítimas feridas (vias urbanas),11895578,Sim,0.26469529009673876,0.08887243255460199
3550407,Sinistros com vítimas feridas (vias urbanas),39725,Sim,0.4546697429536908,0.06227404695229128
3550506,Sinistros com vítimas feridas (vias urbanas),7333,Não,0.8938762627651812,0.012366523730230486
3550605,Sinistros com vítimas feridas (vias urbanas),81342,Sim,0.1413073980535793,0.12057177119693721
3550704,Sinistros com vítimas feridas (vias urbanas),84019,Sim,6.264540897683574e-10,0.5012701930821988
3550803,Sinistros com vítimas feridas (vias urbanas),10484,Não,1.9216342512677994e-4,0.34267584773836374
3550902,Sinistros com vítimas feridas (vias urbanas),13590,Sim,0.7090361351116036,-0.032955502233940615
3551009,Sinistros com vítimas feridas (vias urbanas),338407,Sim,0.06358584908286138,0.1494991986085246
3551108,Sinistros com vítimas feridas (vias urbanas),10632,Sim,0.020743752745390743,0.2068812481262899
3551207,Sinistros com vítimas feridas (vias urbanas),3769,Não,0.8720499851145591,-0.015873383163654293
3551306,Sinistros com vítimas feridas (vias urbanas),3187,Sim,0.7707439868111816,-0.028440350327772843
3551405,Sinistros com vítimas feridas (vias urbanas),13058,Não,0.05442157113009948,0.1744446733781658
3551504,Sinistros com vítimas feridas (vias urbanas),45408,Sim,0.08579298313086778,0.14392985062237165
3551603,Sinistros com vítimas feridas (vias urbanas),30920,Sim,2.819396953351161e-6,0.3859161282369959
3551702,Sinistros com vítimas feridas (vias urbanas),131600,Sim,1.080819424335076e-6,0.39141215052490463
3551801,Sinistros com vítimas feridas (vias urbanas),12912,Sim,0.8202948179530958,-0.020644200980755045
3551900,Sinistros com vítimas feridas (vias urbanas),14724,Sim,0.43303235196091827,-0.06785764311851317
3552007,Sinistros com vítimas feridas (vias urbanas),6313,Sim,0.031715501544751314,0.20622953785841244
3552106,Sinistros com vítimas feridas (vias urbanas),41405,Sim,1.3206379925734909e-8,0.47288569565501526
3552205,Sinistros com vítimas feridas (vias urbanas),757459,Sim,0.6306403929746147,-0.038683698759133016
3552304,Sinistros com vítimas feridas (vias urbanas),7466,Sim,0.3735487085200318,0.08320094773800213
3552403,Sinistros com vítimas feridas (vias urbanas),289787,Sim,1.075512012461156e-13,0.5959562307019216
3552502,Sinistros com vítimas feridas (vias urbanas),318765,Sim,0.1734345357354285,0.11031525506573785
3552551,Sinistros com vítimas feridas (vias urbanas),3464,Sim,0.025743308851698243,0.206891969303364
3552601,Sinistros com vítimas feridas (vias urbanas),11499,Sim,0.006253852937371765,0.2366439604727331
3552700,Sinistros com vítimas feridas (vias urbanas),14994,Não,0.059493169763277634,0.16128196225839453
3552809,Sinistros com vítimas feridas (vias urbanas),284274,Sim,0.6602062055563334,0.035952660975403616
3552908,Sinistros com vítimas feridas (vias urbanas),6399,Sim,0.4860967754736727,0.06510661361232753
3553005,Sinistros com vítimas feridas (vias urbanas),13006,Sim,0.08658028927100253,-0.1548477648710875
3553104,Sinistros com vítimas feridas (vias urbanas),5751,Não,0.6677673791749469,0.0409504435189724
3553203,Sinistros com vítimas feridas (vias urbanas),6733,Não,0.058221694209923215,0.17223857162824047
3553302,Sinistros com vítimas feridas (vias urbanas),21682,Sim,1.5899956767117626e-6,0.4252862099325847
3553401,Sinistros com vítimas feridas (vias urbanas),26021,Sim,0.006070625785010821,0.22671753559803642
3553500,Sinistros com vítimas feridas (vias urbanas),8122,Não,0.03844573827165702,0.18796200017446402
3553609,Sinistros com vítimas feridas (vias urbanas),11936,Não,8.867135814264925e-5,0.35136668612161054
3553658,Sinistros com vítimas feridas (vias urbanas),2652,Não,0.4571603491148708,-0.07190378523032771
3553708,Sinistros com vítimas feridas (vias urbanas),53322,Sim,0.08196179076135539,0.14270044564794684
3553807,Sinistros com vítimas feridas (vias urbanas),24863,Sim,0.931499324099899,-0.007774938054942151
3553856,Sinistros com vítimas feridas (vias urbanas),7112,Sim,0.1611249492890517,0.133472214684179
3553906,Sinistros com vítimas feridas (vias urbanas),6635,Não,0.7151129295117626,-0.033840221512046964
3553955,Sinistros com vítimas feridas (vias urbanas),15248,Sim,0.8498335577694575,-0.017007196246772452
3554003,Sinistros com vítimas feridas (vias urbanas),128560,Sim,0.5621860963051356,-0.04710610603465161
3554102,Sinistros com vítimas feridas (vias urbanas),321298,Sim,0.08740615655371857,0.13715097782980923
3554201,Sinistros com vítimas feridas (vias urbanas),4142,Não,0.08717594579855054,0.15941626228601674
3554300,Sinistros com vítimas feridas (vias urbanas),22559,Sim,0.7205918946529584,0.030123851561204583
3554409,Sinistros com vítimas feridas (vias urbanas),7985,Sim,0.48841443931688744,0.06290178132311035
3554508,Sinistros com vítimas feridas (vias urbanas),38690,Sim,0.5499388527362223,-0.04998311707535353
3554607,Sinistros com vítimas feridas (vias urbanas),2490,Não,0.5544875339378039,0.057751682764599854
3554656,Sinistros com vítimas feridas (vias urbanas),2063,Não,0.9713964958330861,0.004599585366068031
3554706,Sinistros com vítimas feridas (vias urbanas),9484,Sim,6.968465001176575e-4,0.3170114964042365
3554755,Sinistros com vítimas feridas (vias urbanas),1719,Não,0.4713150233158163,-0.07019050674466752
3554805,Sinistros com vítimas feridas (vias urbanas),53083,Sim,8.418641782508063e-7,0.41403301897295713
3554904,Sinistros com vítimas feridas (vias urbanas),7013,Não,0.8454450787663712,-0.017592012677703137
3554953,Sinistros com vítimas feridas (vias urbanas),6947,Não,0.8764986304118199,-0.015387668774961689
3555000,Sinistros com vítimas feridas (vias urbanas),65416,Sim,0.004832024746653807,0.22722482452039566
3555109,Sinistros com vítimas feridas (vias urbanas),16206,Sim,0.5885735221612888,0.04625009742639185
3555208,Sinistros com vítimas feridas (vias urbanas),1839,Não,0.18533991686838974,0.12488476463876634
3555307,Sinistros com vítimas feridas (vias urbanas),1672,Não,0.34909153768254425,-0.08962278108539178
3555356,Sinistros com vítimas feridas (vias urbanas),5456,Não,1,5.788373797258967e-4
3555406,Sinistros com vítimas feridas (vias urbanas),96598,Sim,1.768136437577235e-5,0.35222162735984675
3555505,Sinistros com vítimas feridas (vias urbanas),5265,Não,0.6974258285725882,-0.036354823586369836
3555604,Sinistros com vítimas feridas (vias urbanas),10627,Não,0.5296412704784205,0.05674233825004895
3555703,Sinistros com vítimas feridas (vias urbanas),1628,Sim,0.3169352624902075,-0.0959742105627175
3555802,Sinistros com vítimas feridas (vias urbanas),8973,Não,0.40692208499217414,0.07291763000704046
3555901,Sinistros com vítimas feridas (vias urbanas),1419,Não,0.21589816820937596,-0.11994580266493816
3556008,Sinistros com vítimas feridas (vias urbanas),14038,Sim,0.7021050343644195,0.03320591701404279
3556107,Sinistros com vítimas feridas (vias urbanas),14531,Não,0.030194987525784905,-0.18204208603698963
3556206,Sinistros com vítimas feridas (vias urbanas),131277,Sim,0.01368466930220655,0.20024761819372355
3556305,Sinistros com vítimas feridas (vias urbanas),24723,Sim,0.8592709688667346,0.015595792936558994
3556354,Sinistros com vítimas feridas (vias urbanas),10805,Sim,0.2270926609283742,0.10994279573400374
3556404,Sinistros com vítimas feridas (vias urbanas),41226,Sim,3.958502722320112e-10,0.51716336370558
3556453,Sinistros com vítimas feridas (vias urbanas),52103,Sim,0.44328724571664846,-0.06482232522803909
3556503,Sinistros com vítimas feridas (vias urbanas),119576,Sim,2.2352982637722725e-13,0.5940164177384114
3556602,Sinistros com vítimas feridas (vias urbanas),10294,Não,0.7802600968587823,0.02545110318590806
3556701,Sinistros com vítimas feridas (vias urbanas),79235,Sim,0.5716745811047477,-0.047239938203144136
3556800,Sinistros com vítimas feridas (vias urbanas),17681,Sim,0.05058962479382484,0.1706926013142565
3556909,Sinistros com vítimas feridas (vias urbanas),8327,Sim,0.11405931669588912,0.1446709597350193
3556958,Sinistros com vítimas feridas (vias urbanas),1826,Sim,0.16262253715500347,0.13425540338526368
3557006,Sinistros com vítimas feridas (vias urbanas),132849,Sim,0.04780145944861862,0.1608674147171003
3557105,Sinistros com vítimas feridas (vias urbanas),100159,Sim,0.13491851988733727,-0.12046127269497095
3557154,Sinistros com vítimas feridas (vias urbanas),2761,Não,0.30162442487431396,0.09647521374590656
3557204,Sinistros com vítimas feridas (vias urbanas),12411,Não,0.006976647315792681,0.237411749706255
3557303,Sinistros com vítimas feridas (vias urbanas),11566,Sim,0.017750783603770335,0.2189398784759398
3500105,Sinistros com vítimas feridas (estradas e rodovias),35642,Sim,0.6720139104325503,0.0377678577204125
3500204,Sinistros com vítimas feridas (estradas e rodovias),4478,Sim,0.8426886391646752,0.019888397138880253
3500303,Sinistros com vítimas feridas (estradas e rodovias),32888,Não,0.04250384393696297,-0.17451973825389033
3500402,Sinistros com vítimas feridas (estradas e rodovias),7470,Sim,0.024894725574173576,-0.19977889965824241
3500501,Sinistros com vítimas feridas (estradas e rodovias),18245,Sim,0.06793584259405244,0.17098030465881645
3500550,Sinistros com vítimas feridas (estradas e rodovias),7407,Não,0.5524861159077108,-0.05226494957838824
3500600,Sinistros com vítimas feridas (estradas e rodovias),2829,Sim,0.8061782285913777,-0.022982206890999512
3500709,Sinistros com vítimas feridas (estradas e rodovias),38879,Sim,0.02900735039476668,0.1839701131221174
3500758,Sinistros com vítimas feridas (estradas e rodovias),6330,Não,0.6176476546519488,-0.04482306515335605
3500808,Sinistros com vítimas feridas (estradas e rodovias),4556,Não,0.5822257102278896,0.051711005039889825
3500907,Sinistros com vítimas feridas (estradas e rodovias),3479,Não,0.8317315946421754,-0.02104544161174404
3501004,Sinistros com vítimas feridas (estradas e rodovias),17156,Sim,0.6351208222140186,0.04348535686045552
3501103,Sinistros com vítimas feridas (estradas e rodovias),3883,Não,0.565967650528667,-0.05544909818399474
3501152,Sinistros com vítimas feridas (estradas e rodovias),17591,Sim,0.1177575819508592,0.13497570278298066
3501202,Sinistros com vítimas feridas (estradas e rodovias),3978,Não,1,0
3501301,Sinistros com vítimas feridas (estradas e rodovias),28250,Não,0.6146438792774078,-0.04380401653621529
3501400,Sinistros com vítimas feridas (estradas e rodovias),4896,Não,0.9883146350019433,-0.002100803763718989
3501509,Sinistros com vítimas feridas (estradas e rodovias),2923,Não,0.030126508256590953,-0.20957057606770021
3501608,Sinistros com vítimas feridas (estradas e rodovias),246655,Sim,0.03553837725170838,-0.17458176155128988
3501707,Sinistros com vítimas feridas (estradas e rodovias),33757,Sim,0.6074585846541032,0.046727374693872344
3501806,Sinistros com vítimas feridas (estradas e rodovias),5975,Sim,0.33768049396147226,-0.09041492238484027
3501905,Sinistros com vítimas feridas (estradas e rodovias),69717,Sim,0.5956147082576049,-0.044118254947602395
3502002,Sinistros com vítimas feridas (estradas e rodovias),4684,Não,0.33292464768444385,-0.0918967007579324
3502101,Sinistros com vítimas feridas (estradas e rodovias),61473,Sim,0.1713926001461766,-0.11754886444086442
3502200,Sinistros com vítimas feridas (estradas e rodovias),24512,Sim,0.07441234849423989,-0.1532168594059976
3502309,Sinistros com vítimas feridas (estradas e rodovias),5766,Não,0.06435794915182275,-0.17053821650364046
3502408,Sinistros com vítimas feridas (estradas e rodovias),4108,Não,0.05583370593296586,-0.18360333544038765
3502507,Sinistros com vítimas feridas (estradas e rodovias),33223,Sim,0.5454527944912344,0.05110500648842533
3502606,Sinistros com vítimas feridas (estradas e rodovias),4124,Não,0.00628454293190942,-0.2620866105313857
3502705,Sinistros com vítimas feridas (estradas e rodovias),24886,Sim,0.980702189077151,-0.002528949173147818
3502754,Sinistros com vítimas feridas (estradas e rodovias),22168,Sim,0.40084486431824545,0.06951992972481383
3502804,Sinistros com vítimas feridas (estradas e rodovias),207775,Sim,0.012538445289008753,-0.2090379313685568
3502903,Sinistros com vítimas feridas (estradas e rodovias),33656,Sim,0.42867197413796804,-0.06725754326703327
3503000,Sinistros com vítimas feridas (estradas e rodovias),5526,Não,0.5041092225643584,0.06146825637592362
3503109,Sinistros com vítimas feridas (estradas e rodovias),7050,Sim,0.5140273007558704,-0.06348830749453305
3503158,Sinistros com vítimas feridas (estradas e rodovias),2355,Não,0.7438579710454347,-0.03238817993773549
3503208,Sinistros com vítimas feridas (estradas e rodovias),252318,Sim,0.406252159642945,0.06858189572986455
3503307,Sinistros com vítimas feridas (estradas e rodovias),135331,Sim,0.43775079204042444,0.06605774374181661
3503356,Sinistros com vítimas feridas (estradas e rodovias),2085,Não,0.1013015813849262,-0.15989490546137491
3503406,Sinistros com vítimas feridas (estradas e rodovias),8280,Sim,0.4876267501910118,0.06347427805173883
3503505,Sinistros com vítimas feridas (estradas e rodovias),3625,Não,0.8932189495345064,0.013476501276487574
3503604,Sinistros com vítimas feridas (estradas e rodovias),10257,Não,0.9650871219000432,0.004656602074439666
3503703,Sinistros com vítimas feridas (estradas e rodovias),7653,Não,0.8264472175685521,-0.022412836735910293
3503802,Sinistros com vítimas feridas (estradas e rodovias),53157,Sim,0.4298629694635895,0.06877489361385478
3503901,Sinistros com vítimas feridas (estradas e rodovias),89943,Sim,0.047025694560826,0.1642884485408545
3503950,Sinistros com vítimas feridas (estradas e rodovias),1873,Sim,0.470639359495298,0.06955368018124938
3504008,Sinistros com vítimas feridas (estradas e rodovias),104642,Sim,0.33201753623453373,0.08211584528023133
3504107,Sinistros com vítimas feridas (estradas e rodovias),166043,Sim,0.9328542953733161,-0.007229794363186735
3504206,Sinistros com vítimas feridas (estradas e rodovias),13873,Não,0.0010710732236251083,-0.3008622276768172
3504305,Sinistros com vítimas feridas (estradas e rodovias),4519,Sim,0.013640389629927679,-0.22352585809605222
3504404,Sinistros com vítimas feridas (estradas e rodovias),11438,Não,0.4913664305966404,0.06470973092390853
3504503,Sinistros com vítimas feridas (estradas e rodovias),96098,Sim,0.07775391873037113,0.14793527882839552
3504602,Sinistros com vítimas feridas (estradas e rodovias),28909,Não,0.7609593452006311,-0.026885303283484402
3504701,Sinistros com vítimas feridas (estradas e rodovias),3963,Não,0.7305419318825668,0.03398904281235486
3504800,Sinistros com vítimas feridas (estradas e rodovias),9854,Não,0.6197419171497399,-0.044720817951673854
3504909,Sinistros com vítimas feridas (estradas e rodovias),10109,Sim,0.41695671492286807,0.07740682741637298
3505005,Sinistros com vítimas feridas (estradas e rodovias),3618,Não,0.9904636825155408,-0.0022997926830340154
3505104,Sinistros com vítimas feridas (estradas e rodovias),5659,Não,0.592185294780332,-0.05039217611717294
3505203,Sinistros com vítimas feridas (estradas e rodovias),32405,Sim,0.3174343505273254,-0.09105517905238814
3505302,Sinistros com vítimas feridas (estradas e rodovias),35159,Sim,0.09077406591576,-0.15510101526354858
3505351,Sinistros com vítimas feridas (estradas e rodovias),5256,Não,NA,NA
3505401,Sinistros com vítimas feridas (estradas e rodovias),6922,Sim,0.06966878584208469,0.14877897783191013
3505500,Sinistros com vítimas feridas (estradas e rodovias),126600,Sim,0.03625242580161915,0.1762328022330702
3505609,Sinistros com vítimas feridas (estradas e rodovias),33181,Não,0.29000177326026466,-0.0979235256810782
3505708,Sinistros com vítimas feridas (estradas e rodovias),330339,Sim,1.0630719611238628e-6,0.3957904192813466
3505807,Sinistros com vítimas feridas (estradas e rodovias),21900,Sim,0.18506032676925596,0.12458383985331249
3505906,Sinistros com vítimas feridas (estradas e rodovias),59873,Sim,0.5396235858607354,0.052640389177883544
3506003,Sinistros com vítimas feridas (estradas e rodovias),391740,Sim,0.07299413575347702,-0.14603230815153598
3506102,Sinistros com vítimas feridas (estradas e rodovias),78210,Sim,0.6037360521252383,-0.043844166424546284
3506201,Sinistros com vítimas feridas (estradas e rodovias),2642,Não,0.31800342312196406,-0.0955721921970751
3506300,Sinistros com vítimas feridas (estradas e rodovias),11852,Sim,0.7690538595626266,-0.028034509711142033
3506359,Sinistros com vítimas feridas (estradas e rodovias),66873,Sim,0.02869994724963483,0.17860589455565756
3506409,Sinistros com vítimas feridas (estradas e rodovias),7455,Não,0.9958013634939105,-9.743284958417097e-4
3506508,Sinistros com vítimas feridas (estradas e rodovias),122988,Sim,1.3750230305281045e-5,-0.36246148684350876
3506607,Sinistros com vítimas feridas (estradas e rodovias),30526,Sim,0.08824015587897299,-0.14715577453146803
3506706,Sinistros com vítimas feridas (estradas e rodovias),13135,Sim,0.007863774196411565,-0.24246528607988094
3506805,Sinistros com vítimas feridas (estradas e rodovias),11467,Sim,0.9737781826221263,-0.0035907791866472178
3506904,Sinistros com vítimas feridas (estradas e rodovias),10688,Não,0.9693379907254861,0.0037495986972392553
3507001,Sinistros com vítimas feridas (estradas e rodovias),63415,Sim,0.7652286295810093,0.025468034439755736
3507100,Sinistros com vítimas feridas (estradas e rodovias),22501,Sim,0.08466811665126192,0.1469556261254431
3507159,Sinistros com vítimas feridas (estradas e rodovias),3610,Não,0.5121906684219288,-0.06530918673774468
3507209,Sinistros com vítimas feridas (estradas e rodovias),928,Não,0.8478574803219558,-0.019776032414038493
3507308,Sinistros com vítimas feridas (estradas e rodovias),4823,Não,0.05836348843772783,-0.17967719660730108
3507407,Sinistros com vítimas feridas (estradas e rodovias),14415,Não,0.20961469207345576,-0.11212721320965607
3507456,Sinistros com vítimas feridas (estradas e rodovias),2787,Não,0.5742539911591124,0.056301023049779894
3507506,Sinistros com vítimas feridas (estradas e rodovias),150442,Sim,0.20539105278692754,0.10443494912935533
3507605,Sinistros com vítimas feridas (estradas e rodovias),184634,Sim,0.43647124799430836,0.06412550860514903
3507704,Sinistros com vítimas feridas (estradas e rodovias),5466,Não,0.09921290459709955,0.15746189462168744
3507753,Sinistros com vítimas feridas (estradas e rodovias),2605,Não,0.22806826014316067,-0.11556907345816271
3507803,Sinistros com vítimas feridas (estradas e rodovias),26167,Sim,0.8818151675300957,0.0136807007503978
3507902,Sinistros com vítimas feridas (estradas e rodovias),24423,Sim,0.3597465854490361,-0.0786222071916233
3508009,Sinistros com vítimas feridas (estradas e rodovias),20674,Sim,0.22173542099278248,0.11549490863473161
3508108,Sinistros com vítimas feridas (estradas e rodovias),17597,Sim,0.026386395409762155,-0.21026588643939367
3508207,Sinistros com vítimas feridas (estradas e rodovias),4447,Sim,0.9266248216589885,-0.00924885158341154
3508306,Sinistros com vítimas feridas (estradas e rodovias),4362,Não,0.4237084128597054,-0.07613208149320175
3508405,Sinistros com vítimas feridas (estradas e rodovias),48473,Sim,0.018791456405334462,-0.1990876738091387
3508504,Sinistros com vítimas feridas (estradas e rodovias),99678,Sim,0.2234797680830078,0.10098893137264339
3508603,Sinistros com vítimas feridas (estradas e rodovias),32482,Sim,0.21162130154928513,0.10565713680005406
3508702,Sinistros com vítimas feridas (estradas e rodovias),17266,Não,0.02952222552245967,-0.20636210767445465
3508801,Sinistros com vítimas feridas (estradas e rodovias),16905,Sim,0.06961565888576783,-0.16094129968421017
3508900,Sinistros com vítimas feridas (estradas e rodovias),3745,Sim,NA,NA
3509007,Sinistros com vítimas feridas (estradas e rodovias),98257,Sim,0.2297869809431608,0.09884174554412058
3509106,Sinistros com vítimas feridas (estradas e rodovias),5585,Não,0.4182042401954123,0.0785017865084664
3509205,Sinistros com vítimas feridas (estradas e rodovias),97363,Sim,0.8251373217201498,0.01867457466026648
3509254,Sinistros com vítimas feridas (estradas e rodovias),29257,Sim,0.020171154210157333,0.1896360569394371
3509304,Sinistros com vítimas feridas (estradas e rodovias),9232,Sim,0.04722015438567632,-0.19039740945334127
3509403,Sinistros com vítimas feridas (estradas e rodovias),24217,Sim,0.6741262606525564,-0.03837427524074593
3509452,Sinistros com vítimas feridas (estradas e rodovias),6077,Sim,0.21824101630508408,-0.11646886949467179
3509502,Sinistros com vítimas feridas (estradas e rodovias),1185977,Sim,1.5263417554789435e-4,-0.3029374175265008
3509601,Sinistros com vítimas feridas (estradas e rodovias),79663,Sim,0.006565707356825288,0.23246093676480623
3509700,Sinistros com vítimas feridas (estradas e rodovias),47983,Sim,0.009901065133948669,0.22279067917283343
3509809,Sinistros com vítimas feridas (estradas e rodovias),4991,Não,1,7.309220954312268e-4
3509908,Sinistros com vítimas feridas (estradas e rodovias),12489,Sim,0.3195179434256432,-0.09050468046355091
3509957,Sinistros com vítimas feridas (estradas e rodovias),5049,Não,0.5015030818909441,0.05952293652349591
3510005,Sinistros com vítimas feridas (estradas e rodovias),30172,Sim,0.6451742758166226,-0.04123633278825637
3510104,Sinistros com vítimas feridas (estradas e rodovias),2951,Não,0.880764615259515,0.0160345383934176
3510153,Sinistros com vítimas feridas (estradas e rodovias),6524,Não,0.7529490060022702,0.028952581933963894
3510203,Sinistros com vítimas feridas (estradas e rodovias),47403,Sim,0.7224942026181749,0.030373482161558028
3510302,Sinistros com vítimas feridas (estradas e rodovias),23597,Sim,0.04043887569984968,0.17789762708012913
3510401,Sinistros com vítimas feridas (estradas e rodovias),51318,Sim,0.04535673465509997,-0.1710303573009215
3510500,Sinistros com vítimas feridas (estradas e rodovias),141084,Sim,0.24387693672593566,-0.09492491280433511
3510609,Sinistros com vítimas feridas (estradas e rodovias),398462,Sim,0.39696634730850183,0.07165950333523106
3510708,Sinistros com vítimas feridas (estradas e rodovias),11491,Não,0.0077385625279465286,-0.24503664297421213
3510807,Sinistros com vítimas feridas (estradas e rodovias),28786,Sim,0.5435797307577576,-0.05176758825506248
3510906,Sinistros com vítimas feridas (estradas e rodovias),2855,Não,0.0619843800041221,-0.18056440880153724
3511003,Sinistros com vítimas feridas (estradas e rodovias),20418,Não,0.18038375551009345,-0.11741279865569619
3511102,Sinistros com vítimas feridas (estradas e rodovias),119172,Sim,0.003594981136090767,-0.24327324036062514
3511201,Sinistros com vítimas feridas (estradas e rodovias),7105,Não,0.32751018202783444,0.08643676444350261
3511300,Sinistros com vítimas feridas (estradas e rodovias),13160,Não,1.9664665858574998e-4,0.31474612766509547
3511409,Sinistros com vítimas feridas (estradas e rodovias),22076,Sim,0.8832891319001316,-0.013388106122561414
3511508,Sinistros com vítimas feridas (estradas e rodovias),46217,Sim,0.27489362902810904,-0.09820982303714243
3511607,Sinistros com vítimas feridas (estradas e rodovias),19588,Sim,0.009069038750708802,0.22399245429402467
3511706,Sinistros com vítimas feridas (estradas e rodovias),15798,Sim,0.07373783449175912,0.16032634287503064
3511904,Sinistros com vítimas feridas (estradas e rodovias),7087,Não,0.9641118827123716,0.004732492439719552
3512001,Sinistros com vítimas feridas (estradas e rodovias),18842,Sim,0.017312021155286045,-0.20886942901849584
3512100,Sinistros com vítimas feridas (estradas e rodovias),6781,Não,0.36720035796218037,-0.0834624293154964
3512209,Sinistros com vítimas feridas (estradas e rodovias),29034,Sim,0.013730204202245492,-0.21825373599058495
3512308,Sinistros com vítimas feridas (estradas e rodovias),15381,Sim,0.03964837594642435,0.18125243260496146
3512407,Sinistros com vítimas feridas (estradas e rodovias),25130,Sim,0.024025264711397147,-0.19289596575485163
3512506,Sinistros com vítimas feridas (estradas e rodovias),5498,Não,0.04702452931662405,-0.18151253197585326
3512605,Sinistros com vítimas feridas (estradas e rodovias),4295,Não,0.5793901574971176,-0.05355479367814668
3512704,Sinistros com vítimas feridas (estradas e rodovias),4285,Não,0.42835904377779616,0.06955988746779752
3512803,Sinistros com vítimas feridas (estradas e rodovias),61204,Sim,0.019760102918952367,-0.20374636560629042
3512902,Sinistros com vítimas feridas (estradas e rodovias),8968,Sim,0.5324428515917417,-0.055739884068378646
3513009,Sinistros com vítimas feridas (estradas e rodovias),287004,Sim,0.005609861010064383,0.22450716107003058
3513108,Sinistros com vítimas feridas (estradas e rodovias),34252,Sim,0.30377726662239424,-0.08890930542553675
3513207,Sinistros com vítimas feridas (estradas e rodovias),9543,Sim,0.1498756778491191,-0.1286942405007824
3513306,Sinistros com vítimas feridas (estradas e rodovias),2129,Não,0.620380360427532,-0.04868845777284288
3513405,Sinistros com vítimas feridas (estradas e rodovias),76513,Sim,0.09046129734949888,-0.14180939003875193
3513504,Sinistros com vítimas feridas (estradas e rodovias),115082,Sim,0.2046231137424909,-0.10339916919252269
3513603,Sinistros com vítimas feridas (estradas e rodovias),22456,Sim,0.020492852620794505,0.2051403357489249
3513702,Sinistros com vítimas feridas (estradas e rodovias),32622,Não,0.5846106752044794,-0.04858203211432692
3513801,Sinistros com vítimas feridas (estradas e rodovias),404118,Sim,0.0010875602566001014,-0.26903407476836855
3513850,Sinistros com vítimas feridas (estradas e rodovias),1641,Não,NA,NA
3513900,Sinistros com vítimas feridas (estradas e rodovias),11314,Não,0.16409253920330397,-0.12848729885781626
3514007,Sinistros com vítimas feridas (estradas e rodovias),8958,Sim,0.4519057953215655,0.07111389475480256
3514106,Sinistros com vítimas feridas (estradas e rodovias),24855,Sim,0.5213633148340994,0.05790344410732166
3514205,Sinistros com vítimas feridas (estradas e rodovias),2250,Não,0.5086318540597955,-0.06405477972696304
3514304,Sinistros com vítimas feridas (estradas e rodovias),8186,Sim,0.013638992939537407,0.22907216910169137
3514403,Sinistros com vítimas feridas (estradas e rodovias),46664,Sim,0.0027937090242487654,-0.2598209235867919
3514502,Sinistros com vítimas feridas (estradas e rodovias),12529,Não,0.0014812732932330372,-0.2801269387420744
3514601,Sinistros com vítimas feridas (estradas e rodovias),9719,Não,0.3801525930218504,-0.08287709539093532
3514700,Sinistros com vítimas feridas (estradas e rodovias),6295,Não,0.007523257294231942,-0.2478110712419978
3514809,Sinistros com vítimas feridas (estradas e rodovias),13162,Sim,0.21283352390326013,-0.1150478333539794
3514908,Sinistros com vítimas feridas (estradas e rodovias),18103,Não,0.5346385501667942,-0.05740498125627688
3514924,Sinistros com vítimas feridas (estradas e rodovias),3189,Não,0.5198375077168678,0.06287117282031006
3514957,Sinistros com vítimas feridas (estradas e rodovias),2353,Não,0.29371811275179177,-0.10262104571787264
3515004,Sinistros com vítimas feridas (estradas e rodovias),259323,Sim,0.004766023714673279,0.23163527071745418
3515103,Sinistros com vítimas feridas (estradas e rodovias),68805,Sim,0.26382846232964646,-0.09449336385514269
3515129,Sinistros com vítimas feridas (estradas e rodovias),3062,Não,0.1013015813849262,-0.15989490546137491
3515152,Sinistros com vítimas feridas (estradas e rodovias),20139,Sim,0.25622814238648345,0.10129229495155852
3515186,Sinistros com vítimas feridas (estradas e rodovias),40681,Sim,9.955601176664835e-4,-0.2825067896943279
3515194,Sinistros com vítimas feridas (estradas e rodovias),4217,Sim,0.4918440475726879,0.06356204207394284
3515202,Sinistros com vítimas feridas (estradas e rodovias),9655,Não,0.002801281933811618,-0.2705292170899351
3515301,Sinistros com vítimas feridas (estradas e rodovias),2749,Não,0.6100234104940349,-0.0492018875014889
3515350,Sinistros com vítimas feridas (estradas e rodovias),7928,Não,0.06207547247075082,-0.17636943063102875
3515400,Sinistros com vítimas feridas (estradas e rodovias),16984,Não,3.5186055333737593e-4,-0.33038608606203246
3515509,Sinistros com vítimas feridas (estradas e rodovias),73286,Sim,0.5599450602465736,-0.04959954765418808
3515608,Sinistros com vítimas feridas (estradas e rodovias),6066,Não,0.9911841341917087,0.0015510795640736078
3515657,Sinistros com vítimas feridas (estradas e rodovias),1689,Não,0.3269646696888824,-0.09525935275804555
3515707,Sinistros com vítimas feridas (estradas e rodovias),185622,Sim,0.6321424221485428,0.04689308161201066
3515806,Sinistros com vítimas feridas (estradas e rodovias),1492,Não,0.26083869872495397,-0.1089073922192528
3515905,Sinistros com vítimas feridas (estradas e rodovias),2756,Não,0.7645415859857078,-0.029012774069349764
3516002,Sinistros com vítimas feridas (estradas e rodovias),13171,Não,0.8991660818756229,-0.01192489934527773
3516101,Sinistros com vítimas feridas (estradas e rodovias),3987,Sim,0.6103638555686348,-0.0482640927448968
3516200,Sinistros com vítimas feridas (estradas e rodovias),364331,Sim,0.29724800941354995,-0.0862143518681702
3516309,Sinistros com vítimas feridas (estradas e rodovias),171107,Sim,0.0028811235265612392,-0.2735512560056923
3516408,Sinistros com vítimas feridas (estradas e rodovias),149786,Sim,0.2821718572971522,0.08893858666784474
3516507,Sinistros com vítimas feridas (estradas e rodovias),2811,Não,0.38046407105995295,-0.08569614046083347
3516606,Sinistros com vítimas feridas (estradas e rodovias),6435,Não,0.12171470489526424,-0.13585402251048076
3516705,Sinistros com vítimas feridas (estradas e rodovias),43115,Sim,0.1561051487666293,-0.12276221097278577
3516804,Sinistros com vítimas feridas (estradas e rodovias),3235,Não,0.8249900346672182,0.021903491946427045
3516853,Sinistros com vítimas feridas (estradas e rodovias),4797,Sim,0.7666510360599039,0.029209987710535516
3516903,Sinistros com vítimas feridas (estradas e rodovias),10449,Não,0.2635711572376084,-0.10300516073017169
3517000,Sinistros com vítimas feridas (estradas e rodovias),10355,Não,0.18371792773409534,-0.12490486150036298
3517109,Sinistros com vítimas feridas (estradas e rodovias),4173,Sim,0.02534282615248499,-0.20982541448978945
3517208,Sinistros com vítimas feridas (estradas e rodovias),11459,Não,0.4217242499075851,0.07313509532408155
3517307,Sinistros com vítimas feridas (estradas e rodovias),5606,Não,0.7312838061826905,-0.03302675217713877
3517406,Sinistros com vítimas feridas (estradas e rodovias),40424,Sim,0.13954561536811544,-0.1347193616502829
3517505,Sinistros com vítimas feridas (estradas e rodovias),22316,Sim,0.9446066614982115,-0.006676122797207971
3517604,Sinistros com vítimas feridas (estradas e rodovias),17256,Sim,0.9615403282894809,-0.004604480568576217
3517703,Sinistros com vítimas feridas (estradas e rodovias),18790,Sim,0.036115213751851574,-0.19042283415521646
3517802,Sinistros com vítimas feridas (estradas e rodovias),7486,Sim,0.4389995326513296,-0.07380675572378036
3517901,Sinistros com vítimas feridas (estradas e rodovias),10542,Não,0.22892418693982422,-0.11469220457786236
3518008,Sinistros com vítimas feridas (estradas e rodovias),1999,Não,0.5106787612424077,0.06460170588585908
3518107,Sinistros com vítimas feridas (estradas e rodovias),6531,Não,0.024184610943823213,-0.20542546229336286
3518206,Sinistros com vítimas feridas (estradas e rodovias),31872,Sim,0.0012095496805639154,-0.28237048179461
3518305,Sinistros com vítimas feridas (estradas e rodovias),32436,Sim,0.21835882097810755,-0.10333573211049411
3518404,Sinistros com vítimas feridas (estradas e rodovias),121710,Sim,0.45758962845510465,0.06169579542935217
3518503,Sinistros com vítimas feridas (estradas e rodovias),15268,Sim,0.9186025885157459,0.010254595490614117
3518602,Sinistros com vítimas feridas (estradas e rodovias),38609,Sim,0.12523950200443007,-0.13591703309946745
3518701,Sinistros com vítimas feridas (estradas e rodovias),294973,Sim,0.002813405316931211,0.24984682808449357
3518800,Sinistros com vítimas feridas (estradas e rodovias),1345364,Sim,0.00723559907002978,0.2155407878275665
3518859,Sinistros com vítimas feridas (estradas e rodovias),7462,Não,0.40386141870494946,-0.07695564739851381
3518909,Sinistros com vítimas feridas (estradas e rodovias),4276,Não,0.016649641831525758,-0.22848547757540733
3519006,Sinistros com vítimas feridas (estradas e rodovias),9302,Não,0.4220585414888353,-0.07197884347021116
3519055,Sinistros com vítimas feridas (estradas e rodovias),15596,Sim,0.3169877695415651,0.08711486524421606
3519071,Sinistros com vítimas feridas (estradas e rodovias),247331,Sim,0.562954930590083,0.04828214581009741
3519105,Sinistros com vítimas feridas (estradas e rodovias),10633,Não,0.23584489148689172,0.10696113324841894
3519204,Sinistros com vítimas feridas (estradas e rodovias),6207,Não,0.5531938218552781,-0.05519854242445373
3519253,Sinistros com vítimas feridas (estradas e rodovias),8257,Não,0.7813323705006844,0.026481525649433284
3519303,Sinistros com vítimas feridas (estradas e rodovias),33110,Sim,1.9904202407148346e-4,0.31676139395936104
3519402,Sinistros com vítimas feridas (estradas e rodovias),11934,Não,0.4202186195558524,-0.07387589749655786
3519501,Sinistros com vítimas feridas (estradas e rodovias),6461,Não,0.8327929432848721,0.020492168864974236
3519600,Sinistros com vítimas feridas (estradas e rodovias),61908,Sim,5.670749178212796e-4,-0.29850207530013845
3519709,Sinistros com vítimas feridas (estradas e rodovias),77651,Sim,0.6008317675037389,-0.04400795027160584
3519808,Sinistros com vítimas feridas (estradas e rodovias),7969,Sim,0.37326352944026303,0.07938485903301912
3519907,Sinistros com vítimas feridas (estradas e rodovias),7739,Sim,0.2622200385734721,-0.10719587541586074
3520004,Sinistros com vítimas feridas (estradas e rodovias),23430,Sim,0.059428435497870996,0.17699682146857387
3520103,Sinistros com vítimas feridas (estradas e rodovias),26755,Sim,0.020607069755860137,-0.2101873978356914
3520202,Sinistros com vítimas feridas (estradas e rodovias),10904,Sim,0.51298955687999,-0.057683809119636976
3520301,Sinistros com vítimas feridas (estradas e rodovias),29881,Sim,0.3135860637880118,0.08866835917958393
3520400,Sinistros com vítimas feridas (estradas e rodovias),36329,Sim,0.9626595111286443,0.006756122765973587
3520426,Sinistros com vítimas feridas (estradas e rodovias),13955,Sim,NA,NA
3520442,Sinistros com vítimas feridas (estradas e rodovias),26240,Sim,0.016367390370995265,-0.22349905764487252
3520509,Sinistros com vítimas feridas (estradas e rodovias),267796,Sim,0.28635726149698115,-0.08820083715879831
3520608,Sinistros com vítimas feridas (estradas e rodovias),5191,Não,0.1592521220884671,-0.12994796424365587
3520707,Sinistros com vítimas feridas (estradas e rodovias),4109,Não,0.5649136275794668,-0.05669129292024368
3520806,Sinistros com vítimas feridas (estradas e rodovias),3671,Sim,0.1527943672293498,-0.1361058750838347
3520905,Sinistros com vítimas feridas (estradas e rodovias),13933,Sim,0.6888409538344928,-0.037097056469242336
3521002,Sinistros com vítimas feridas (estradas e rodovias),37999,Sim,0.75368752393586,0.03090003329953342
3521101,Sinistros com vítimas feridas (estradas e rodovias),6999,Não,0.2828936147776761,-0.09982936275187196
3521150,Sinistros com vítimas feridas (estradas e rodovias),7037,Sim,0.5197912027483305,0.060804609393190684
3521200,Sinistros com vítimas feridas (estradas e rodovias),4091,Não,0.20093417026934662,-0.12418880488383684
3521309,Sinistros com vítimas feridas (estradas e rodovias),14691,Sim,0.09021466836017758,-0.16007900648325576
3521408,Sinistros com vítimas feridas (estradas e rodovias),22435,Sim,0.900305952387207,-0.01174606539802733
3521507,Sinistros com vítimas feridas (estradas e rodovias),6946,Não,0.33583495883469555,-0.09161153254911605
3521606,Sinistros com vítimas feridas (estradas e rodovias),7145,Não,0.7735651507798805,0.027008610123743112
3521705,Sinistros com vítimas feridas (estradas e rodovias),18258,Sim,0.013130011964964924,0.21910002123995803
3521804,Sinistros com vítimas feridas (estradas e rodovias),25930,Sim,0.06897349955031609,0.1562818377361466
3521903,Sinistros com vítimas feridas (estradas e rodovias),17420,Não,0.6056711382229243,0.04823916944705158
3522000,Sinistros com vítimas feridas (estradas e rodovias),3702,Não,0.009136056864964728,-0.24476591921186583
3522109,Sinistros com vítimas feridas (estradas e rodovias),117435,Sim,0.9364562261671839,0.006929693017760812
3522158,Sinistros com vítimas feridas (estradas e rodovias),3490,Não,NA,NA
3522208,Sinistros com vítimas feridas (estradas e rodovias),163928,Sim,0.006323317110116065,0.2231392301617374
3522307,Sinistros com vítimas feridas (estradas e rodovias),163774,Sim,0.03347181154029799,0.17527410776619126
3522406,Sinistros com vítimas feridas (estradas e rodovias),92324,Sim,0.5345019950320933,0.051924890752216284
3522505,Sinistros com vítimas feridas (estradas e rodovias),241924,Sim,0.0035609082195703946,0.2405208735104323
3522604,Sinistros com vítimas feridas (estradas e rodovias),73919,Sim,0.06613053898776812,0.15493099536564042
3522653,Sinistros com vítimas feridas (estradas e rodovias),4405,Não,NA,NA
3522703,Sinistros com vítimas feridas (estradas e rodovias),40464,Sim,0.8593494482514323,0.016076837984062016
3522802,Sinistros com vítimas feridas (estradas e rodovias),14260,Sim,0.6739843527499833,0.03863256439135342
3522901,Sinistros com vítimas feridas (estradas e rodovias),13984,Não,0.004754466575532384,-0.2674959191650342
3523008,Sinistros com vítimas feridas (estradas e rodovias),4014,Não,0.04922931970613613,-0.18501754448089064
3523107,Sinistros com vítimas feridas (estradas e rodovias),382521,Sim,0.003476292901568518,0.24218947333774668
3523206,Sinistros com vítimas feridas (estradas e rodovias),45327,Sim,0.8654554740790187,0.015276668460170176
3523305,Sinistros com vítimas feridas (estradas e rodovias),15762,Sim,0.8850510009051912,0.012945666199409636
3523404,Sinistros com vítimas feridas (estradas e rodovias),126403,Sim,3.440025494682027e-6,0.3822056534989633
3523503,Sinistros com vítimas feridas (estradas e rodovias),19427,Sim,0.030212201604312983,-0.1878965569394338
3523602,Sinistros com vítimas feridas (estradas e rodovias),16433,Sim,0.005688202236652558,-0.23811863857950985
3523701,Sinistros com vítimas feridas (estradas e rodovias),5861,Não,0.6732758222196631,0.04004003014371774
3523800,Sinistros com vítimas feridas (estradas e rodovias),8210,Sim,0.27648870009868665,-0.10238431865352088
3523909,Sinistros com vítimas feridas (estradas e rodovias),174561,Sim,0.16344333691909835,0.11306882290825876
3524006,Sinistros com vítimas feridas (estradas e rodovias),74119,Sim,0.8832359672229587,-0.012766822814522648
3524105,Sinistros com vítimas feridas (estradas e rodovias),38451,Sim,0.11755009591268041,-0.13828379521588133
3524204,Sinistros com vítimas feridas (estradas e rodovias),6293,Sim,0.7282214454008213,-0.03398817715824887
3524303,Sinistros com vítimas feridas (estradas e rodovias),73467,Sim,0.03979206924781126,-0.17283693418874602
3524402,Sinistros com vítimas feridas (estradas e rodovias),249968,Sim,0.10467449442223244,0.13334907753129857
3524501,Sinistros com vítimas feridas (estradas e rodovias),7878,Não,0.393433186994438,0.07766644994983965
3524600,Sinistros com vítimas feridas (estradas e rodovias),16254,Sim,0.36691380425058095,0.07572694872219417
3524709,Sinistros com vítimas feridas (estradas e rodovias),61801,Sim,0.3450646963610808,0.07936005467381449
3524808,Sinistros com vítimas feridas (estradas e rodovias),50017,Sim,0.49829723026143563,-0.0581495955729064
3524907,Sinistros com vítimas feridas (estradas e rodovias),6575,Não,0.40285789818544915,0.07585584796566623
3525003,Sinistros com vítimas feridas (estradas e rodovias),121988,Sim,0.6696462566952691,0.03781332647649365
3525102,Sinistros com vítimas feridas (estradas e rodovias),46868,Sim,0.8539326870439363,0.015836447034058513
3525201,Sinistros com vítimas feridas (estradas e rodovias),39531,Sim,0.017387162391294033,0.20030391633132205
3525300,Sinistros com vítimas feridas (estradas e rodovias),137323,Sim,0.4843552386929696,-0.058928426850732435
3525409,Sinistros com vítimas feridas (estradas e rodovias),3976,Não,0.0717592758244719,-0.1729620570941998
3525508,Sinistros com vítimas feridas (estradas e rodovias),13095,Não,0.7214480109347348,0.03378321608803542
3525607,Sinistros com vítimas feridas (estradas e rodovias),4456,Não,0.24995003611493016,-0.10789025051191556
3525706,Sinistros com vítimas feridas (estradas e rodovias),37859,Sim,0.4624317828087853,-0.06336982981565967
3525805,Sinistros com vítimas feridas (estradas e rodovias),4308,Não,0.19656925648246412,0.12068509465220656
3525854,Sinistros com vítimas feridas (estradas e rodovias),3123,Não,0.49771914759618147,0.06064467951806301
3525904,Sinistros com vítimas feridas (estradas e rodovias),460313,Sim,0.9181249733608257,0.008644343845352096
3526001,Sinistros com vítimas feridas (estradas e rodovias),20878,Sim,0.02711940590218739,-0.19729772625738465
3526100,Sinistros com vítimas feridas (estradas e rodovias),17255,Sim,0.7939073055736346,-0.022507042357475728
3526209,Sinistros com vítimas feridas (estradas e rodovias),28007,Sim,0.35743948457559344,-0.07727213302245066
3526308,Sinistros com vítimas feridas (estradas e rodovias),5182,Não,0.17351574081101878,-0.12959363225685697
3526407,Sinistros com vítimas feridas (estradas e rodovias),27009,Sim,0.8589994367786931,0.015768924527032942
3526506,Sinistros com vítimas feridas (estradas e rodovias),9909,Não,0.48309574824439383,-0.06694101100528915
3526605,Sinistros com vítimas feridas (estradas e rodovias),7328,Não,0.34018923590667444,0.08213928512294764
3526704,Sinistros com vítimas feridas (estradas e rodovias),101316,Sim,0.7354049644951495,0.029193489628054917
3526803,Sinistros com vítimas feridas (estradas e rodovias),68395,Sim,0.4599075686262545,0.06278586221556438
3526902,Sinistros com vítimas feridas (estradas e rodovias),300728,Sim,0.0046709397239217245,0.23075397406642356
3527009,Sinistros com vítimas feridas (estradas e rodovias),7147,Sim,0.04298046642252061,-0.17959350454089895
3527108,Sinistros com vítimas feridas (estradas e rodovias),76729,Sim,0.566776009929484,0.048715417723799566
3527207,Sinistros com vítimas feridas (estradas e rodovias),87370,Sim,0.46950314106742924,0.060944524455861744
3527256,Sinistros com vítimas feridas (estradas e rodovias),1968,Não,NA,NA
3527306,Sinistros com vítimas feridas (estradas e rodovias),54111,Sim,0.1420574049724321,-0.12431830496175576
3527405,Sinistros com vítimas feridas (estradas e rodovias),20372,Sim,0.08397084815298687,-0.16226511926531664
3527504,Sinistros com vítimas feridas (estradas e rodovias),2419,Não,0.4774034061470319,-0.06874317928613748
3527603,Sinistros com vítimas feridas (estradas e rodovias),12531,Sim,0.5013523261919715,-0.06138937556337025
3527702,Sinistros com vítimas feridas (estradas e rodovias),4751,Não,0.21756420749159175,0.11941527147003402
3527801,Sinistros com vítimas feridas (estradas e rodovias),4017,Não,0.12324067944284506,0.1472014785621731
3527900,Sinistros com vítimas feridas (estradas e rodovias),2699,Não,0.10735020386091741,0.15575202106846397
3528007,Sinistros com vítimas feridas (estradas e rodovias),17120,Não,0.024000590032078172,-0.20735131641322474
3528106,Sinistros com vítimas feridas (estradas e rodovias),7587,Não,0.003858091219285633,-0.2759506447878579
3528205,Sinistros com vítimas feridas (estradas e rodovias),4048,Sim,0.050140480582696635,-0.18689313078256053
3528304,Sinistros com vítimas feridas (estradas e rodovias),3212,Não,0.27228883416308947,-0.10461448875481012
3528403,Sinistros com vítimas feridas (estradas e rodovias),51660,Sim,0.005224428412923975,0.236099900837547
3528502,Sinistros com vítimas feridas (estradas e rodovias),97399,Sim,0.001737088983616617,0.25509506922659864
3528601,Sinistros com vítimas feridas (estradas e rodovias),10092,Não,0.9583838306634599,-0.005823161793360276
3528700,Sinistros com vítimas feridas (estradas e rodovias),4627,Não,0.9515352355860862,-0.006578298858881042
3528809,Sinistros com vítimas feridas (estradas e rodovias),12826,Não,0.573771776008891,-0.050538749502542814
3528858,Sinistros com vítimas feridas (estradas e rodovias),3392,Não,NA,NA
3528908,Sinistros com vítimas feridas (estradas e rodovias),3539,Sim,0.2601996540889066,-0.10859154559550316
3529005,Sinistros com vítimas feridas (estradas e rodovias),246627,Sim,0.02717613829829875,-0.17991348068935245
3529104,Sinistros com vítimas feridas (estradas e rodovias),1870,Não,0.30204783084071746,-0.09942156899341148
3529203,Sinistros com vítimas feridas (estradas e rodovias),25299,Sim,0.10619567124271699,-0.13948407872275057
3529302,Sinistros com vítimas feridas (estradas e rodovias),80998,Sim,0.04262265420771313,-0.17126570048920978
3529401,Sinistros com vítimas feridas (estradas e rodovias),429380,Sim,0.16172115092542,-0.13362680835084945
3529500,Sinistros com vítimas feridas (estradas e rodovias),6369,Não,0.273920546682888,-0.1031118671723612
3529609,Sinistros com vítimas feridas (estradas e rodovias),4697,Não,0.9409811225721968,-0.007328634589977868
3529658,Sinistros com vítimas feridas (estradas e rodovias),1988,Não,NA,NA
3529708,Sinistros com vítimas feridas (estradas e rodovias),19655,Sim,0.04790733488034229,-0.183367298702109
3529807,Sinistros com vítimas feridas (estradas e rodovias),11349,Não,0.28812276134595627,-0.09803085862096647
3529906,Sinistros com vítimas feridas (estradas e rodovias),18679,Sim,0.34045567690839595,-0.07898041269215493
3530003,Sinistros com vítimas feridas (estradas e rodovias),3199,Não,1,-0.0015979151221374977
3530102,Sinistros com vítimas feridas (estradas e rodovias),28737,Sim,0.19977615606763222,-0.11811363750634538
3530201,Sinistros com vítimas feridas (estradas e rodovias),16069,Não,0.27890161090119037,-0.1010111605159967
3530300,Sinistros com vítimas feridas (estradas e rodovias),65485,Sim,0.0904404166481591,-0.14076524062148874
3530409,Sinistros com vítimas feridas (estradas e rodovias),4771,Sim,0.5953397682546244,-0.05056453358549166
3530508,Sinistros com vítimas feridas (estradas e rodovias),69324,Sim,0.11704029347460235,-0.1344618914995554
3530607,Sinistros com vítimas feridas (estradas e rodovias),468120,Sim,0.17874797637274292,0.1101716706315403
3530706,Sinistros com vítimas feridas (estradas e rodovias),159735,Sim,0.7961897098256812,0.02169847433558456
3530805,Sinistros com vítimas feridas (estradas e rodovias),95534,Sim,0.058633889825374624,-0.15572023628208514
3530904,Sinistros com vítimas feridas (estradas e rodovias),3815,Não,0.8801753493997122,0.015538869501971132
3531001,Sinistros com vítimas feridas (estradas e rodovias),1954,Sim,0.040814211816460375,-0.19762084393633061
3531100,Sinistros com vítimas feridas (estradas e rodovias),64519,Sim,0.03404096297207621,0.17651268636930276
3531209,Sinistros com vítimas feridas (estradas e rodovias),8873,Sim,0.7287579217390572,-0.03360489336150583
3531308,Sinistros com vítimas feridas (estradas e rodovias),48725,Sim,0.8635714030424388,-0.015126991633415533
3531407,Sinistros com vítimas feridas (estradas e rodovias),22650,Não,0.09179827541203925,-0.14940947862900533
3531506,Sinistros com vítimas feridas (estradas e rodovias),18363,Sim,0.5245806167296045,0.05760492053444015
3531605,Sinistros com vítimas feridas (estradas e rodovias),4301,Não,0.5334438468194675,-0.059621203763842126
3531704,Sinistros com vítimas feridas (estradas e rodovias),4205,Não,0.37318159294125175,0.0821281234784804
3531803,Sinistros com vítimas feridas (estradas e rodovias),67296,Sim,0.45147734436598475,-0.06369733629798317
3531902,Sinistros com vítimas feridas (estradas e rodovias),28561,Sim,0.4530287822037651,0.06998960923728643
3532009,Sinistros com vítimas feridas (estradas e rodovias),14081,Sim,0.5406362770806173,0.055400206680983416
3532058,Sinistros com vítimas feridas (estradas e rodovias),4079,Não,0.3337778247136527,0.09427699220611237
3532108,Sinistros com vítimas feridas (estradas e rodovias),3763,Não,0.3517453699701399,-0.09029448177000256
3532157,Sinistros com vítimas feridas (estradas e rodovias),2699,Não,0.9375616206233207,-0.008373764573573332
3532207,Sinistros com vítimas feridas (estradas e rodovias),5908,Não,0.443905994267683,-0.07377281836896273
3532306,Sinistros com vítimas feridas (estradas e rodovias),7134,Sim,0.04323635837297576,-0.1889806051308279
3532405,Sinistros com vítimas feridas (estradas e rodovias),18620,Sim,0.4597466993944827,-0.06347846358293119
3532504,Sinistros com vítimas feridas (estradas e rodovias),9921,Não,0.09489882326392671,-0.15640633431864648
3532603,Sinistros com vítimas feridas (estradas e rodovias),9944,Não,0.008506945419194943,-0.23525880126149304
3532702,Sinistros com vítimas feridas (estradas e rodovias),4860,Sim,0.7142906862895858,-0.036257362171265975
3532801,Sinistros com vítimas feridas (estradas e rodovias),6858,Não,0.8835586062370573,-0.014705626346032924
3532827,Sinistros com vítimas feridas (estradas e rodovias),8631,Sim,NA,NA
3532843,Sinistros com vítimas feridas (estradas e rodovias),2058,Sim,0.49569414148064583,-0.06669398780798645
3532868,Sinistros com vítimas feridas (estradas e rodovias),1074,Não,NA,NA
3532900,Sinistros com vítimas feridas (estradas e rodovias),9459,Não,0.9003005304502535,-0.0124521062304936
3533007,Sinistros com vítimas feridas (estradas e rodovias),19725,Sim,0.8929254067458445,-0.012110461928479983
3533106,Sinistros com vítimas feridas (estradas e rodovias),2188,Não,8.284165604398421e-4,-0.3225209360546115
3533205,Sinistros com vítimas feridas (estradas e rodovias),4795,Não,0.07907539923606864,-0.16545272919834372
3533254,Sinistros com vítimas feridas (estradas e rodovias),4469,Não,0.9335864962947554,0.009620723036050561
3533304,Sinistros com vítimas feridas (estradas e rodovias),2838,Sim,0.1878734096438261,0.12764753269578105
3533403,Sinistros com vítimas feridas (estradas e rodovias),64228,Sim,0.06846654070919697,-0.155491611110056
3533502,Sinistros com vítimas feridas (estradas e rodovias),39435,Sim,0.15488884882485163,0.12609530927844373
3533601,Sinistros com vítimas feridas (estradas e rodovias),7550,Não,0.7532362742713579,0.030296929935584756
3533700,Sinistros com vítimas feridas (estradas e rodovias),4412,Não,0.0445899153414636,0.18191365107226393
3533809,Sinistros com vítimas feridas (estradas e rodovias),2540,Não,0.655609915897603,0.04271649587766728
3533908,Sinistros com vítimas feridas (estradas e rodovias),56701,Sim,0.4671661805533434,-0.061120895469774256
3534005,Sinistros com vítimas feridas (estradas e rodovias),4912,Não,0.43041030536774394,0.07030091307273664
3534104,Sinistros com vítimas feridas (estradas e rodovias),6180,Não,0.23257323771646615,-0.10781927280210593
3534203,Sinistros com vítimas feridas (estradas e rodovias),6145,Não,0.45262801494869853,0.07301615407576799
3534302,Sinistros com vítimas feridas (estradas e rodovias),39193,Sim,0.14155083961394255,-0.12569419145412533
3534401,Sinistros com vítimas feridas (estradas e rodovias),756952,Sim,0.001154579291452838,0.2653940378294771
3534500,Sinistros com vítimas feridas (estradas e rodovias),2504,Não,0.3004512506990552,0.098639243880569
3534609,Sinistros com vítimas feridas (estradas e rodovias),32099,Sim,0.20106933882028316,-0.11410353321738387
3534708,Sinistros com vítimas feridas (estradas e rodovias),106877,Sim,0.7662324786240461,-0.025242316240731387
3534757,Sinistros com vítimas feridas (estradas e rodovias),10596,Não,0.7903204866542262,-0.024382236846107002
3534807,Sinistros com vítimas feridas (estradas e rodovias),7901,Não,0.055705454726451296,-0.18384553661894587
3534906,Sinistros com vítimas feridas (estradas e rodovias),15217,Não,0.7379340809623106,-0.031838882378538554
3535002,Sinistros com vítimas feridas (estradas e rodovias),11689,Não,0.28797091042713674,-0.10177376729760032
3535101,Sinistros com vítimas feridas (estradas e rodovias),9709,Sim,0.13924061099809276,-0.13970175790023825
3535200,Sinistros com vítimas feridas (estradas e rodovias),8994,Sim,0.8377610514023921,-0.019647489661890262
3535309,Sinistros com vítimas feridas (estradas e rodovias),19767,Não,0.6700505778621407,-0.03857729752454026
3535408,Sinistros com vítimas feridas (estradas e rodovias),15214,Sim,0.012101896159951466,-0.23946909404626698
3535507,Sinistros com vítimas feridas (estradas e rodovias),42087,Sim,0.0011010651613594874,-0.28270721178385333
3535606,Sinistros com vítimas feridas (estradas e rodovias),17950,Sim,0.6823923652622246,-0.03531469211764516
3535705,Sinistros com vítimas feridas (estradas e rodovias),6211,Sim,0.8756031244188526,-0.01580572486769218
3535804,Sinistros com vítimas feridas (estradas e rodovias),19799,Sim,0.8918002943863447,0.012327208073916122
3535903,Sinistros com vítimas feridas (estradas e rodovias),4111,Não,0.4514692861231842,0.07308773715415047
3536000,Sinistros com vítimas feridas (estradas e rodovias),10729,Não,5.110557787751666e-4,-0.3120828603752692
3536109,Sinistros com vítimas feridas (estradas e rodovias),7382,Não,0.13341598009688974,0.13187017637487516
3536208,Sinistros com vítimas feridas (estradas e rodovias),19576,Sim,0.3280512089105132,-0.08501383918710109
3536257,Sinistros com vítimas feridas (estradas e rodovias),3001,Sim,1,-0.002252040921991196
3536307,Sinistros com vítimas feridas (estradas e rodovias),14837,Sim,0.00604147617782669,-0.2459692755934323
3536406,Sinistros com vítimas feridas (estradas e rodovias),8200,Sim,0.57049248379198,-0.05397337854631132
3536505,Sinistros com vítimas feridas (estradas e rodovias),115690,Sim,0.3740160776893584,0.07600783917754153
3536570,Sinistros com vítimas feridas (estradas e rodovias),2146,Não,0.8729734509224805,-0.01571416797174489
3536604,Sinistros com vítimas feridas (estradas e rodovias),7430,Não,0.02775275053695667,-0.21095652613771299
3536703,Sinistros com vítimas feridas (estradas e rodovias),46223,Sim,0.6094553641166207,0.04331045859678357
3536802,Sinistros com vítimas feridas (estradas e rodovias),6718,Não,0.675833912171393,-0.040158429261125825
3536901,Sinistros com vítimas feridas (estradas e rodovias),2848,Sim,0.9335864962947554,-0.009620723036050561
3537008,Sinistros com vítimas feridas (estradas e rodovias),15742,Sim,0.0635263507124914,-0.167838787754404
3537107,Sinistros com vítimas feridas (estradas e rodovias),44332,Sim,0.5612393935362721,-0.050626547165737334
3537156,Sinistros com vítimas feridas (estradas e rodovias),2838,Não,0.5903134182039969,0.05283215630670185
3537206,Sinistros com vítimas feridas (estradas e rodovias),11539,Sim,0.08138534782999546,0.15965306559754558
3537305,Sinistros com vítimas feridas (estradas e rodovias),63317,Sim,0.24151158004785186,-0.10105423143112828
3537404,Sinistros com vítimas feridas (estradas e rodovias),24389,Sim,0.09688479571263107,-0.15188571103474313
3537503,Sinistros com vítimas feridas (estradas e rodovias),8969,Não,0.057154761263693885,-0.1795175937704765
3537602,Sinistros com vítimas feridas (estradas e rodovias),70543,Sim,0.06689208603338216,0.15986039353960657
3537701,Sinistros com vítimas feridas (estradas e rodovias),5623,Não,0.4577174344274461,-0.07239710809611462
3537800,Sinistros com vítimas feridas (estradas e rodovias),54237,Sim,0.13133086105903027,0.12653096994176277
3537909,Sinistros com vítimas feridas (estradas e rodovias),28417,Sim,0.27443404759474105,0.09717173798633284
3538006,Sinistros com vítimas feridas (estradas e rodovias),172027,Sim,0.6695097059488688,0.035347749546263726
3538105,Sinistros com vítimas feridas (estradas e rodovias),14721,Não,0.04511754800275134,-0.1816582575602256
3538204,Sinistros com vítimas feridas (estradas e rodovias),15605,Sim,0.27217776470011046,-0.09736814392292967
3538303,Sinistros com vítimas feridas (estradas e rodovias),3296,Não,0.18008535469437717,-0.12499037440586433
3538501,Sinistros com vítimas feridas (estradas e rodovias),12570,Sim,0.9684589195855051,0.00396141073208447
3538600,Sinistros com vítimas feridas (estradas e rodovias),26764,Sim,0.44691501046922744,0.06658719424014321
3538709,Sinistros com vítimas feridas (estradas e rodovias),438827,Sim,0.24014800639115208,0.09575891976887077
3538808,Sinistros com vítimas feridas (estradas e rodovias),30261,Sim,0.7635293872081008,0.027155058510796165
3538907,Sinistros com vítimas feridas (estradas e rodovias),22743,Sim,0.8023375579806363,0.02251995287467599
3539004,Sinistros com vítimas feridas (estradas e rodovias),11076,Não,0.06638612205903631,-0.16913717807430215
3539103,Sinistros com vítimas feridas (estradas e rodovias),18836,Sim,0.5613487560529321,-0.05232392086335884
3539202,Sinistros com vítimas feridas (estradas e rodovias),26065,Sim,0.2950176220715286,-0.09106961259157224
3539301,Sinistros com vítimas feridas (estradas e rodovias),75475,Sim,0.4615316848352095,-0.06206615332655457
3539400,Sinistros com vítimas feridas (estradas e rodovias),15554,Não,0.40978879797872364,-0.07374445645325828
3539509,Sinistros com vítimas feridas (estradas e rodovias),34416,Sim,0.029090148415603166,-0.1928492614326473
3539608,Sinistros com vítimas feridas (estradas e rodovias),4454,Não,0.47693644975896415,0.06913171260515821
3539707,Sinistros com vítimas feridas (estradas e rodovias),3061,Não,0.46341724443367127,0.0719061804961874
3539806,Sinistros com vítimas feridas (estradas e rodovias),106431,Sim,0.3443693959139442,0.08755712852658834
3539905,Sinistros com vítimas feridas (estradas e rodovias),5696,Sim,0.1383959212594147,-0.14134987981824448
3540002,Sinistros com vítimas feridas (estradas e rodovias),20512,Não,0.36760421406374316,0.08316573746936928
3540101,Sinistros com vítimas feridas (estradas e rodovias),3443,Não,0.2381597535552491,-0.11341237269898358
3540200,Sinistros com vítimas feridas (estradas e rodovias),38376,Sim,0.16819201229857483,-0.12789846742483477
3540259,Sinistros com vítimas feridas (estradas e rodovias),4196,Sim,0.6251584276958024,0.047131724789927366
3540309,Sinistros com vítimas feridas (estradas e rodovias),2415,Não,0.40097804594247605,0.08183804604371463
3540408,Sinistros com vítimas feridas (estradas e rodovias),4185,Não,0.7703050625687293,0.02854758566393937
3540507,Sinistros com vítimas feridas (estradas e rodovias),10773,Sim,0.4974967595848443,0.059285542199146606
3540606,Sinistros com vítimas feridas (estradas e rodovias),58345,Sim,0.727323344020602,0.029475756101852806
3540705,Sinistros com vítimas feridas (estradas e rodovias),53940,Sim,0.03930860150617506,0.1732701251760813
3540754,Sinistros com vítimas feridas (estradas e rodovias),20767,Sim,NA,NA
3540804,Sinistros com vítimas feridas (estradas e rodovias),18994,Sim,0.9313542485127493,0.009323321701182679
3540853,Sinistros com vítimas feridas (estradas e rodovias),2599,Não,NA,NA
3540903,Sinistros com vítimas feridas (estradas e rodovias),17309,Sim,0.07772001687202161,-0.1621008194454679
3541000,Sinistros com vítimas feridas (estradas e rodovias),365577,Sim,0.7604073183999867,-0.025368285116313814
3541059,Sinistros com vítimas feridas (estradas e rodovias),5246,Não,0.046763810130160816,-0.18390629200187755
3541109,Sinistros com vítimas feridas (estradas e rodovias),3841,Não,0.49701770855594324,0.065710475839281135
3541208,Sinistros com vítimas feridas (estradas e rodovias),14772,Não,0.6825520457906038,-0.037355464002498444
3541307,Sinistros com vítimas feridas (estradas e rodovias),40383,Sim,0.5684513215206607,0.05207937354101234
3541406,Sinistros com vítimas feridas (estradas e rodovias),234083,Sim,0.9551432516299135,-0.0049878348523617255
3541505,Sinistros com vítimas feridas (estradas e rodovias),35902,NA,0.7868042854528645,0.02421548321808834
3541604,Sinistros com vítimas feridas (estradas e rodovias),35991,Sim,0.39341456756964344,-0.07422816491715596
3541653,Sinistros com vítimas feridas (estradas e rodovias),3472,Não,0.5179408544246104,-0.06113020240821396
3541703,Sinistros com vítimas feridas (estradas e rodovias),13399,Sim,0.24475914075424052,0.10821492299201517
3541802,Sinistros com vítimas feridas (estradas e rodovias),3351,Não,0.09101330967483996,-0.16238795753385568
3541901,Sinistros com vítimas feridas (estradas e rodovias),9146,Sim,0.2955988299575555,-0.09238175427256547
3542008,Sinistros com vítimas feridas (estradas e rodovias),7225,Não,0.06321516194642285,-0.17487935988878398
3542107,Sinistros com vítimas feridas (estradas e rodovias),9133,Sim,0.39839114475602455,-0.08022427524060897
3542206,Sinistros com vítimas feridas (estradas e rodovias),29305,Sim,0.3917987102810356,-0.07475078224820403
3542305,Sinistros com vítimas feridas (estradas e rodovias),4611,Não,0.6271706338268532,-0.045032866421742555
3542404,Sinistros com vítimas feridas (estradas e rodovias),20565,Não,0.13138059011028394,-0.13129752417190457
3542503,Sinistros com vítimas feridas (estradas e rodovias),7808,Não,0.5565037499823071,0.05627883239811605
3542602,Sinistros com vítimas feridas (estradas e rodovias),61732,Sim,0.307871942216864,0.08453765120404809
3542701,Sinistros com vítimas feridas (estradas e rodovias),6492,Não,0.02840945312709444,0.19171922802880928
3542800,Sinistros com vítimas feridas (estradas e rodovias),3166,Não,0.7469692905397322,-0.03019501924517909
3542909,Sinistros com vítimas feridas (estradas e rodovias),11079,Não,0.0030272967928633853,-0.27712408427994084
3543006,Sinistros com vítimas feridas (estradas e rodovias),18930,Sim,0.22402291338086236,0.11336277811113502
3543105,Sinistros com vítimas feridas (estradas e rodovias),4706,Não,0.8679739408604014,-0.016881261115806113
3543204,Sinistros com vítimas feridas (estradas e rodovias),4768,Não,0.46028954947864914,0.07170043993002112
3543238,Sinistros com vítimas feridas (estradas e rodovias),2045,Não,NA,NA
3543253,Sinistros com vítimas feridas (estradas e rodovias),7570,Sim,0.5433551702315995,-0.057431425584755884
3543303,Sinistros com vítimas feridas (estradas e rodovias),118877,Sim,0.9102269395381172,-0.009708496275697285
3543402,Sinistros com vítimas feridas (estradas e rodovias),728400,Sim,0.6201769853799075,-0.04038483806991197
3543501,Sinistros com vítimas feridas (estradas e rodovias),5647,Sim,0.5033324326095868,-0.06358809831674828
3543600,Sinistros com vítimas feridas (estradas e rodovias),4158,Sim,0.10899863539112159,-0.15381005789509802
3543709,Sinistros com vítimas feridas (estradas e rodovias),9145,Não,4.1851365304896904e-4,-0.32974344018267154
3543808,Sinistros com vítimas feridas (estradas e rodovias),9357,Sim,0.662748299567743,0.04198979529059936
3543907,Sinistros com vítimas feridas (estradas e rodovias),208857,Sim,0.28466965981900116,-0.08828487907207638
3544004,Sinistros com vítimas feridas (estradas e rodovias),32267,Sim,6.666860189971085e-5,-0.35823417507104505
3544103,Sinistros com vítimas feridas (estradas e rodovias),45317,Sim,0.014459670382635773,0.22994238187773247
3544202,Sinistros com vítimas feridas (estradas e rodovias),10453,Não,0.1132420138861919,-0.14516541256391635
3544251,Sinistros com vítimas feridas (estradas e rodovias),17533,Sim,0.11676083079578074,-0.1378256036950308
3544301,Sinistros com vítimas feridas (estradas e rodovias),11095,Não,0.5159608320137853,0.056673889112051144
3544400,Sinistros com vítimas feridas (estradas e rodovias),2741,Não,0.0192842302404738,-0.2258549274882491
3544509,Sinistros com vítimas feridas (estradas e rodovias),3965,Não,0.8462123754943303,-0.018425086190233794
3544608,Sinistros com vítimas feridas (estradas e rodovias),5185,Não,0.005966197110912023,-0.2652400401993825
3544707,Sinistros com vítimas feridas (estradas e rodovias),2519,Não,0.14152622655877484,0.14258714634810896
3544806,Sinistros com vítimas feridas (estradas e rodovias),6612,Não,0.8121236233358895,0.02297312656445376
3544905,Sinistros com vítimas feridas (estradas e rodovias),11654,Não,0.005482298024406711,-0.24451979115574987
3545001,Sinistros com vítimas feridas (estradas e rodovias),15396,Sim,0.6430136924921319,0.04188068951396019
3545100,Sinistros com vítimas feridas (estradas e rodovias),4883,Não,0.10662319797558624,-0.15638590244631304
3545159,Sinistros com vítimas feridas (estradas e rodovias),8371,Sim,0.9585593304922839,0.005306342805202064
3545209,Sinistros com vítimas feridas (estradas e rodovias),140125,Sim,0.2132913716438252,0.10306775309402665
3545308,Sinistros com vítimas feridas (estradas e rodovias),45138,Sim,0.17492152774899877,-0.11540071798369494
3545407,Sinistros com vítimas feridas (estradas e rodovias),9212,Não,0.4985750374103339,-0.06042759226723877
3545506,Sinistros com vítimas feridas (estradas e rodovias),3699,Não,0.7659448424719242,-0.029434827765542775
3545605,Sinistros com vítimas feridas (estradas e rodovias),14203,Não,0.08075738131593346,-0.1545689917483766
3545704,Sinistros com vítimas feridas (estradas e rodovias),6543,Não,0.8776259224779746,-0.01551936405421919
3545803,Sinistros com vítimas feridas (estradas e rodovias),189338,Sim,0.5133890756071837,0.0545791919490842
3546009,Sinistros com vítimas feridas (estradas e rodovias),14212,Sim,0.8020095720577417,0.024061092210271542
3546108,Sinistros com vítimas feridas (estradas e rodovias),2677,Sim,0.5070751398051545,0.06477635987547098
3546207,Sinistros com vítimas feridas (estradas e rodovias),4365,Sim,0.40411089411152595,0.07672503361239318
3546256,Sinistros com vítimas feridas (estradas e rodovias),2162,Não,0.32210027117464585,0.09238182214544989
3546306,Sinistros com vítimas feridas (estradas e rodovias),29525,Sim,0.1339041170404987,-0.1358709900068274
3546405,Sinistros com vítimas feridas (estradas e rodovias),47677,Sim,0.146343356714171,-0.12288066958978049
3546504,Sinistros com vítimas feridas (estradas e rodovias),6256,Não,0.8189886410209893,0.022537567629425815
3546603,Sinistros com vítimas feridas (estradas e rodovias),36098,Sim,0.38012323566585055,0.07734498603209519
3546702,Sinistros com vítimas feridas (estradas e rodovias),24107,Sim,0.11683678788090196,-0.1330036851900748
3546801,Sinistros com vítimas feridas (estradas e rodovias),54586,Sim,0.08317179487049935,0.14551061543302718
3546900,Sinistros com vítimas feridas (estradas e rodovias),7181,Não,0.22195432374342428,0.1140481475647725
3547007,Sinistros com vítimas feridas (estradas e rodovias),5314,Não,0.03775215032521051,-0.18948134821948603
3547106,Sinistros com vítimas feridas (estradas e rodovias),3012,Não,0.03794086253474637,-0.19390279137228913
3547205,Sinistros com vítimas feridas (estradas e rodovias),1698,Não,0.0195510351589053,-0.2208064396518099
3547304,Sinistros com vítimas feridas (estradas e rodovias),162341,Sim,0.5328036802389353,0.05273438592315518
3547403,Sinistros com vítimas feridas (estradas e rodovias),2790,Não,0.17592891495045304,-0.12826389980358663
3547502,Sinistros com vítimas feridas (estradas e rodovias),25060,Sim,0.06909400756369544,-0.15553506291391195
3547601,Sinistros com vítimas feridas (estradas e rodovias),23725,Sim,0.6349362167418193,-0.04582251021242939
3547650,Sinistros com vítimas feridas (estradas e rodovias),1686,Não,0.37971355846899835,-0.08324852314394704
3547700,Sinistros com vítimas feridas (estradas e rodovias),18045,Sim,0.03131385982955002,-0.19433901856885824
3547809,Sinistros com vítimas feridas (estradas e rodovias),778711,Sim,0.004061231092324503,0.25236860930185756
3547908,Sinistros com vítimas feridas (estradas e rodovias),6917,Não,0.48580056845126557,-0.06693724265294405
3548005,Sinistros com vítimas feridas (estradas e rodovias),23779,Sim,0.3844720807339089,-0.07512314637957128
3548054,Sinistros com vítimas feridas (estradas e rodovias),8568,Não,0.10551176761519561,-0.1510673039109292
3548104,Sinistros com vítimas feridas (estradas e rodovias),6237,Sim,0.06790405325219873,0.17138043958029467
3548203,Sinistros com vítimas feridas (estradas e rodovias),7294,Sim,0.3403638486648488,-0.08381808602933893
3548302,Sinistros com vítimas feridas (estradas e rodovias),3063,Não,0.18180593992885766,-0.12914063525797537
3548401,Sinistros com vítimas feridas (estradas e rodovias),3933,Não,0.9307302177398857,-0.008540269435016666
3548500,Sinistros com vítimas feridas (estradas e rodovias),429567,Sim,0.17972579670487396,-0.11055651229976382
3548609,Sinistros com vítimas feridas (estradas e rodovias),11948,Não,0.8949950268724494,0.013092987686544632
3548708,Sinistros com vítimas feridas (estradas e rodovias),840499,Sim,1.1922722601161814e-4,0.30796111208583515
3548807,Sinistros com vítimas feridas (estradas e rodovias),172109,Sim,1,0.0013122557304399343
3548906,Sinistros com vítimas feridas (estradas e rodovias),265294,Sim,0.10991006028232034,-0.13129675614826383
3549003,Sinistros com vítimas feridas (estradas e rodovias),2629,Não,0.6697506459147826,-0.04186882286786666
3549102,Sinistros com vítimas feridas (estradas e rodovias),95762,Sim,0.3548059562052381,-0.07797799661628257
3549201,Sinistros com vítimas feridas (estradas e rodovias),2622,Não,0.45325470475373647,-0.07375887660972097
3549250,Sinistros com vítimas feridas (estradas e rodovias),1880,Não,NA,NA
3549300,Sinistros com vítimas feridas (estradas e rodovias),2288,Não,NA,NA
3549409,Sinistros com vítimas feridas (estradas e rodovias),49815,Sim,0.2845460617881068,-0.0923645242371778
3549508,Sinistros com vítimas feridas (estradas e rodovias),7690,Não,0.927503728880484,0.009006669602114947
3549607,Sinistros com vítimas feridas (estradas e rodovias),3898,Não,0.4449810715391677,0.07284285187934383
3549706,Sinistros com vítimas feridas (estradas e rodovias),53416,Sim,5.245769149410901e-4,-0.30023407646688066
3549805,Sinistros com vítimas feridas (estradas e rodovias),501597,Sim,0.9888136031757204,-0.0015059519422433636
3549904,Sinistros com vítimas feridas (estradas e rodovias),724756,Sim,5.243486119104314e-5,0.32666451005819236
3549953,Sinistros com vítimas feridas (estradas e rodovias),16458,Sim,0.43163920159078123,0.06590208851700159
3550001,Sinistros com vítimas feridas (estradas e rodovias),10497,Sim,0.2643632131567079,0.09413031436990475
3550100,Sinistros com vítimas feridas (estradas e rodovias),38166,Sim,0.9397423183345786,0.006743349444975169
3550209,Sinistros com vítimas feridas (estradas e rodovias),32904,Sim,0.06743924838272915,0.15940371430577685
3550308,Sinistros com vítimas feridas (estradas e rodovias),11895578,Sim,1.4146662527391042e-6,0.38503713395087313
3550407,Sinistros com vítimas feridas (estradas e rodovias),39725,Sim,0.0014716614417499992,0.2708211374794795
3550506,Sinistros com vítimas feridas (estradas e rodovias),7333,Não,0.0780836317681674,0.16714250303705044
3550605,Sinistros com vítimas feridas (estradas e rodovias),81342,Sim,5.9108320448387454e-5,0.3312739143434005
3550704,Sinistros com vítimas feridas (estradas e rodovias),84019,Sim,0.6701122282424393,0.03502797965499563
3550803,Sinistros com vítimas feridas (estradas e rodovias),10484,Não,0.37241173545536116,0.0848782320686116
3550902,Sinistros com vítimas feridas (estradas e rodovias),13590,Sim,0.34797699788232933,0.08201394546300496
3551009,Sinistros com vítimas feridas (estradas e rodovias),338407,Sim,0.14763209328635438,-0.1187754981706659
3551108,Sinistros com vítimas feridas (estradas e rodovias),10632,Sim,0.002664284709872636,-0.2775851002602066
3551207,Sinistros com vítimas feridas (estradas e rodovias),3769,Não,0.6053888688805219,0.05131052285893632
3551306,Sinistros com vítimas feridas (estradas e rodovias),3187,Sim,0.9526534998633416,0.006627667647911293
3551405,Sinistros com vítimas feridas (estradas e rodovias),13058,Não,0.8506607122974154,0.017861432658757115
3551504,Sinistros com vítimas feridas (estradas e rodovias),45408,Sim,0.2953400515743703,0.09275958057725571
3551603,Sinistros com vítimas feridas (estradas e rodovias),30920,Sim,0.6948504632834991,-0.03338398605522034
3551702,Sinistros com vítimas feridas (estradas e rodovias),131600,Sim,0.41735587768844434,-0.06807599895993593
3551801,Sinistros com vítimas feridas (estradas e rodovias),12912,Sim,0.3389003219217802,-0.0839450942743365
3551900,Sinistros com vítimas feridas (estradas e rodovias),14724,Sim,0.43462831335976515,0.07402332101976053
3552007,Sinistros com vítimas feridas (estradas e rodovias),6313,Sim,0.8263239454563459,-0.020601032146034336
3552106,Sinistros com vítimas feridas (estradas e rodovias),41405,Sim,0.006646303784097833,0.22979660616236366
3552205,Sinistros com vítimas feridas (estradas e rodovias),757459,Sim,1.651084240631702e-4,0.3056810232275401
3552304,Sinistros com vítimas feridas (estradas e rodovias),7466,Sim,0.3543804940674279,-0.08989555506773875
3552403,Sinistros com vítimas feridas (estradas e rodovias),289787,Sim,1.180982430253171e-5,-0.35819953838918817
3552502,Sinistros com vítimas feridas (estradas e rodovias),318765,Sim,0.8019345741714877,0.021488654058543902
3552551,Sinistros com vítimas feridas (estradas e rodovias),3464,Sim,0.029011271514191837,-0.21165590679311233
3552601,Sinistros com vítimas feridas (estradas e rodovias),11499,Sim,0.4444661322147906,-0.07434604098677053
3552700,Sinistros com vítimas feridas (estradas e rodovias),14994,Não,0.023070089969708617,-0.21438058733774767
3552809,Sinistros com vítimas feridas (estradas e rodovias),284274,Sim,5.759922130832632e-4,-0.279133006607658
3552908,Sinistros com vítimas feridas (estradas e rodovias),6399,Sim,0.10979770792746599,-0.1464665514289781
3553005,Sinistros com vítimas feridas (estradas e rodovias),13006,Sim,0.06547953555112639,-0.17480218327735783
3553104,Sinistros com vítimas feridas (estradas e rodovias),5751,Não,0.13410033940876928,-0.14638265992942773
3553203,Sinistros com vítimas feridas (estradas e rodovias),6733,Não,0.3545175574004604,0.08807983341852386
3553302,Sinistros com vítimas feridas (estradas e rodovias),21682,Sim,0.8554832201026528,-0.018142622079089687
3553401,Sinistros com vítimas feridas (estradas e rodovias),26021,Sim,0.0253947166988173,-0.1918507664417408
3553500,Sinistros com vítimas feridas (estradas e rodovias),8122,Não,0.24041180423831612,-0.10375841783756758
3553609,Sinistros com vítimas feridas (estradas e rodovias),11936,Não,0.06993267377264728,-0.16823908730188514
3553658,Sinistros com vítimas feridas (estradas e rodovias),2652,Não,0.6701548210267957,0.04087526382897172
3553708,Sinistros com vítimas feridas (estradas e rodovias),53322,Sim,0.008401759272432389,0.22040771106548562
3553807,Sinistros com vítimas feridas (estradas e rodovias),24863,Sim,0.5509897650894617,0.052543023824170774
3553856,Sinistros com vítimas feridas (estradas e rodovias),7112,Sim,0.056205384882426365,0.17153747748380124
3553906,Sinistros com vítimas feridas (estradas e rodovias),6635,Não,0.8510446507312238,0.018431283910461994
3553955,Sinistros com vítimas feridas (estradas e rodovias),15248,Sim,0.3576482606761624,-0.08267341145911883
3554003,Sinistros com vítimas feridas (estradas e rodovias),128560,Sim,0.7428332011244133,-0.027230426830159322
3554102,Sinistros com vítimas feridas (estradas e rodovias),321298,Sim,9.289008213206296e-4,0.2684242448543873
3554201,Sinistros com vítimas feridas (estradas e rodovias),4142,Não,0.8693806122803884,0.017139228092166694
3554300,Sinistros com vítimas feridas (estradas e rodovias),22559,Sim,0.5962022364390118,-0.04808839176929131
3554409,Sinistros com vítimas feridas (estradas e rodovias),7985,Sim,0.5739179076743273,-0.0548919761033095
3554508,Sinistros com vítimas feridas (estradas e rodovias),38690,Sim,0.8569944562371999,0.015603229578624976
3554607,Sinistros com vítimas feridas (estradas e rodovias),2490,Não,0.20948237571633035,-0.12188901220080282
3554656,Sinistros com vítimas feridas (estradas e rodovias),2063,Não,0.7807798039735977,-0.02745204845441273
3554706,Sinistros com vítimas feridas (estradas e rodovias),9484,Sim,0.781768304221785,0.02552480653593931
3554755,Sinistros com vítimas feridas (estradas e rodovias),1719,Não,0.6275541321221623,0.047629676379022774
3554805,Sinistros com vítimas feridas (estradas e rodovias),53083,Sim,0.111103602829936,0.13529667110850885
3554904,Sinistros com vítimas feridas (estradas e rodovias),7013,Não,0.0968180977448204,-0.15471746641728798
3554953,Sinistros com vítimas feridas (estradas e rodovias),6947,Não,0.33433661773091994,-0.09039114322090173
3555000,Sinistros com vítimas feridas (estradas e rodovias),65416,Sim,0.7640780820583509,-0.026960196526757473
3555109,Sinistros com vítimas feridas (estradas e rodovias),16206,Sim,0.49345887319032716,-0.061569632034713516
3555208,Sinistros com vítimas feridas (estradas e rodovias),1839,Não,0.8893304486758551,-0.014141964355303528
3555307,Sinistros com vítimas feridas (estradas e rodovias),1672,Não,0.17434336333094666,-0.1306656588528234
3555356,Sinistros com vítimas feridas (estradas e rodovias),5456,Não,0.6639582520887128,0.04044759862957676
3555406,Sinistros com vítimas feridas (estradas e rodovias),96598,Sim,0.01101120838256367,0.20483336503116922
3555505,Sinistros com vítimas feridas (estradas e rodovias),5265,Não,0.6527104405758402,0.04489670750156929
3555604,Sinistros com vítimas feridas (estradas e rodovias),10627,Não,0.0027031312322429325,-0.2667564114541292
3555703,Sinistros com vítimas feridas (estradas e rodovias),1628,Sim,NA,NA
3555802,Sinistros com vítimas feridas (estradas e rodovias),8973,Não,0.3984971228049212,0.078240404941163
3555901,Sinistros com vítimas feridas (estradas e rodovias),1419,Não,NA,NA
3556008,Sinistros com vítimas feridas (estradas e rodovias),14038,Sim,0.5211237968612763,-0.05887064446756319
3556107,Sinistros com vítimas feridas (estradas e rodovias),14531,Não,0.5944999739035324,-0.04979660376957771
3556206,Sinistros com vítimas feridas (estradas e rodovias),131277,Sim,2.4768108648426086e-5,0.34446484358453566
3556305,Sinistros com vítimas feridas (estradas e rodovias),24723,Sim,0.795062558254402,0.024540513851149297
3556354,Sinistros com vítimas feridas (estradas e rodovias),10805,Sim,0.526511221742846,0.05515277058090359
3556404,Sinistros com vítimas feridas (estradas e rodovias),41226,Sim,0.33799189420280196,-0.08426180466309008
3556453,Sinistros com vítimas feridas (estradas e rodovias),52103,Sim,0.1265927750268587,0.13105948620089033
3556503,Sinistros com vítimas feridas (estradas e rodovias),119576,Sim,1.3145643506130705e-5,0.37664219551239386
3556602,Sinistros com vítimas feridas (estradas e rodovias),10294,Não,0.016182507898447527,-0.21297076445336968
3556701,Sinistros com vítimas feridas (estradas e rodovias),79235,Sim,0.3497347970754826,-0.07880300717599274
3556800,Sinistros com vítimas feridas (estradas e rodovias),17681,Sim,0.21734169609298445,0.11526591947560264
3556909,Sinistros com vítimas feridas (estradas e rodovias),8327,Sim,0.21296077796444202,-0.11913852655231641
3556958,Sinistros com vítimas feridas (estradas e rodovias),1826,Sim,0.18451280468462639,-0.12686201226605587
3557006,Sinistros com vítimas feridas (estradas e rodovias),132849,Sim,0.44922751768244074,-0.06391783783280736
3557105,Sinistros com vítimas feridas (estradas e rodovias),100159,Sim,0.1441038482218862,-0.12202267925567388
3557154,Sinistros com vítimas feridas (estradas e rodovias),2761,Não,NA,NA
3557204,Sinistros com vítimas feridas (estradas e rodovias),12411,Não,0.7092666653636989,-0.03499906172382652
3557303,Sinistros com vítimas feridas (estradas e rodovias),11566,Sim,0.300393507186787,-0.09645742112713061
3500105,Sinistros com vítimas feridas - pedestres,35642,Sim,0.6098195219162239,0.04186489133840892
3500204,Sinistros com vítimas feridas - pedestres,4478,Sim,1,5.177747511579673e-4
3500303,Sinistros com vítimas feridas - pedestres,32888,Não,0.06876519206380198,0.15113829559973518
3500402,Sinistros com vítimas feridas - pedestres,7470,Sim,0.8298224602899914,-0.019405042205982635
3500501,Sinistros com vítimas feridas - pedestres,18245,Sim,0.1741771072599063,0.11557573098023803
3500550,Sinistros com vítimas feridas - pedestres,7407,Não,0.6719684280952687,-0.036622190528614144
3500600,Sinistros com vítimas feridas - pedestres,2829,Sim,0.6459634370604075,0.04198839839461444
3500709,Sinistros com vítimas feridas - pedestres,38879,Sim,2.865966009405367e-4,0.29893569781669943
3500758,Sinistros com vítimas feridas - pedestres,6330,Não,0.5468972281105299,-0.05285491579612601
3500808,Sinistros com vítimas feridas - pedestres,4556,Não,0.44342538766851586,0.0703166616941503
3500907,Sinistros com vítimas feridas - pedestres,3479,Não,0.30838586407497703,-0.09472417848948082
3501004,Sinistros com vítimas feridas - pedestres,17156,Sim,0.8825429017983248,0.012969126619975091
3501103,Sinistros com vítimas feridas - pedestres,3883,Não,0.9254243139749998,-0.009102781645922148
3501152,Sinistros com vítimas feridas - pedestres,17591,Sim,0.05559742338420508,0.16244312358143942
3501202,Sinistros com vítimas feridas - pedestres,3978,Não,0.24705163212145825,0.10525055959971223
3501301,Sinistros com vítimas feridas - pedestres,28250,Não,0.29942351380020715,0.08692778875132803
3501400,Sinistros com vítimas feridas - pedestres,4896,Não,0.15612999231093966,0.13404226834945646
3501509,Sinistros com vítimas feridas - pedestres,2923,Não,0.2830852896516619,-0.10271392059671636
3501608,Sinistros com vítimas feridas - pedestres,246655,Sim,0.006012228121017654,0.2207815067534613
3501707,Sinistros com vítimas feridas - pedestres,33757,Sim,0.3152650172912139,0.08496090301494368
3501806,Sinistros com vítimas feridas - pedestres,5975,Sim,0.9842383083462942,-0.002199633003372151
3501905,Sinistros com vítimas feridas - pedestres,69717,Sim,0.005299778126204309,0.22628451199516178
3502002,Sinistros com vítimas feridas - pedestres,4684,Não,0.6918561338182935,0.03698667794847152
3502101,Sinistros com vítimas feridas - pedestres,61473,Sim,0.023984911695542274,0.182220185011447
3502200,Sinistros com vítimas feridas - pedestres,24512,Sim,0.8979610580616046,0.01126335387714382
3502309,Sinistros com vítimas feridas - pedestres,5766,Não,0.3571858075142157,-0.08323434831601202
3502408,Sinistros com vítimas feridas - pedestres,4108,Não,0.9339250983988088,0.008114466032663144
3502507,Sinistros com vítimas feridas - pedestres,33223,Sim,0.004155728845583221,0.2353271134762295
3502606,Sinistros com vítimas feridas - pedestres,4124,Não,0.12766423934620766,-0.13531308875677958
3502705,Sinistros com vítimas feridas - pedestres,24886,Sim,0.019605266817671156,0.19618378788987306
3502754,Sinistros com vítimas feridas - pedestres,22168,Sim,0.06124528525640925,0.15405486180328493
3502804,Sinistros com vítimas feridas - pedestres,207775,Sim,0.24878753239795376,0.09248799467271562
3502903,Sinistros com vítimas feridas - pedestres,33656,Sim,0.792142744550556,0.022244368662587624
3503000,Sinistros com vítimas feridas - pedestres,5526,Não,0.6556360435578492,0.03996465182620617
3503109,Sinistros com vítimas feridas - pedestres,7050,Sim,0.7575368294646345,-0.02861050245614225
3503158,Sinistros com vítimas feridas - pedestres,2355,Não,0.2087951684322481,0.12171699048994715
3503208,Sinistros com vítimas feridas - pedestres,252318,Sim,1.9132912826630267e-4,0.2979010707550276
3503307,Sinistros com vítimas feridas - pedestres,135331,Sim,0.011595567584338265,0.2037190006675064
3503356,Sinistros com vítimas feridas - pedestres,2085,Não,0.9400802277088371,-0.0077084467141150855
3503406,Sinistros com vítimas feridas - pedestres,8280,Sim,0.7292461363589742,0.030499325418784765
3503505,Sinistros com vítimas feridas - pedestres,3625,Não,0.6806433967785379,0.03968345790913573
3503604,Sinistros com vítimas feridas - pedestres,10257,Não,0.08465517506420145,0.15727226808582187
3503703,Sinistros com vítimas feridas - pedestres,7653,Não,0.41682848370567216,-0.07237871474459695
3503802,Sinistros com vítimas feridas - pedestres,53157,Sim,0.5511481490540957,0.0493767486887876
3503901,Sinistros com vítimas feridas - pedestres,89943,Sim,0.007039071809493458,0.22025630063504956
3503950,Sinistros com vítimas feridas - pedestres,1873,Sim,0.7833973471031558,0.02638410520537317
3504008,Sinistros com vítimas feridas - pedestres,104642,Sim,1.4263618037101598e-5,0.3485362494472655
3504107,Sinistros com vítimas feridas - pedestres,166043,Sim,0.6005469171188562,0.04261662640381428
3504206,Sinistros com vítimas feridas - pedestres,13873,Não,0.8165601868271617,0.01997393902671872
3504305,Sinistros com vítimas feridas - pedestres,4519,Sim,0.06185062266394175,-0.1664844896109063
3504404,Sinistros com vítimas feridas - pedestres,11438,Não,0.48822324033437675,-0.059947958198076676
3504503,Sinistros com vítimas feridas - pedestres,96098,Sim,0.951500903036978,0.005307534358178978
3504602,Sinistros com vítimas feridas - pedestres,28909,Não,1.7580977862092283e-4,0.3116134955166572
3504701,Sinistros com vítimas feridas - pedestres,3963,Não,0.5958983295659636,0.0509485245398267
3504800,Sinistros com vítimas feridas - pedestres,9854,Não,0.9427975349232054,0.006587662990110854
3504909,Sinistros com vítimas feridas - pedestres,10109,Sim,0.2595569319194609,0.1040550554279646
3505005,Sinistros com vítimas feridas - pedestres,3618,Não,0.4294644623943254,0.0761308687973508
3505104,Sinistros com vítimas feridas - pedestres,5659,Não,0.6923339099705177,-0.035807723510647545
3505203,Sinistros com vítimas feridas - pedestres,32405,Sim,0.8950672535209598,0.011335978113330022
3505302,Sinistros com vítimas feridas - pedestres,35159,Sim,0.7136299464011719,-0.030817240293317467
3505351,Sinistros com vítimas feridas - pedestres,5256,Não,0.2340892532145266,0.11434181662390307
3505401,Sinistros com vítimas feridas - pedestres,6922,Sim,0.03265766592649033,0.17485557887682102
3505500,Sinistros com vítimas feridas - pedestres,126600,Sim,0.6913697251984892,0.032193615477616365
3505609,Sinistros com vítimas feridas - pedestres,33181,Não,0.8569583885755261,0.01562350668864721
3505708,Sinistros com vítimas feridas - pedestres,330339,Sim,5.816323252614728e-7,0.4003927450005025
3505807,Sinistros com vítimas feridas - pedestres,21900,Sim,0.30034277409671445,-0.08826929545350504
3505906,Sinistros com vítimas feridas - pedestres,59873,Sim,7.109694080341207e-5,0.32249363799418695
3506003,Sinistros com vítimas feridas - pedestres,391740,Sim,6.776308446356049e-6,-0.3594104782344326
3506102,Sinistros com vítimas feridas - pedestres,78210,Sim,0.05126886021837174,0.15743226219493775
3506201,Sinistros com vítimas feridas - pedestres,2642,Não,0.5750950733239635,0.05351021351844762
3506300,Sinistros com vítimas feridas - pedestres,11852,Sim,0.9314332594659082,0.007785509015711183
3506359,Sinistros com vítimas feridas - pedestres,66873,Sim,2.063200319174845e-5,0.3436202525618471
3506409,Sinistros com vítimas feridas - pedestres,7455,Não,0.276875982209557,0.09497479815491425
3506508,Sinistros com vítimas feridas - pedestres,122988,Sim,0.9664664348246869,-0.003746280677389542
3506607,Sinistros com vítimas feridas - pedestres,30526,Sim,0.6862736839609997,-0.03467043568810619
3506706,Sinistros com vítimas feridas - pedestres,13135,Sim,0.034321418583621234,-0.18396169671611043
3506805,Sinistros com vítimas feridas - pedestres,11467,Sim,0.8968094546658455,0.011701130118080504
3506904,Sinistros com vítimas feridas - pedestres,10688,Não,0.5418273537341131,-0.052550594444142
3507001,Sinistros com vítimas feridas - pedestres,63415,Sim,0.8663012255230185,-0.01399720159602309
3507100,Sinistros com vítimas feridas - pedestres,22501,Sim,4.040826819889823e-4,0.2953124863187266
3507159,Sinistros com vítimas feridas - pedestres,3610,Não,0.8129326384450035,0.022695704747754987
3507209,Sinistros com vítimas feridas - pedestres,928,Não,0.6195742043109966,0.048150202335090146
3507308,Sinistros com vítimas feridas - pedestres,4823,Não,0.03260775203096406,-0.19599974772888706
3507407,Sinistros com vítimas feridas - pedestres,14415,Não,0.4536269600498531,0.06377882631251772
3507456,Sinistros com vítimas feridas - pedestres,2787,Não,0.003695697808448707,0.27212847859888806
3507506,Sinistros com vítimas feridas - pedestres,150442,Sim,0.013793412638973643,0.19817960113522523
3507605,Sinistros com vítimas feridas - pedestres,184634,Sim,0.5910812753098316,0.043522899749711616
3507704,Sinistros com vítimas feridas - pedestres,5466,Não,0.6454812544029013,0.04268124136899909
3507753,Sinistros com vítimas feridas - pedestres,2605,Não,0.3509202129198908,-0.0874463568933853
3507803,Sinistros com vítimas feridas - pedestres,26167,Sim,0.07434754250753635,0.14970215382795532
3507902,Sinistros com vítimas feridas - pedestres,24423,Sim,9.343806027168709e-7,0.40433556220598854
3508009,Sinistros com vítimas feridas - pedestres,20674,Sim,0.6665804690087873,0.03819167115042544
3508108,Sinistros com vítimas feridas - pedestres,17597,Sim,0.19237811931392493,0.11049453536726894
3508207,Sinistros com vítimas feridas - pedestres,4447,Sim,0.02296578019546308,0.1998345558995763
3508306,Sinistros com vítimas feridas - pedestres,4362,Não,0.757171238021278,-0.028903951185058417
3508405,Sinistros com vítimas feridas - pedestres,48473,Sim,0.7989832741607872,-0.021517036829431842
3508504,Sinistros com vítimas feridas - pedestres,99678,Sim,3.78409709326527e-11,0.5326992574849011
3508603,Sinistros com vítimas feridas - pedestres,32482,Sim,3.131870167168238e-6,0.3832882569277526
3508702,Sinistros com vítimas feridas - pedestres,17266,Não,0.01352299153670201,0.2159996450732624
3508801,Sinistros com vítimas feridas - pedestres,16905,Sim,0.0969597938424908,-0.1407336188668134
3508900,Sinistros com vítimas feridas - pedestres,3745,Sim,0.41037993240855664,-0.07759168973320339
3509007,Sinistros com vítimas feridas - pedestres,98257,Sim,0.016566159869493568,0.19520444780604185
3509106,Sinistros com vítimas feridas - pedestres,5585,Não,0.1004456789753885,0.15507819877492138
3509205,Sinistros com vítimas feridas - pedestres,97363,Sim,7.78233373945189e-6,-0.3641289972497494
3509254,Sinistros com vítimas feridas - pedestres,29257,Sim,0.001800220751296306,0.2548022790697617
3509304,Sinistros com vítimas feridas - pedestres,9232,Sim,0.035329877630528354,-0.18863918763450885
3509403,Sinistros com vítimas feridas - pedestres,24217,Sim,0.12000307416368738,0.1308725059971991
3509452,Sinistros com vítimas feridas - pedestres,6077,Sim,0.8870662373199457,-0.013588435848450797
3509502,Sinistros com vítimas feridas - pedestres,1185977,Sim,0.005713755837991538,0.22077782840499302
3509601,Sinistros com vítimas feridas - pedestres,79663,Sim,1.9755783524335802e-10,0.516469637171801
3509700,Sinistros com vítimas feridas - pedestres,47983,Sim,1.6988216975060986e-5,0.3498690716130549
3509809,Sinistros com vítimas feridas - pedestres,4991,Não,0.5802214366667373,0.051337656230588495
3509908,Sinistros com vítimas feridas - pedestres,12489,Sim,0.760991763735509,-0.026936709264044033
3509957,Sinistros com vítimas feridas - pedestres,5049,Não,0.17947315464016683,0.11625610490995632
3510005,Sinistros com vítimas feridas - pedestres,30172,Sim,0.49182860286367774,0.057390668726133784
3510104,Sinistros com vítimas feridas - pedestres,2951,Não,0.27821828261024045,0.10264202076833343
3510153,Sinistros com vítimas feridas - pedestres,6524,Não,0.06304970085945144,0.1628520932027903
3510203,Sinistros com vítimas feridas - pedestres,47403,Sim,0.9103319830198866,0.009638087234942836
3510302,Sinistros com vítimas feridas - pedestres,23597,Sim,0.002226747746840455,0.26030982809548187
3510401,Sinistros com vítimas feridas - pedestres,51318,Sim,0.029096755371593955,-0.17811918328763604
3510500,Sinistros com vítimas feridas - pedestres,141084,Sim,0.12190145456718028,0.12480303475973703
3510609,Sinistros com vítimas feridas - pedestres,398462,Sim,3.393060081505907e-5,0.33406563604985323
3510708,Sinistros com vítimas feridas - pedestres,11491,Não,0.8389919074373167,-0.017442259413543177
3510807,Sinistros com vítimas feridas - pedestres,28786,Sim,0.01701274170299285,0.1973437080824589
3510906,Sinistros com vítimas feridas - pedestres,2855,Não,0.1459987052374024,-0.1388274452107049
3511003,Sinistros com vítimas feridas - pedestres,20418,Não,0.6962499226554179,0.03274751516945052
3511102,Sinistros com vítimas feridas - pedestres,119172,Sim,0.0028291105993368502,-0.2404923899144286
3511201,Sinistros com vítimas feridas - pedestres,7105,Não,0.6208971954655074,0.0430172277688645
3511300,Sinistros com vítimas feridas - pedestres,13160,Não,3.3858231355831716e-5,0.3454558615137149
3511409,Sinistros com vítimas feridas - pedestres,22076,Sim,0.8979564793266757,0.011337929976774916
3511508,Sinistros com vítimas feridas - pedestres,46217,Sim,0.2759660629983113,0.09000782075256404
3511607,Sinistros com vítimas feridas - pedestres,19588,Sim,0.025377234773359344,0.18802374749657974
3511706,Sinistros com vítimas feridas - pedestres,15798,Sim,0.2025109471963665,0.1100576801117702
3511904,Sinistros com vítimas feridas - pedestres,7087,Não,0.8884054124645286,-0.012662987874549229
3512001,Sinistros com vítimas feridas - pedestres,18842,Sim,0.3609585178331254,-0.07723302026130459
3512100,Sinistros com vítimas feridas - pedestres,6781,Não,0.9609802613838793,0.004765043289110088
3512209,Sinistros com vítimas feridas - pedestres,29034,Sim,0.05134336955289333,0.16452442822626803
3512308,Sinistros com vítimas feridas - pedestres,15381,Sim,0.3033135158386368,0.08843871169896039
3512407,Sinistros com vítimas feridas - pedestres,25130,Sim,0.028827423781164298,0.18137316174854837
3512506,Sinistros com vítimas feridas - pedestres,5498,Não,0.8298690162401345,-0.018904938316830235
3512605,Sinistros com vítimas feridas - pedestres,4295,Não,0.974152351917875,-0.003543250233156483
3512704,Sinistros com vítimas feridas - pedestres,4285,Não,0.1920922337724083,0.11219893541631072
3512803,Sinistros com vítimas feridas - pedestres,61204,Sim,0.293798358218693,-0.08779650036679197
3512902,Sinistros com vítimas feridas - pedestres,8968,Sim,0.42369152724444575,0.0686609448861455
3513009,Sinistros com vítimas feridas - pedestres,287004,Sim,0.28262119107068384,0.08662121243494743
3513108,Sinistros com vítimas feridas - pedestres,34252,Sim,0.8914776324998889,0.011671609162666548
3513207,Sinistros com vítimas feridas - pedestres,9543,Sim,0.847942018623009,-0.016978340670671305
3513306,Sinistros com vítimas feridas - pedestres,2129,Não,0.8186628536470641,-0.022817548148677494
3513405,Sinistros com vítimas feridas - pedestres,76513,Sim,0.09844367409817972,0.1345709775520332
3513504,Sinistros com vítimas feridas - pedestres,115082,Sim,0.1046407942022897,-0.13162391852023597
3513603,Sinistros com vítimas feridas - pedestres,22456,Sim,3.202301757762357e-7,0.4331422167671654
3513702,Sinistros com vítimas feridas - pedestres,32622,Não,0.0021222556245045973,0.2540523409509059
3513801,Sinistros com vítimas feridas - pedestres,404118,Sim,0.14729808603657207,-0.11715506177928081
3513850,Sinistros com vítimas feridas - pedestres,1641,Não,0.24031673310765234,0.11376163163439505
3513900,Sinistros com vítimas feridas - pedestres,11314,Não,0.17308184773657218,0.11904040995055877
3514007,Sinistros com vítimas feridas - pedestres,8958,Sim,0.0031814161261620342,0.25432804729948394
3514106,Sinistros com vítimas feridas - pedestres,24855,Sim,0.37440990117083534,-0.07555935648581137
3514205,Sinistros com vítimas feridas - pedestres,2250,Não,1,5.107948503086984e-4
3514304,Sinistros com vítimas feridas - pedestres,8186,Sim,0.004212178795560223,0.24988453070074637
3514403,Sinistros com vítimas feridas - pedestres,46664,Sim,0.4888996941592898,0.056301856811167096
3514502,Sinistros com vítimas feridas - pedestres,12529,Não,0.008119873327116816,-0.22505350340426886
3514601,Sinistros com vítimas feridas - pedestres,9719,Não,0.24092337138769956,0.10319282618467793
3514700,Sinistros com vítimas feridas - pedestres,6295,Não,0.014583035367226212,-0.21959173528075296
3514809,Sinistros com vítimas feridas - pedestres,13162,Sim,0.5807003595475324,-0.04922128383257838
3514908,Sinistros com vítimas feridas - pedestres,18103,Não,0.21208482013697513,0.10898342583100143
3514924,Sinistros com vítimas feridas - pedestres,3189,Não,0.2827899505027695,-0.09905140606805012
3514957,Sinistros com vítimas feridas - pedestres,2353,Não,0.1572599700829545,-0.13444343709159517
3515004,Sinistros com vítimas feridas - pedestres,259323,Sim,1.2173984855821661e-9,0.4886928800720895
3515103,Sinistros com vítimas feridas - pedestres,68805,Sim,6.820309352910366e-9,-0.46864274102217435
3515129,Sinistros com vítimas feridas - pedestres,3062,Não,0.6232818533788262,-0.04688582775779763
3515152,Sinistros com vítimas feridas - pedestres,20139,Sim,0.22152629220903045,0.10428634846224732
3515186,Sinistros com vítimas feridas - pedestres,40681,Sim,0.8656799503660193,0.014356883213119686
3515194,Sinistros com vítimas feridas - pedestres,4217,Sim,0.11376950415192184,0.14424728967919145
3515202,Sinistros com vítimas feridas - pedestres,9655,Não,0.4828805327272185,-0.06104344293310021
3515301,Sinistros com vítimas feridas - pedestres,2749,Não,0.4102134013965041,-0.07744532652470597
3515350,Sinistros com vítimas feridas - pedestres,7928,Não,0.2259006941798045,0.1073745668731039
3515400,Sinistros com vítimas feridas - pedestres,16984,Não,1.6923421603275536e-5,-0.37056874314787047
3515509,Sinistros com vítimas feridas - pedestres,73286,Sim,0.7649042460134448,-0.02443899346969474
3515608,Sinistros com vítimas feridas - pedestres,6066,Não,0.9067121659363377,-0.01075360728479865
3515657,Sinistros com vítimas feridas - pedestres,1689,Não,0.7056088073298425,-0.03627528517816881
3515707,Sinistros com vítimas feridas - pedestres,185622,Sim,0.6526981612366027,-0.03718736088580394
3515806,Sinistros com vítimas feridas - pedestres,1492,Não,0.30124387596516183,-0.09889603121777997
3515905,Sinistros com vítimas feridas - pedestres,2756,Não,0.8024113136526022,0.023859280019012677
3516002,Sinistros com vítimas feridas - pedestres,13171,Não,0.7884201234027819,0.023463178410232016
3516101,Sinistros com vítimas feridas - pedestres,3987,Sim,0.8742000325513762,0.01510693442791421
3516200,Sinistros com vítimas feridas - pedestres,364331,Sim,2.0997140502420207e-4,0.29587301493292445
3516309,Sinistros com vítimas feridas - pedestres,171107,Sim,0.07651837936040426,0.14495421397924094
3516408,Sinistros com vítimas feridas - pedestres,149786,Sim,0.0038327363101636354,0.23480560724958585
3516507,Sinistros com vítimas feridas - pedestres,2811,Não,0.6084508274280402,-0.048174708564872576
3516606,Sinistros com vítimas feridas - pedestres,6435,Não,0.2166054625195784,-0.10627379218329638
3516705,Sinistros com vítimas feridas - pedestres,43115,Sim,0.010709381461705643,0.20977372112644124
3516804,Sinistros com vítimas feridas - pedestres,3235,Não,0.714131652147802,0.035192440844492134
3516853,Sinistros com vítimas feridas - pedestres,4797,Sim,0.005757507805805702,0.24875282605451748
3516903,Sinistros com vítimas feridas - pedestres,10449,Não,0.5022475544924966,0.05869979170424855
3517000,Sinistros com vítimas feridas - pedestres,10355,Não,0.5503850287590795,0.05351739981463909
3517109,Sinistros com vítimas feridas - pedestres,4173,Sim,0.051269617686204194,-0.17715277217500036
3517208,Sinistros com vítimas feridas - pedestres,11459,Não,0.01646134685034443,0.20535346688334077
3517307,Sinistros com vítimas feridas - pedestres,5606,Não,0.6341128885402536,0.042943107009814636
3517406,Sinistros com vítimas feridas - pedestres,40424,Sim,0.06378913975398104,0.15408620146658733
3517505,Sinistros com vítimas feridas - pedestres,22316,Sim,0.7565610809681166,-0.026844270250117843
3517604,Sinistros com vítimas feridas - pedestres,17256,Sim,0.4369599375202797,0.06667415906135883
3517703,Sinistros com vítimas feridas - pedestres,18790,Sim,0.02443391637583276,0.18993834280121738
3517802,Sinistros com vítimas feridas - pedestres,7486,Sim,0.03390411055301293,0.18572382216005534
3517901,Sinistros com vítimas feridas - pedestres,10542,Não,0.055056278699138615,-0.16676614802581247
3518008,Sinistros com vítimas feridas - pedestres,1999,Não,0.8824649453185262,-0.014644245275390813
3518107,Sinistros com vítimas feridas - pedestres,6531,Não,5.374647311748732e-4,-0.30512482688879383
3518206,Sinistros com vítimas feridas - pedestres,31872,Sim,0.004667921404095353,-0.23139129144443474
3518305,Sinistros com vítimas feridas - pedestres,32436,Sim,0.6093065688859964,-0.0422467721393223
3518404,Sinistros com vítimas feridas - pedestres,121710,Sim,3.6989159919526227e-4,0.2869857841932683
3518503,Sinistros com vítimas feridas - pedestres,15268,Sim,0.7141043467320458,0.032781193547993
3518602,Sinistros com vítimas feridas - pedestres,38609,Sim,0.3959843400792644,-0.07187520647773707
3518701,Sinistros com vítimas feridas - pedestres,294973,Sim,8.602499618393352e-5,0.31424784715013765
3518800,Sinistros com vítimas feridas - pedestres,1345364,Sim,1.9461170371989913e-7,0.41448674508470407
3518859,Sinistros com vítimas feridas - pedestres,7462,Não,0.4033217702893032,-0.0737182807586813
3518909,Sinistros com vítimas feridas - pedestres,4276,Não,0.28157999081712554,-0.10178076330255391
3519006,Sinistros com vítimas feridas - pedestres,9302,Não,0.13914498867049993,-0.1274610067179287
3519055,Sinistros com vítimas feridas - pedestres,15596,Sim,0.008130865368434617,0.22732209530482145
3519071,Sinistros com vítimas feridas - pedestres,247331,Sim,1.0978787123850316e-8,0.4599416957113447
3519105,Sinistros com vítimas feridas - pedestres,10633,Não,0.2703049496589658,0.0950436133213675
3519204,Sinistros com vítimas feridas - pedestres,6207,Não,0.15756067852790673,-0.12198352303454374
3519253,Sinistros com vítimas feridas - pedestres,8257,Não,0.7713793916704448,-0.02645790704241672
3519303,Sinistros com vítimas feridas - pedestres,33110,Sim,8.604672652279004e-4,0.2770308098596329
3519402,Sinistros com vítimas feridas - pedestres,11934,Não,0.3440725928464864,-0.08143224594386779
3519501,Sinistros com vítimas feridas - pedestres,6461,Não,0.29743433995702867,0.09453853644055253
3519600,Sinistros com vítimas feridas - pedestres,61908,Sim,4.5457006361052774e-6,0.37140223441770653
3519709,Sinistros com vítimas feridas - pedestres,77651,Sim,0.4311775798840847,0.06473897026606784
3519808,Sinistros com vítimas feridas - pedestres,7969,Sim,0.3997252056966679,0.07361944584108257
3519907,Sinistros com vítimas feridas - pedestres,7739,Sim,0.7432693589340515,-0.029867995908160323
3520004,Sinistros com vítimas feridas - pedestres,23430,Sim,0.0034640183448478366,0.2466932236677096
3520103,Sinistros com vítimas feridas - pedestres,26755,Sim,0.17684448734333552,0.11360246207549796
3520202,Sinistros com vítimas feridas - pedestres,10904,Sim,0.6110904087603384,0.0444536921217353
3520301,Sinistros com vítimas feridas - pedestres,29881,Sim,0.0548781380748258,0.16058276091913953
3520400,Sinistros com vítimas feridas - pedestres,36329,Sim,2.45954605749472e-12,0.5670758160118544
3520426,Sinistros com vítimas feridas - pedestres,13955,Sim,0.06461589537089531,0.15809458758129544
3520442,Sinistros com vítimas feridas - pedestres,26240,Sim,0.06048644105021161,0.15484376434998312
3520509,Sinistros com vítimas feridas - pedestres,267796,Sim,2.1950899121689625e-6,0.37874297088814934
3520608,Sinistros com vítimas feridas - pedestres,5191,Não,0.32851390150230425,-0.08728097183319884
3520707,Sinistros com vítimas feridas - pedestres,4109,Não,0.7727741996398698,0.026894683571393758
3520806,Sinistros com vítimas feridas - pedestres,3671,Sim,0.809622792818581,-0.02236090784965691
3520905,Sinistros com vítimas feridas - pedestres,13933,Sim,0.36610370175536017,0.07742665180698849
3521002,Sinistros com vítimas feridas - pedestres,37999,Sim,0.10411540722584081,0.13712548920582318
3521101,Sinistros com vítimas feridas - pedestres,6999,Não,0.2655639292057301,0.09991558179813051
3521150,Sinistros com vítimas feridas - pedestres,7037,Sim,0.4666706142018405,0.06496140252310383
3521200,Sinistros com vítimas feridas - pedestres,4091,Não,0.46076445310305353,-0.07120804570682346
3521309,Sinistros com vítimas feridas - pedestres,14691,Sim,0.11219144630345586,0.14071406811827003
3521408,Sinistros com vítimas feridas - pedestres,22435,Sim,0.22906367226405402,0.10206525280322518
3521507,Sinistros com vítimas feridas - pedestres,6946,Não,0.6764758873804813,-0.038074972702663044
3521606,Sinistros com vítimas feridas - pedestres,7145,Não,0.6891867478332236,-0.036121217076578664
3521705,Sinistros com vítimas feridas - pedestres,18258,Sim,0.1367942402760063,0.12767828419972116
3521804,Sinistros com vítimas feridas - pedestres,25930,Sim,0.09083918570533096,0.14326061779634208
3521903,Sinistros com vítimas feridas - pedestres,17420,Não,0.5079392433733592,-0.05679034205893066
3522000,Sinistros com vítimas feridas - pedestres,3702,Não,0.13097674184829478,-0.1403033034012062
3522109,Sinistros com vítimas feridas - pedestres,117435,Sim,0.354600844774118,0.07516611485032591
3522158,Sinistros com vítimas feridas - pedestres,3490,Não,0.47486546585154177,0.068535067888829
3522208,Sinistros com vítimas feridas - pedestres,163928,Sim,3.2191571388152137e-4,0.29180113484021736
3522307,Sinistros com vítimas feridas - pedestres,163774,Sim,1.2116101573118045e-7,0.4243459260355215
3522406,Sinistros com vítimas feridas - pedestres,92324,Sim,0.06613925603621867,0.14879268667055615
3522505,Sinistros com vítimas feridas - pedestres,241924,Sim,0.0068827440626442376,0.22075967063730625
3522604,Sinistros com vítimas feridas - pedestres,73919,Sim,1.5125078166350041e-12,0.5717566690843198
3522653,Sinistros com vítimas feridas - pedestres,4405,Não,0.29710092077713707,0.09851523763738979
3522703,Sinistros com vítimas feridas - pedestres,40464,Sim,3.941683958391987e-13,0.589753347147966
3522802,Sinistros com vítimas feridas - pedestres,14260,Sim,0.10275437738534934,0.13948000600070684
3522901,Sinistros com vítimas feridas - pedestres,13984,Não,0.7988337137029679,-0.02239805641724568
3523008,Sinistros com vítimas feridas - pedestres,4014,Não,0.6657041397025178,-0.03991455442893163
3523107,Sinistros com vítimas feridas - pedestres,382521,Sim,6.193506860294365e-5,0.3230266916112015
3523206,Sinistros com vítimas feridas - pedestres,45327,Sim,0.004191383237937211,0.2360290921880542
3523305,Sinistros com vítimas feridas - pedestres,15762,Sim,0.6835879863059591,0.03549003186436849
3523404,Sinistros com vítimas feridas - pedestres,126403,Sim,2.0647067641482167e-13,0.5898492084855944
3523503,Sinistros com vítimas feridas - pedestres,19427,Sim,0.14288519741710773,-0.12532927425347953
3523602,Sinistros com vítimas feridas - pedestres,16433,Sim,0.25111661952049236,0.09738868833478659
3523701,Sinistros com vítimas feridas - pedestres,5861,Não,2.0458257561485675e-4,0.3373747456964274
3523800,Sinistros com vítimas feridas - pedestres,8210,Sim,0.08416478345155383,0.1573411412369618
3523909,Sinistros com vítimas feridas - pedestres,174561,Sim,0.07355975878011657,0.14413061900743654
3524006,Sinistros com vítimas feridas - pedestres,74119,Sim,0.004403501723191809,0.23209729705509988
3524105,Sinistros com vítimas feridas - pedestres,38451,Sim,0.6856127011306644,0.03396590598077306
3524204,Sinistros com vítimas feridas - pedestres,6293,Sim,0.9497071001518007,0.005961257402139304
3524303,Sinistros com vítimas feridas - pedestres,73467,Sim,0.7256524499304121,0.028845942834963712
3524402,Sinistros com vítimas feridas - pedestres,249968,Sim,7.563416745246974e-5,0.3185309558292182
3524501,Sinistros com vítimas feridas - pedestres,7878,Não,0.9235763348905065,0.00869622327034384
3524600,Sinistros com vítimas feridas - pedestres,16254,Sim,0.74505030397445,0.027436406364622492
3524709,Sinistros com vítimas feridas - pedestres,61801,Sim,1.6018071098930883e-10,0.518823374411011
3524808,Sinistros com vítimas feridas - pedestres,50017,Sim,0.17515446426198372,0.10987394602039434
3524907,Sinistros com vítimas feridas - pedestres,6575,Não,0.15337475677237544,0.12655732781517479
3525003,Sinistros com vítimas feridas - pedestres,121988,Sim,0.02387690830319082,0.18645966451991575
3525102,Sinistros com vítimas feridas - pedestres,46868,Sim,0.08182065875345092,0.14332845624443602
3525201,Sinistros com vítimas feridas - pedestres,39531,Sim,5.8625134942483086e-5,0.33119232689859085
3525300,Sinistros com vítimas feridas - pedestres,137323,Sim,0.013790654901278102,-0.19855773466191146
3525409,Sinistros com vítimas feridas - pedestres,3976,Não,0.7226929460457794,0.03343266156083217
3525508,Sinistros com vítimas feridas - pedestres,13095,Não,0.20841925062705835,0.11060079308860496
3525607,Sinistros com vítimas feridas - pedestres,4456,Não,0.7930528674612166,0.023912802268608178
3525706,Sinistros com vítimas feridas - pedestres,37859,Sim,0.04432946558108042,0.16488391873124061
3525805,Sinistros com vítimas feridas - pedestres,4308,Não,0.33486875935181415,0.08770106598331638
3525854,Sinistros com vítimas feridas - pedestres,3123,Não,0.8091262262913465,-0.021563429564765726
3525904,Sinistros com vítimas feridas - pedestres,460313,Sim,0.001500777917400549,0.2535408113723444
3526001,Sinistros com vítimas feridas - pedestres,20878,Sim,0.8178058945718418,-0.019476584484501958
3526100,Sinistros com vítimas feridas - pedestres,17255,Sim,0.513694937000165,-0.05527793378341984
3526209,Sinistros com vítimas feridas - pedestres,28007,Sim,0.9174200953112672,0.009031699176700526
3526308,Sinistros com vítimas feridas - pedestres,5182,Não,0.7680005782565945,0.028092372537844554
3526407,Sinistros com vítimas feridas - pedestres,27009,Sim,0.17576370191791582,0.11255159683122708
3526506,Sinistros com vítimas feridas - pedestres,9909,Não,0.06150956229124101,0.16946625132840756
3526605,Sinistros com vítimas feridas - pedestres,7328,Não,0.2574589817128681,0.09616550091574895
3526704,Sinistros com vítimas feridas - pedestres,101316,Sim,1.34200988866886e-4,0.3077316332080855
3526803,Sinistros com vítimas feridas - pedestres,68395,Sim,0.01388626016283815,0.19959714312379345
3526902,Sinistros com vítimas feridas - pedestres,300728,Sim,1.929352936215693e-9,0.47915862589751435
3527009,Sinistros com vítimas feridas - pedestres,7147,Sim,0.780974513779698,0.02431986189735746
3527108,Sinistros com vítimas feridas - pedestres,76729,Sim,0.6006424226654274,0.04253500091918204
3527207,Sinistros com vítimas feridas - pedestres,87370,Sim,0.11494239587582264,0.12808932931947203
3527256,Sinistros com vítimas feridas - pedestres,1968,Não,0.6801868983726013,0.03982802176178469
3527306,Sinistros com vítimas feridas - pedestres,54111,Sim,0.01843224607286848,0.19570538827457334
3527405,Sinistros com vítimas feridas - pedestres,20372,Sim,0.0024510859744695354,-0.25020595866476336
3527504,Sinistros com vítimas feridas - pedestres,2419,Não,0.9706123143078038,0.0040518616580812765
3527603,Sinistros com vítimas feridas - pedestres,12531,Sim,0.5923664391992284,0.046760427650031126
3527702,Sinistros com vítimas feridas - pedestres,4751,Não,0.2578540421616521,-0.10767115091751128
3527801,Sinistros com vítimas feridas - pedestres,4017,Não,0.14450008786335872,0.13736863600477875
3527900,Sinistros com vítimas feridas - pedestres,2699,Não,0.8919209136034368,-0.013377607640677885
3528007,Sinistros com vítimas feridas - pedestres,17120,Não,0.55639077545712,-0.05031582740370379
3528106,Sinistros com vítimas feridas - pedestres,7587,Não,0.30936518095599447,-0.09048996995913364
3528205,Sinistros com vítimas feridas - pedestres,4048,Sim,0.058389299650004105,-0.17563308932685281
3528304,Sinistros com vítimas feridas - pedestres,3212,Não,0.9580415158305867,-0.00535023948467692
3528403,Sinistros com vítimas feridas - pedestres,51660,Sim,4.71277356394688e-4,0.28638101630613966
3528502,Sinistros com vítimas feridas - pedestres,97399,Sim,3.49213572741226e-4,0.2903007145014164
3528601,Sinistros com vítimas feridas - pedestres,10092,Não,0.17173752991897465,0.11982960160630397
3528700,Sinistros com vítimas feridas - pedestres,4627,Não,0.0229557786089566,0.2109243031220207
3528809,Sinistros com vítimas feridas - pedestres,12826,Não,0.008024288587455939,0.22883244752715146
3528858,Sinistros com vítimas feridas - pedestres,3392,Não,0.11717212654142585,-0.14643753091383285
3528908,Sinistros com vítimas feridas - pedestres,3539,Sim,0.5285284622093218,0.05839516102723963
3529005,Sinistros com vítimas feridas - pedestres,246627,Sim,8.371603442352187e-8,-0.4273006475840794
3529104,Sinistros com vítimas feridas - pedestres,1870,Não,0.4003034178104499,-0.08052381618833851
3529203,Sinistros com vítimas feridas - pedestres,25299,Sim,0.18149216759581033,0.1121542384187957
3529302,Sinistros com vítimas feridas - pedestres,80998,Sim,0.00429699970996008,0.23023442484516912
3529401,Sinistros com vítimas feridas - pedestres,429380,Sim,0.4382537501205499,-0.06236227016202096
3529500,Sinistros com vítimas feridas - pedestres,6369,Não,0.8143123286591287,-0.021323594102082004
3529609,Sinistros com vítimas feridas - pedestres,4697,Não,0.9844185385673717,-0.0021485750278252354
3529658,Sinistros com vítimas feridas - pedestres,1988,Não,0.40535907763446716,0.07964900842647984
3529708,Sinistros com vítimas feridas - pedestres,19655,Sim,0.1725355531696628,0.11656709571291624
3529807,Sinistros com vítimas feridas - pedestres,11349,Não,0.9159333806633552,0.00954656944648013
3529906,Sinistros com vítimas feridas - pedestres,18679,Sim,0.30881370994550206,-0.08385916791324687
3530003,Sinistros com vítimas feridas - pedestres,3199,Não,0.9391922320598485,-0.007763409597112314
3530102,Sinistros com vítimas feridas - pedestres,28737,Sim,0.05080200830868232,0.1625120767703537
3530201,Sinistros com vítimas feridas - pedestres,16069,Não,0.6471021030788204,-0.03876648398424825
3530300,Sinistros com vítimas feridas - pedestres,65485,Sim,0.4131046366319927,0.06661992218170319
3530409,Sinistros com vítimas feridas - pedestres,4771,Sim,0.04246791349192768,0.18321521331410281
3530508,Sinistros com vítimas feridas - pedestres,69324,Sim,1.4526525131749063e-4,0.30815629522959215
3530607,Sinistros com vítimas feridas - pedestres,468120,Sim,1.697187749639184e-4,0.3019502225975971
3530706,Sinistros com vítimas feridas - pedestres,159735,Sim,9.844086513159092e-11,0.5186450207100819
3530805,Sinistros com vítimas feridas - pedestres,95534,Sim,1.1020674515983048e-9,0.49103491418839407
3530904,Sinistros com vítimas feridas - pedestres,3815,Não,0.020122076579142202,0.21686921172116921
3531001,Sinistros com vítimas feridas - pedestres,1954,Sim,0.1142577792629195,-0.150699640392707
3531100,Sinistros com vítimas feridas - pedestres,64519,Sim,9.86537922337164e-7,0.39903486119158726
3531209,Sinistros com vítimas feridas - pedestres,8873,Sim,0.7461056873740334,-0.028592905040605777
3531308,Sinistros com vítimas feridas - pedestres,48725,Sim,0.7315079705772567,0.02875472342412972
3531407,Sinistros com vítimas feridas - pedestres,22650,Não,0.148669216275523,-0.12126269452554693
3531506,Sinistros com vítimas feridas - pedestres,18363,Sim,0.023062232314845617,0.19501554078754618
3531605,Sinistros com vítimas feridas - pedestres,4301,Não,0.11880779580031613,-0.14177928066032508
3531704,Sinistros com vítimas feridas - pedestres,4205,Não,0.07154636496935769,0.16187671330030265
3531803,Sinistros com vítimas feridas - pedestres,67296,Sim,0.3117884930774139,0.08441607420849569
3531902,Sinistros com vítimas feridas - pedestres,28561,Sim,3.2543186532730324e-4,0.30011720731793345
3532009,Sinistros com vítimas feridas - pedestres,14081,Sim,0.10132232724417907,0.14121010167558332
3532058,Sinistros com vítimas feridas - pedestres,4079,Não,0.8928009529469828,0.012911540079184332
3532108,Sinistros com vítimas feridas - pedestres,3763,Não,0.9307030092078935,0.008563651462168736
3532157,Sinistros com vítimas feridas - pedestres,2699,Não,0.26303156679018325,0.10716575496899636
3532207,Sinistros com vítimas feridas - pedestres,5908,Não,0.3295401075788332,0.08772892260108649
3532306,Sinistros com vítimas feridas - pedestres,7134,Sim,0.21818077845918268,-0.11343409789051528
3532405,Sinistros com vítimas feridas - pedestres,18620,Sim,0.7160627306454667,0.030881071716414105
3532504,Sinistros com vítimas feridas - pedestres,9921,Não,0.9689867749927349,0.0038200962397649738
3532603,Sinistros com vítimas feridas - pedestres,9944,Não,0.1027754154478378,-0.14075447904891866
3532702,Sinistros com vítimas feridas - pedestres,4860,Sim,0.94301791097889,0.006957264775523704
3532801,Sinistros com vítimas feridas - pedestres,6858,Não,0.6380678545179714,-0.0426720275662223
3532827,Sinistros com vítimas feridas - pedestres,8631,Sim,0.019816697672393295,0.21419407157258402
3532843,Sinistros com vítimas feridas - pedestres,2058,Sim,0.27142243872210975,-0.10484710951434158
3532868,Sinistros com vítimas feridas - pedestres,1074,Não,0.5794653885888772,0.05396815084727767
3532900,Sinistros com vítimas feridas - pedestres,9459,Não,0.06234718006345702,0.16708190869253592
3533007,Sinistros com vítimas feridas - pedestres,19725,Sim,0.7599778667721053,0.026502750984837075
3533106,Sinistros com vítimas feridas - pedestres,2188,Não,0.2894703751946741,-0.09847985965487303
3533205,Sinistros com vítimas feridas - pedestres,4795,Não,0.5663053223342613,-0.05199037304444218
3533254,Sinistros com vítimas feridas - pedestres,4469,Não,0.756258400285192,-0.028921495314859012
3533304,Sinistros com vítimas feridas - pedestres,2838,Sim,0.10940620551066914,0.1490317505417522
3533403,Sinistros com vítimas feridas - pedestres,64228,Sim,8.38939104641135e-8,0.4354750875203409
3533502,Sinistros com vítimas feridas - pedestres,39435,Sim,0.1285616104960347,0.12499442529898516
3533601,Sinistros com vítimas feridas - pedestres,7550,Não,0.006381409269537201,0.24303561043178956
3533700,Sinistros com vítimas feridas - pedestres,4412,Não,0.043917541404208185,0.18162090561663327
3533809,Sinistros com vítimas feridas - pedestres,2540,Não,0.701312872816348,-0.03623646129412265
3533908,Sinistros com vítimas feridas - pedestres,56701,Sim,0.03069449969518415,0.1752897395875618
3534005,Sinistros com vítimas feridas - pedestres,4912,Não,0.06991833502268376,0.1577334753497915
3534104,Sinistros com vítimas feridas - pedestres,6180,Não,0.8725025185876947,-0.014498655744698668
3534203,Sinistros com vítimas feridas - pedestres,6145,Não,0.05997699908058415,0.17838080318025615
3534302,Sinistros com vítimas feridas - pedestres,39193,Sim,0.226283449445818,0.09953144403632948
3534401,Sinistros com vítimas feridas - pedestres,756952,Sim,0.08745677278397339,0.13689302955215496
3534500,Sinistros com vítimas feridas - pedestres,2504,Não,0.059982127171901344,0.17603626176681206
3534609,Sinistros com vítimas feridas - pedestres,32099,Sim,0.13406762554659615,0.12364081120917349
3534708,Sinistros com vítimas feridas - pedestres,106877,Sim,0.34278639596121757,-0.07671548839210215
3534757,Sinistros com vítimas feridas - pedestres,10596,Não,0.4969374122134264,-0.05807832345916616
3534807,Sinistros com vítimas feridas - pedestres,7901,Não,0.13736985653435843,0.129183129593646
3534906,Sinistros com vítimas feridas - pedestres,15217,Não,0.15440343495194966,0.12116051238811873
3535002,Sinistros com vítimas feridas - pedestres,11689,Não,0.17041291776715647,-0.12254749092831187
3535101,Sinistros com vítimas feridas - pedestres,9709,Sim,0.3723434692973379,0.07892989820915053
3535200,Sinistros com vítimas feridas - pedestres,8994,Sim,0.29029503223464714,0.09080258438806911
3535309,Sinistros com vítimas feridas - pedestres,19767,Não,0.67376231856486,-0.03582975166761553
3535408,Sinistros com vítimas feridas - pedestres,15214,Sim,0.04331418173186669,-0.17187886641105216
3535507,Sinistros com vítimas feridas - pedestres,42087,Sim,0.19564972997648916,0.10636386756662443
3535606,Sinistros com vítimas feridas - pedestres,17950,Sim,0.9470372018400455,-0.006011647428073246
3535705,Sinistros com vítimas feridas - pedestres,6211,Sim,0.4890313503142882,-0.06302250360111818
3535804,Sinistros com vítimas feridas - pedestres,19799,Sim,0.34568581540952187,0.08144777774537013
3535903,Sinistros com vítimas feridas - pedestres,4111,Não,0.40051356341573113,0.07637047828627826
3536000,Sinistros com vítimas feridas - pedestres,10729,Não,0.06472427462468554,-0.158939341965753
3536109,Sinistros com vítimas feridas - pedestres,7382,Não,0.10957309551830456,0.1369156119918996
3536208,Sinistros com vítimas feridas - pedestres,19576,Sim,0.19668190901233,-0.10908168841029617
3536257,Sinistros com vítimas feridas - pedestres,3001,Sim,0.27454070795053914,0.10056798813510202
3536307,Sinistros com vítimas feridas - pedestres,14837,Sim,0.7168398124447618,0.031367409086813444
3536406,Sinistros com vítimas feridas - pedestres,8200,Sim,0.28879534858732253,0.09313120669926547
3536505,Sinistros com vítimas feridas - pedestres,115690,Sim,2.5294224733906457e-5,0.3424429232987418
3536570,Sinistros com vítimas feridas - pedestres,2146,Não,0.33259024741718207,0.0908100128108325
3536604,Sinistros com vítimas feridas - pedestres,7430,Não,0.032362328905551,-0.1947221913003671
3536703,Sinistros com vítimas feridas - pedestres,46223,Sim,0.21763337134425492,0.10123105708150586
3536802,Sinistros com vítimas feridas - pedestres,6718,Não,0.7619246707905439,0.02781221533183769
3536901,Sinistros com vítimas feridas - pedestres,2848,Sim,0.5336566199796899,-0.059159624428594834
3537008,Sinistros com vítimas feridas - pedestres,15742,Sim,0.4355410944184469,0.0675932451480247
3537107,Sinistros com vítimas feridas - pedestres,44332,Sim,9.016036314042388e-9,0.47077487414214125
3537156,Sinistros com vítimas feridas - pedestres,2838,Não,0.18669507259589077,0.12699835455362782
3537206,Sinistros com vítimas feridas - pedestres,11539,Sim,0.15280171788945823,0.1266207174148496
3537305,Sinistros com vítimas feridas - pedestres,63317,Sim,0.4080695838907235,0.06706623350439558
3537404,Sinistros com vítimas feridas - pedestres,24389,Sim,0.9472925194548653,-0.005932391964838836
3537503,Sinistros com vítimas feridas - pedestres,8969,Não,0.36619399360494886,-0.08229406018208686
3537602,Sinistros com vítimas feridas - pedestres,70543,Sim,0.04821681775526342,0.16089514235009744
3537701,Sinistros com vítimas feridas - pedestres,5623,Não,0.9520114252509521,0.005884397251146327
3537800,Sinistros com vítimas feridas - pedestres,54237,Sim,3.6282722315081665e-4,0.2917265836699519
3537909,Sinistros com vítimas feridas - pedestres,28417,Sim,0.13699673893625128,0.12370990993053117
3538006,Sinistros com vítimas feridas - pedestres,172027,Sim,0.17543730231441873,0.10916169558420928
3538105,Sinistros com vítimas feridas - pedestres,14721,Não,0.6517580189956216,-0.03877001886677001
3538204,Sinistros com vítimas feridas - pedestres,15605,Sim,0.2094170777065256,-0.10840887591533918
3538303,Sinistros com vítimas feridas - pedestres,3296,Não,0.22017848283099217,-0.11178363908553986
3538501,Sinistros com vítimas feridas - pedestres,12570,Sim,0.11847881502041799,0.13572069402606876
3538600,Sinistros com vítimas feridas - pedestres,26764,Sim,0.28715647145240997,0.09076732269293755
3538709,Sinistros com vítimas feridas - pedestres,438827,Sim,7.845793377995376e-5,0.3148725210910799
3538808,Sinistros com vítimas feridas - pedestres,30261,Sim,0.083668683748389025,0.14323907105373027
3538907,Sinistros com vítimas feridas - pedestres,22743,Sim,0.20818788235761726,0.10609075637927719
3539004,Sinistros com vítimas feridas - pedestres,11076,Não,0.09488598178801687,-0.14403919099014237
3539103,Sinistros com vítimas feridas - pedestres,18836,Sim,0.945888858280908,0.006366827066274956
3539202,Sinistros com vítimas feridas - pedestres,26065,Sim,0.013375467782626074,-0.20549385542250573
3539301,Sinistros com vítimas feridas - pedestres,75475,Sim,0.1321616399083546,-0.12209743029954641
3539400,Sinistros com vítimas feridas - pedestres,15554,Não,0.0236135439357224,0.1927448096051736
3539509,Sinistros com vítimas feridas - pedestres,34416,Sim,0.03435058676853703,-0.17780175990965197
3539608,Sinistros com vítimas feridas - pedestres,4454,Não,0.38157532829295276,0.08163454198450779
3539707,Sinistros com vítimas feridas - pedestres,3061,Não,0.2757347788030404,-0.10376755192078
3539806,Sinistros com vítimas feridas - pedestres,106431,Sim,0.050946117875865525,0.1603774626143902
3539905,Sinistros com vítimas feridas - pedestres,5696,Sim,0.14786591045072178,-0.13265399181743856
3540002,Sinistros com vítimas feridas - pedestres,20512,Não,0.027548782177000495,0.1837096161197549
3540101,Sinistros com vítimas feridas - pedestres,3443,Não,0.4199046771790471,-0.07540566703931521
3540200,Sinistros com vítimas feridas - pedestres,38376,Sim,0.7978627512022873,-0.022023606099894136
3540259,Sinistros com vítimas feridas - pedestres,4196,Sim,0.795940391873682,0.024400789819498805
3540309,Sinistros com vítimas feridas - pedestres,2415,Não,0.18388130500025612,0.12770589304862034
3540408,Sinistros com vítimas feridas - pedestres,4185,Não,0.5513155795407338,-0.05431764787920255
3540507,Sinistros com vítimas feridas - pedestres,10773,Sim,0.18610842348093806,0.11378535452154469
3540606,Sinistros com vítimas feridas - pedestres,58345,Sim,0.3341462890289379,-0.0793585948800146
3540705,Sinistros com vítimas feridas - pedestres,53940,Sim,2.6976934074006704e-5,0.3389171422838377
3540754,Sinistros com vítimas feridas - pedestres,20767,Sim,2.0132446766122156e-4,0.32223895791146207
3540804,Sinistros com vítimas feridas - pedestres,18994,Sim,0.041042594452584034,-0.1726397744695223
3540853,Sinistros com vítimas feridas - pedestres,2599,Não,0.21470069503969952,-0.11853492580594446
3540903,Sinistros com vítimas feridas - pedestres,17309,Sim,0.011515090126498762,0.213307804483128
3541000,Sinistros com vítimas feridas - pedestres,365577,Sim,0.004072189134945201,0.23050889809336972
3541059,Sinistros com vítimas feridas - pedestres,5246,Não,0.033258839242836846,-0.19086569290098485
3541109,Sinistros com vítimas feridas - pedestres,3841,Não,0.38925987477909607,-0.08166437372019547
3541208,Sinistros com vítimas feridas - pedestres,14772,Não,0.9014026760919652,0.010959732036510565
3541307,Sinistros com vítimas feridas - pedestres,40383,Sim,0.12695594077477712,0.12457480936859294
3541406,Sinistros com vítimas feridas - pedestres,234083,Sim,0.6439259700631423,0.03726555858309434
3541505,Sinistros com vítimas feridas - pedestres,35902,NA,0.9925245849943124,-0.0011478484390163304
3541604,Sinistros com vítimas feridas - pedestres,35991,Sim,0.08143983610100697,0.144023105497459
3541653,Sinistros com vítimas feridas - pedestres,3472,Não,0.09838647894474811,-0.15042649114835877
3541703,Sinistros com vítimas feridas - pedestres,13399,Sim,0.6178365464632329,-0.042639839677758744
3541802,Sinistros com vítimas feridas - pedestres,3351,Não,0.33077316634829845,-0.09005027738511212
3541901,Sinistros com vítimas feridas - pedestres,9146,Sim,0.7327162193263759,-0.030032009490923283
3542008,Sinistros com vítimas feridas - pedestres,7225,Não,0.10743211858175572,-0.14449478734915175
3542107,Sinistros com vítimas feridas - pedestres,9133,Sim,0.8256039933734487,-0.019931596392536874
3542206,Sinistros com vítimas feridas - pedestres,29305,Sim,0.6734694196994218,0.034708448991809165
3542305,Sinistros com vítimas feridas - pedestres,4611,Não,0.5100159085109652,0.060410108813745596
3542404,Sinistros com vítimas feridas - pedestres,20565,Não,0.004256261422459359,-0.23967851880230484
3542503,Sinistros com vítimas feridas - pedestres,7808,Não,0.2604134380773231,0.10317756483244059
3542602,Sinistros com vítimas feridas - pedestres,61732,Sim,0.04344661994909359,0.16493187507733023
3542701,Sinistros com vítimas feridas - pedestres,6492,Não,0.008197308782409854,0.22721841361399828
3542800,Sinistros com vítimas feridas - pedestres,3166,Não,0.03110824874788312,0.19391907791119015
3542909,Sinistros com vítimas feridas - pedestres,11079,Não,0.27950179894864996,-0.09395857332816301
3543006,Sinistros com vítimas feridas - pedestres,18930,Sim,5.266062231866847e-4,0.30208884085528737
3543105,Sinistros com vítimas feridas - pedestres,4706,Não,0.6837022786350815,-0.03767885718684985
3543204,Sinistros com vítimas feridas - pedestres,4768,Não,0.401412544751623,0.07597120392383759
3543238,Sinistros com vítimas feridas - pedestres,2045,Não,0.4912261274521166,-0.06652545251776798
3543253,Sinistros com vítimas feridas - pedestres,7570,Sim,0.08047324690941135,0.15923667206268022
3543303,Sinistros com vítimas feridas - pedestres,118877,Sim,0.4289682815846901,0.06462448074532667
3543402,Sinistros com vítimas feridas - pedestres,728400,Sim,0.11252016229451457,0.12662514097536515
3543501,Sinistros com vítimas feridas - pedestres,5647,Sim,0.6946237121234402,-0.036146285943106114
3543600,Sinistros com vítimas feridas - pedestres,4158,Sim,0.05543508443882936,-0.1727352598138635
3543709,Sinistros com vítimas feridas - pedestres,9145,Não,0.8833741275131077,-0.013435569802889255
3543808,Sinistros com vítimas feridas - pedestres,9357,Sim,0.1591089771399717,-0.1215993094867873
3543907,Sinistros com vítimas feridas - pedestres,208857,Sim,7.207804905453413e-5,0.3177861790891008
3544004,Sinistros com vítimas feridas - pedestres,32267,Sim,0.038276866711295224,-0.1751072132561515
3544103,Sinistros com vítimas feridas - pedestres,45317,Sim,0.597879513422124,0.04517202935712923
3544202,Sinistros com vítimas feridas - pedestres,10453,Não,0.7611087209915897,-0.026975457846910057
3544251,Sinistros com vítimas feridas - pedestres,17533,Sim,0.04492521735260148,-0.16908750935101996
3544301,Sinistros com vítimas feridas - pedestres,11095,Não,0.10828714134136962,0.13723014815881807
3544400,Sinistros com vítimas feridas - pedestres,2741,Não,0.024467163909952242,-0.21085882981417114
3544509,Sinistros com vítimas feridas - pedestres,3965,Não,0.9089774797356271,0.01066184912577228
3544608,Sinistros com vítimas feridas - pedestres,5185,Não,0.16467121279142355,-0.12807635185042646
3544707,Sinistros com vítimas feridas - pedestres,2519,Não,0.39071605326382786,0.08211963460751863
3544806,Sinistros com vítimas feridas - pedestres,6612,Não,0.16058979477052393,-0.12502330345088256
3544905,Sinistros com vítimas feridas - pedestres,11654,Não,0.05950357368403366,0.16079125876679654
3545001,Sinistros com vítimas feridas - pedestres,15396,Sim,0.9731962937481523,-0.0033136144446681295
3545100,Sinistros com vítimas feridas - pedestres,4883,Não,0.6311662958219038,-0.04460440812130845
3545159,Sinistros com vítimas feridas - pedestres,8371,Sim,0.08386428912081731,0.15745118995037796
3545209,Sinistros com vítimas feridas - pedestres,140125,Sim,0.04061666275764471,-0.16537322225435458
3545308,Sinistros com vítimas feridas - pedestres,45138,Sim,0.4749456299960311,-0.05953737832909879
3545407,Sinistros com vítimas feridas - pedestres,9212,Não,0.9156023628397146,-0.009511228022266723
3545506,Sinistros com vítimas feridas - pedestres,3699,Não,0.9001562002920775,0.011772052300141155
3545605,Sinistros com vítimas feridas - pedestres,14203,Não,0.0462091435370271,-0.16836247586651742
3545704,Sinistros com vítimas feridas - pedestres,6543,Não,0.1541166517998601,-0.1276853451492604
3545803,Sinistros com vítimas feridas - pedestres,189338,Sim,1.0326612408447145e-9,0.48927219067638894
3546009,Sinistros com vítimas feridas - pedestres,14212,Sim,0.04391677701007686,0.17892599225805764
3546108,Sinistros com vítimas feridas - pedestres,2677,Sim,0.24174653050874997,0.11078984211173215
3546207,Sinistros com vítimas feridas - pedestres,4365,Sim,0.03214595040849458,0.19110008872350823
3546256,Sinistros com vítimas feridas - pedestres,2162,Não,0.04025348905063426,0.18719118393242262
3546306,Sinistros com vítimas feridas - pedestres,29525,Sim,0.0010149663234803755,0.2790731065132577
3546405,Sinistros com vítimas feridas - pedestres,47677,Sim,0.6803615666343091,-0.03385264224387393
3546504,Sinistros com vítimas feridas - pedestres,6256,Não,0.3195179434256432,0.09050468046355091
3546603,Sinistros com vítimas feridas - pedestres,36098,Sim,0.7966016351157066,0.02144771646053176
3546702,Sinistros com vítimas feridas - pedestres,24107,Sim,0.001244156403768734,0.26966228146247795
3546801,Sinistros com vítimas feridas - pedestres,54586,Sim,2.0764098040611463e-5,0.34956451445148984
3546900,Sinistros com vítimas feridas - pedestres,7181,Não,0.08622835231237125,0.15471410478453945
3547007,Sinistros com vítimas feridas - pedestres,5314,Não,0.4208840920162996,-0.07216682718932105
3547106,Sinistros com vítimas feridas - pedestres,3012,Não,0.13836442926562809,-0.13457728108519132
3547205,Sinistros com vítimas feridas - pedestres,1698,Não,0.9540815892593698,0.005909041837125803
3547304,Sinistros com vítimas feridas - pedestres,162341,Sim,0.006631197339187695,0.2209930915021433
3547403,Sinistros com vítimas feridas - pedestres,2790,Não,0.0861837969019681,-0.1605612828910862
3547502,Sinistros com vítimas feridas - pedestres,25060,Sim,0.4871389369830582,0.058719285795004905
3547601,Sinistros com vítimas feridas - pedestres,23725,Sim,0.3518696773945846,0.08008571494398407
3547650,Sinistros com vítimas feridas - pedestres,1686,Não,0.09284262652126542,-0.1573421454729913
3547700,Sinistros com vítimas feridas - pedestres,18045,Sim,0.5717628321210204,0.047494814174855196
3547809,Sinistros com vítimas feridas - pedestres,778711,Sim,3.058615983882114e-4,0.28941409497688064
3547908,Sinistros com vítimas feridas - pedestres,6917,Não,0.5964407202893118,0.04808839176929131
3548005,Sinistros com vítimas feridas - pedestres,23779,Sim,0.33536613074702193,0.08114461576821283
3548054,Sinistros com vítimas feridas - pedestres,8568,Não,0.7002049779030273,0.03430030341737771
3548104,Sinistros com vítimas feridas - pedestres,6237,Sim,5.780639535696803e-4,0.30884161527933507
3548203,Sinistros com vítimas feridas - pedestres,7294,Sim,0.33414431531859473,0.08321976733148996
3548302,Sinistros com vítimas feridas - pedestres,3063,Não,0.09238064528191278,-0.1590153585996461
3548401,Sinistros com vítimas feridas - pedestres,3933,Não,0.6749434392857622,-0.03826373498480374
3548500,Sinistros com vítimas feridas - pedestres,429567,Sim,0.6983854300533032,-0.03129133422561563
3548609,Sinistros com vítimas feridas - pedestres,11948,Não,0.082645310408768,0.1583040204878848
3548708,Sinistros com vítimas feridas - pedestres,840499,Sim,1.2971541429360072e-7,0.42058593775148745
3548807,Sinistros com vítimas feridas - pedestres,172109,Sim,0.6198605924454899,0.04063577540068887
3548906,Sinistros com vítimas feridas - pedestres,265294,Sim,0.006115296645834835,0.2197819878038244
3549003,Sinistros com vítimas feridas - pedestres,2629,Não,0.9496678079765385,0.006546493843272316
3549102,Sinistros com vítimas feridas - pedestres,95762,Sim,0.7083400004741156,-0.030595252778273366
3549201,Sinistros com vítimas feridas - pedestres,2622,Não,0.060896011723279284,-0.17793721728756348
3549250,Sinistros com vítimas feridas - pedestres,1880,Não,0.34585280150825715,-0.09148662683884917
3549300,Sinistros com vítimas feridas - pedestres,2288,Não,0.47870375577174706,0.06807384435137505
3549409,Sinistros com vítimas feridas - pedestres,49815,Sim,2.571310086160419e-8,0.46375811859492705
3549508,Sinistros com vítimas feridas - pedestres,7690,Não,0.08725888672700843,0.15501953171798527
3549607,Sinistros com vítimas feridas - pedestres,3898,Não,0.6396142971814068,0.04449789044477116
3549706,Sinistros com vítimas feridas - pedestres,53416,Sim,3.059385107972721e-7,0.4183340154422643
3549805,Sinistros com vítimas feridas - pedestres,501597,Sim,0.0032737526455723647,-0.2344869405011905
3549904,Sinistros com vítimas feridas - pedestres,724756,Sim,9.399261078463989e-12,0.543330066249208
3549953,Sinistros com vítimas feridas - pedestres,16458,Sim,0.156667214583618,0.11822142391375381
3550001,Sinistros com vítimas feridas - pedestres,10497,Sim,0.1527326875421357,0.12005242422293624
3550100,Sinistros com vítimas feridas - pedestres,38166,Sim,0.9251390882600824,0.008138578200955154
3550209,Sinistros com vítimas feridas - pedestres,32904,Sim,4.824728229663269e-5,0.3372906735113234
3550308,Sinistros com vítimas feridas - pedestres,11895578,Sim,0.03070951787532823,0.1719474519636545
3550407,Sinistros com vítimas feridas - pedestres,39725,Sim,0.010896633361620894,0.2091796564233151
3550506,Sinistros com vítimas feridas - pedestres,7333,Não,0.3697216079813324,0.0790834625474919
3550605,Sinistros com vítimas feridas - pedestres,81342,Sim,2.2556477467021115e-4,0.29987510153463626
3550704,Sinistros com vítimas feridas - pedestres,84019,Sim,5.939109690044649e-5,0.3241521850603695
3550803,Sinistros com vítimas feridas - pedestres,10484,Não,2.713727364147326e-4,0.32486495622614503
3550902,Sinistros com vítimas feridas - pedestres,13590,Sim,0.7006689234932089,0.03298553635449261
3551009,Sinistros com vítimas feridas - pedestres,338407,Sim,0.2954336464080195,0.08421154677895537
3551108,Sinistros com vítimas feridas - pedestres,10632,Sim,0.8182484265744185,-0.020641768767802816
3551207,Sinistros com vítimas feridas - pedestres,3769,Não,0.9675796030780281,0.004414290471361917
3551306,Sinistros com vítimas feridas - pedestres,3187,Sim,0.9909654950520743,-0.001606555900355908
3551405,Sinistros com vítimas feridas - pedestres,13058,Não,0.1406872901320576,0.1295849952284333
3551504,Sinistros com vítimas feridas - pedestres,45408,Sim,0.055280870273282844,0.15870176308556627
3551603,Sinistros com vítimas feridas - pedestres,30920,Sim,1.1609403961565726e-4,0.31614565141038936
3551702,Sinistros com vítimas feridas - pedestres,131600,Sim,1.3853361835077625e-6,0.3886937889806268
3551801,Sinistros com vítimas feridas - pedestres,12912,Sim,0.13350572558838708,-0.12812698225646324
3551900,Sinistros com vítimas feridas - pedestres,14724,Sim,0.7424777692685167,-0.02844578634776345
3552007,Sinistros com vítimas feridas - pedestres,6313,Sim,0.7702499596594009,0.026846880667536023
3552106,Sinistros com vítimas feridas - pedestres,41405,Sim,9.871752616977134e-9,0.47425527094111813
3552205,Sinistros com vítimas feridas - pedestres,757459,Sim,0.77940097341507375,0.02269371778428351
3552304,Sinistros com vítimas feridas - pedestres,7466,Sim,0.824195753121178,0.020874595611635502
3552403,Sinistros com vítimas feridas - pedestres,289787,Sim,4.936576063395721e-10,0.49871797225813075
3552502,Sinistros com vítimas feridas - pedestres,318765,Sim,0.18149641751101409,0.10770213477712356
3552551,Sinistros com vítimas feridas - pedestres,3464,Sim,0.12165351720922189,0.14364673505421455
3552601,Sinistros com vítimas feridas - pedestres,11499,Sim,0.013035118418827586,0.21419714525805889
3552700,Sinistros com vítimas feridas - pedestres,14994,Não,0.25967925907482675,0.09620213540315839
3552809,Sinistros com vítimas feridas - pedestres,284274,Sim,0.023411485055601155,-0.1829031502048067
3552908,Sinistros com vítimas feridas - pedestres,6399,Sim,0.8265547380842653,-0.019732474552287632
3553005,Sinistros com vítimas feridas - pedestres,13006,Sim,0.023819086908280322,-0.19871686991263468
3553104,Sinistros com vítimas feridas - pedestres,5751,Não,0.9331653316224663,0.008422760688652735
3553203,Sinistros com vítimas feridas - pedestres,6733,Não,0.0202985305922911,0.20696595472551738
3553302,Sinistros com vítimas feridas - pedestres,21682,Sim,1.0350195778325096e-5,0.38797890203696483
3553401,Sinistros com vítimas feridas - pedestres,26021,Sim,0.16881317602089266,0.1142030134429672
3553500,Sinistros com vítimas feridas - pedestres,8122,Não,0.6918619292520394,0.034742898835620546
3553609,Sinistros com vítimas feridas - pedestres,11936,Não,0.04077495734683047,0.17862671539544794
3553658,Sinistros com vítimas feridas - pedestres,2652,Não,0.9774752632448649,0.0031848668148991583
3553708,Sinistros com vítimas feridas - pedestres,53322,Sim,0.008753109443767303,0.2133857561664413
3553807,Sinistros com vítimas feridas - pedestres,24863,Sim,0.2923367206071049,0.09002853776864637
3553856,Sinistros com vítimas feridas - pedestres,7112,Sim,0.022518950845877208,0.20206632310216388
3553906,Sinistros com vítimas feridas - pedestres,6635,Não,0.8046264125426675,-0.0226988175105071
3553955,Sinistros com vítimas feridas - pedestres,15248,Sim,0.6952649320948239,-0.033902923459656745
3554003,Sinistros com vítimas feridas - pedestres,128560,Sim,0.3353684644020091,-0.0781276773875867
3554102,Sinistros com vítimas feridas - pedestres,321298,Sim,0.013850000455092852,0.19728082280198478
3554201,Sinistros com vítimas feridas - pedestres,4142,Não,0.08352800824605545,0.16115056867799452
3554300,Sinistros com vítimas feridas - pedestres,22559,Sim,0.8251512597247694,0.01866694459879976
3554409,Sinistros com vítimas feridas - pedestres,7985,Sim,0.57996929826766,0.050076646704691086
3554508,Sinistros com vítimas feridas - pedestres,38690,Sim,0.810893077364415,-0.02003516055029751
3554607,Sinistros com vítimas feridas - pedestres,2490,Não,0.7612079858009609,-0.0299678059126803
3554656,Sinistros com vítimas feridas - pedestres,2063,Não,0.860489188856308,-0.017506698030991575
3554706,Sinistros com vítimas feridas - pedestres,9484,Sim,0.0298186416557806,0.1922857514683873
3554755,Sinistros com vítimas feridas - pedestres,1719,Não,0.927508793799601,-0.009380937874551335
3554805,Sinistros com vítimas feridas - pedestres,53083,Sim,3.5708268366994113e-7,0.4226430045891649
3554904,Sinistros com vítimas feridas - pedestres,7013,Não,0.22057196277809196,-0.10618337857064618
3554953,Sinistros com vítimas feridas - pedestres,6947,Não,0.4072804281849547,-0.07536897860443272
3555000,Sinistros com vítimas feridas - pedestres,65416,Sim,0.007112300963472022,0.2170259468932055
3555109,Sinistros com vítimas feridas - pedestres,16206,Sim,0.8613637489145713,0.01499392656115693
3555208,Sinistros com vítimas feridas - pedestres,1839,Não,0.4280606241989614,0.07403673399237073
3555307,Sinistros com vítimas feridas - pedestres,1672,Não,0.07434534783885263,-0.167545594155916
3555356,Sinistros com vítimas feridas - pedestres,5456,Não,0.9482415780940987,0.00632829399263717
3555406,Sinistros com vítimas feridas - pedestres,96598,Sim,5.30364683912512e-4,0.2774560882058777
3555505,Sinistros com vítimas feridas - pedestres,5265,Não,0.7051315292511353,-0.035376260264371864
3555604,Sinistros com vítimas feridas - pedestres,10627,Não,0.12614998948087838,-0.13108469720291968
3555703,Sinistros com vítimas feridas - pedestres,1628,Sim,0.3169352624902075,-0.0959742105627175
3555802,Sinistros com vítimas feridas - pedestres,8973,Não,0.3305731079562265,0.08414695982526127
3555901,Sinistros com vítimas feridas - pedestres,1419,Não,0.21589816820937596,-0.11994580266493816
3556008,Sinistros com vítimas feridas - pedestres,14038,Sim,0.8160343402265838,0.02013073641867808
3556107,Sinistros com vítimas feridas - pedestres,14531,Não,0.0316507508941478,-0.18015453881884305
3556206,Sinistros com vítimas feridas - pedestres,131277,Sim,2.5291600819149023e-5,0.33998287316796894
3556305,Sinistros com vítimas feridas - pedestres,24723,Sim,0.9773193195386863,0.0027993696529232527
3556354,Sinistros com vítimas feridas - pedestres,10805,Sim,0.28220549869676986,0.09233479220078937
3556404,Sinistros com vítimas feridas - pedestres,41226,Sim,1.1446079305573304e-9,0.5005940919521498
3556453,Sinistros com vítimas feridas - pedestres,52103,Sim,0.8176659439919818,-0.01950859204016983
3556503,Sinistros com vítimas feridas - pedestres,119576,Sim,6.090519533036534e-14,0.6053639365894028
3556602,Sinistros com vítimas feridas - pedestres,10294,Não,0.07427972801257551,-0.1540571775509885
3556701,Sinistros com vítimas feridas - pedestres,79235,Sim,0.6001029828487966,-0.04299825068632111
3556800,Sinistros com vítimas feridas - pedestres,17681,Sim,0.030322080240904433,0.18702180099238738
3556909,Sinistros com vítimas feridas - pedestres,8327,Sim,0.27980330544492643,0.09816985698842498
3556958,Sinistros com vítimas feridas - pedestres,1826,Sim,0.8354923106891895,-0.02000097304397946
3557006,Sinistros com vítimas feridas - pedestres,132849,Sim,0.198324620881727,0.10439138365398026
3557105,Sinistros com vítimas feridas - pedestres,100159,Sim,0.07207668267608154,-0.14477116528188758
3557154,Sinistros com vítimas feridas - pedestres,2761,Não,0.30162442487431396,0.09647521374590656
3557204,Sinistros com vítimas feridas - pedestres,12411,Não,0.021229392676790346,0.20003142288765213
3557303,Sinistros com vítimas feridas - pedestres,11566,Sim,0.2830884607563716,0.09582888811528639
3500105,Sinistros com vítimas feridas - ciclistas,35642,Sim,0.17546591362687614,0.12475882166841887
3500204,Sinistros com vítimas feridas - ciclistas,4478,Sim,0.09272323984936424,-0.16422433156880292
3500303,Sinistros com vítimas feridas - ciclistas,32888,Não,0.5132054765577072,0.061518290691398796
3500402,Sinistros com vítimas feridas - ciclistas,7470,Sim,0.9865190656971827,0.0032739582960217193
3500501,Sinistros com vítimas feridas - ciclistas,18245,Sim,0.37837610334388877,-0.08615528890826278
3500550,Sinistros com vítimas feridas - ciclistas,7407,Não,0.05622064414573898,0.186615622873238
3500600,Sinistros com vítimas feridas - ciclistas,2829,Sim,0.9595725862854564,-0.0065479165920434386
3500709,Sinistros com vítimas feridas - ciclistas,38879,Sim,0.4159752423588477,0.07977891864187342
3500758,Sinistros com vítimas feridas - ciclistas,6330,Não,0.43359461153613366,-0.07816277836800144
3500808,Sinistros com vítimas feridas - ciclistas,4556,Não,0.14251806932729835,0.14324933323865652
3500907,Sinistros com vítimas feridas - ciclistas,3479,Não,0.4913649086367262,0.06896715738353068
3501004,Sinistros com vítimas feridas - ciclistas,17156,Sim,0.609408395394693,0.04979124701219052
3501103,Sinistros com vítimas feridas - ciclistas,3883,Não,0.26473874479121395,-0.11034745181364908
3501152,Sinistros com vítimas feridas - ciclistas,17591,Sim,0.36079764103570533,-0.08950805506161408
3501202,Sinistros com vítimas feridas - ciclistas,3978,Não,0.12414764516740556,0.1506020816169991
3501301,Sinistros com vítimas feridas - ciclistas,28250,Não,0.7636518442463163,-0.0298782477121141
3501400,Sinistros com vítimas feridas - ciclistas,4896,Não,NA,NA
3501509,Sinistros com vítimas feridas - ciclistas,2923,Não,0.9055568107673924,-0.013793431476706135
3501608,Sinistros com vítimas feridas - ciclistas,246655,Sim,0.012250618382513817,0.2173253179121942
3501707,Sinistros com vítimas feridas - ciclistas,33757,Sim,0.36439445087024513,0.08708774382887616
3501806,Sinistros com vítimas feridas - ciclistas,5975,Sim,0.7704554055608123,-0.02961422372552184
3501905,Sinistros com vítimas feridas - ciclistas,69717,Sim,0.4651378115186248,-0.06617892132718511
3502002,Sinistros com vítimas feridas - ciclistas,4684,Não,NA,NA
3502101,Sinistros com vítimas feridas - ciclistas,61473,Sim,0.076515097868308,0.15221486419431463
3502200,Sinistros com vítimas feridas - ciclistas,24512,Sim,0.7642058534469596,0.02974062262432039
3502309,Sinistros com vítimas feridas - ciclistas,5766,Não,NA,NA
3502408,Sinistros com vítimas feridas - ciclistas,4108,Não,0.1415594500995077,-0.14405416502495566
3502507,Sinistros com vítimas feridas - ciclistas,33223,Sim,0.1532818706506508,0.13150215226623527
3502606,Sinistros com vítimas feridas - ciclistas,4124,Não,0.10397284974034283,0.15760780452026954
3502705,Sinistros com vítimas feridas - ciclistas,24886,Sim,0.22092013831290083,-0.11976583598641774
3502754,Sinistros com vítimas feridas - ciclistas,22168,Sim,0.6182670068564149,-0.05057591541458916
3502804,Sinistros com vítimas feridas - ciclistas,207775,Sim,0.8289176629313306,0.018455312998052087
3502903,Sinistros com vítimas feridas - ciclistas,33656,Sim,0.18676658167145607,-0.12712514393475255
3503000,Sinistros com vítimas feridas - ciclistas,5526,Não,0.5945596972675642,-0.05253733666659957
3503109,Sinistros com vítimas feridas - ciclistas,7050,Sim,0.42711246273078224,0.07857499910452126
3503158,Sinistros com vítimas feridas - ciclistas,2355,Não,NA,NA
3503208,Sinistros com vítimas feridas - ciclistas,252318,Sim,0.38924773437071447,0.07359572755807926
3503307,Sinistros com vítimas feridas - ciclistas,135331,Sim,0.04068928086983222,0.1841446249790788
3503356,Sinistros com vítimas feridas - ciclistas,2085,Não,NA,NA
3503406,Sinistros com vítimas feridas - ciclistas,8280,Sim,0.11007885906623877,0.15614772509820607
3503505,Sinistros com vítimas feridas - ciclistas,3625,Não,NA,NA
3503604,Sinistros com vítimas feridas - ciclistas,10257,Não,0.1864872599891538,0.12915923488731323
3503703,Sinistros com vítimas feridas - ciclistas,7653,Não,0.9058485401168057,0.013095833184086877
3503802,Sinistros com vítimas feridas - ciclistas,53157,Sim,0.6608945382351907,0.04030437624713753
3503901,Sinistros com vítimas feridas - ciclistas,89943,Sim,0.528604153571996,0.059353373569757666
3503950,Sinistros com vítimas feridas - ciclistas,1873,Sim,0.6975550955858132,-0.03928749955226063
3504008,Sinistros com vítimas feridas - ciclistas,104642,Sim,0.0016933200657799428,0.2673064370158019
3504107,Sinistros com vítimas feridas - ciclistas,166043,Sim,0.38310739881626305,0.08055019914807036
3504206,Sinistros com vítimas feridas - ciclistas,13873,Não,0.3895159939443083,-0.08454059010805957
3504305,Sinistros com vítimas feridas - ciclistas,4519,Sim,0.8308897668881221,-0.02298905246117689
3504404,Sinistros com vítimas feridas - ciclistas,11438,Não,0.948341098530894,-0.00693146011813819
3504503,Sinistros com vítimas feridas - ciclistas,96098,Sim,0.6951366614351737,-0.03555093446859392
3504602,Sinistros com vítimas feridas - ciclistas,28909,Não,0.00945512819241465,0.24751923376995627
3504701,Sinistros com vítimas feridas - ciclistas,3963,Não,NA,NA
3504800,Sinistros com vítimas feridas - ciclistas,9854,Não,0.41280505875573054,0.08040100054211155
3504909,Sinistros com vítimas feridas - ciclistas,10109,Sim,NA,NA
3505005,Sinistros com vítimas feridas - ciclistas,3618,Não,0.17111539630299089,0.1342322901368905
3505104,Sinistros com vítimas feridas - ciclistas,5659,Não,0.15258420080658222,-0.1396438430468253
3505203,Sinistros com vítimas feridas - ciclistas,32405,Sim,0.24633222354621748,-0.10837143258900978
3505302,Sinistros com vítimas feridas - ciclistas,35159,Sim,0.8581069004394003,-0.0178266846580866
3505351,Sinistros com vítimas feridas - ciclistas,5256,Não,NA,NA
3505401,Sinistros com vítimas feridas - ciclistas,6922,Sim,0.3104490328075842,0.09961147980402801
3505500,Sinistros com vítimas feridas - ciclistas,126600,Sim,0.28322506623274823,-0.09286583242603443
3505609,Sinistros com vítimas feridas - ciclistas,33181,Não,0.24528400941580208,0.11136959298090329
3505708,Sinistros com vítimas feridas - ciclistas,330339,Sim,0.3018801263472839,0.09409663153802389
3505807,Sinistros com vítimas feridas - ciclistas,21900,Sim,0.7565586613932258,0.030732132339988845
3505906,Sinistros com vítimas feridas - ciclistas,59873,Sim,0.543958884750767,0.053818714486361906
3506003,Sinistros com vítimas feridas - ciclistas,391740,Sim,0.09127592246598147,-0.14438413132169217
3506102,Sinistros com vítimas feridas - ciclistas,78210,Sim,0.6543302378422882,-0.0405118461804549
3506201,Sinistros com vítimas feridas - ciclistas,2642,Não,NA,NA
3506300,Sinistros com vítimas feridas - ciclistas,11852,Sim,0.639805309521063,0.04619334453176733
3506359,Sinistros com vítimas feridas - ciclistas,66873,Sim,0.12704640518019994,0.1328256373722542
3506409,Sinistros com vítimas feridas - ciclistas,7455,Não,0.3263138372053342,-0.09590871784127365
3506508,Sinistros com vítimas feridas - ciclistas,122988,Sim,0.8000587141861952,-0.022188772501977493
3506607,Sinistros com vítimas feridas - ciclistas,30526,Sim,0.9859221805216799,0.0025491962249417476
3506706,Sinistros com vítimas feridas - ciclistas,13135,Sim,0.8173364546887798,-0.023349927407377586
3506805,Sinistros com vítimas feridas - ciclistas,11467,Sim,0.7071330393377895,-0.03757359560358203
3506904,Sinistros com vítimas feridas - ciclistas,10688,Não,0.587904093718028,-0.05384404313731244
3507001,Sinistros com vítimas feridas - ciclistas,63415,Sim,0.06640146258780616,-0.16611791860985795
3507100,Sinistros com vítimas feridas - ciclistas,22501,Sim,1,0
3507159,Sinistros com vítimas feridas - ciclistas,3610,Não,0.8680761693145194,-0.018391241968941513
3507209,Sinistros com vítimas feridas - ciclistas,928,Não,NA,NA
3507308,Sinistros com vítimas feridas - ciclistas,4823,Não,NA,NA
3507407,Sinistros com vítimas feridas - ciclistas,14415,Não,0.09566865811604917,0.1609786969427248
3507456,Sinistros com vítimas feridas - ciclistas,2787,Não,0.8680761693145194,-0.018391241968941513
3507506,Sinistros com vítimas feridas - ciclistas,150442,Sim,0.3752484286120533,0.07834493646999853
3507605,Sinistros com vítimas feridas - ciclistas,184634,Sim,0.3522256357310407,0.08731628356198538
3507704,Sinistros com vítimas feridas - ciclistas,5466,Não,NA,NA
3507753,Sinistros com vítimas feridas - ciclistas,2605,Não,0.33549281485835436,0.09494479058462986
3507803,Sinistros com vítimas feridas - ciclistas,26167,Sim,0.9457637420271008,0.007189780519122671
3507902,Sinistros com vítimas feridas - ciclistas,24423,Sim,0.0711360953151035,0.17442394435178885
3508009,Sinistros com vítimas feridas - ciclistas,20674,Sim,0.06498007388514247,0.1796407842902063
3508108,Sinistros com vítimas feridas - ciclistas,17597,Sim,0.29258909183469034,0.10134690475151155
3508207,Sinistros com vítimas feridas - ciclistas,4447,Sim,0.38883659475693294,-0.0851229156965647
3508306,Sinistros com vítimas feridas - ciclistas,4362,Não,0.6267553564506838,-0.048459638823581196
3508405,Sinistros com vítimas feridas - ciclistas,48473,Sim,0.031872888193418804,-0.20395411776398378
3508504,Sinistros com vítimas feridas - ciclistas,99678,Sim,5.538724622047226e-5,0.35706560991094
3508603,Sinistros com vítimas feridas - ciclistas,32482,Sim,0.010086650251208544,0.24542009514770835
3508702,Sinistros com vítimas feridas - ciclistas,17266,Não,NA,NA
3508801,Sinistros com vítimas feridas - ciclistas,16905,Sim,0.8226158364550884,0.0222399177684977
3508900,Sinistros com vítimas feridas - ciclistas,3745,Sim,0.40624866168390766,0.08276058886023681
3509007,Sinistros com vítimas feridas - ciclistas,98257,Sim,0.9542126882404672,0.0061346229939120865
3509106,Sinistros com vítimas feridas - ciclistas,5585,Não,NA,NA
3509205,Sinistros com vítimas feridas - ciclistas,97363,Sim,0.24786196467001154,-0.11060993270689409
3509254,Sinistros com vítimas feridas - ciclistas,29257,Sim,0.10698961008415808,0.1531444527171629
3509304,Sinistros com vítimas feridas - ciclistas,9232,Sim,0.5780280378022697,-0.05474766759320573
3509403,Sinistros com vítimas feridas - ciclistas,24217,Sim,0.7507828944450701,0.031440086774281555
3509452,Sinistros com vítimas feridas - ciclistas,6077,Sim,NA,NA
3509502,Sinistros com vítimas feridas - ciclistas,1185977,Sim,0.02102531829193701,0.19498396855922565
3509601,Sinistros com vítimas feridas - ciclistas,79663,Sim,0.14544326797857735,0.14076933747247694
3509700,Sinistros com vítimas feridas - ciclistas,47983,Sim,0.08644314183970354,0.16302053805213
3509809,Sinistros com vítimas feridas - ciclistas,4991,Não,0.20852402668836148,-0.12414088329035522
3509908,Sinistros com vítimas feridas - ciclistas,12489,Sim,0.37323758412602503,-0.08704324383883844
3509957,Sinistros com vítimas feridas - ciclistas,5049,Não,0.6975550955858132,-0.03928749955226063
3510005,Sinistros com vítimas feridas - ciclistas,30172,Sim,0.005576289240209313,0.24649386492199996
3510104,Sinistros com vítimas feridas - ciclistas,2951,Não,0.23027059231651067,0.1178624986567819
3510153,Sinistros com vítimas feridas - ciclistas,6524,Não,0.2604050520230806,0.1103802884314905
3510203,Sinistros com vítimas feridas - ciclistas,47403,Sim,0.22807078755755145,0.11280071627519851
3510302,Sinistros com vítimas feridas - ciclistas,23597,Sim,0.3822940804099487,0.08561640049371781
3510401,Sinistros com vítimas feridas - ciclistas,51318,Sim,0.530982998978388,-0.06022502127573858
3510500,Sinistros com vítimas feridas - ciclistas,141084,Sim,0.071665234811397735,0.15346335984578222
3510609,Sinistros com vítimas feridas - ciclistas,398462,Sim,0.1403944531756106,0.1354614075214191
3510708,Sinistros com vítimas feridas - ciclistas,11491,Não,1,5.437484676934889e-4
3510807,Sinistros com vítimas feridas - ciclistas,28786,Sim,0.8413486090530761,0.019954663497868244
3510906,Sinistros com vítimas feridas - ciclistas,2855,Não,0.2449437149629941,0.11494526230588446
3511003,Sinistros com vítimas feridas - ciclistas,20418,Não,0.46829739638312573,-0.06966197478384041
3511102,Sinistros com vítimas feridas - ciclistas,119172,Sim,0.6981787179672418,-0.03441642462863398
3511201,Sinistros com vítimas feridas - ciclistas,7105,Não,0.648239308370915,0.04583541614430407
3511300,Sinistros com vítimas feridas - ciclistas,13160,Não,0.37323758412602503,0.08704324383883844
3511409,Sinistros com vítimas feridas - ciclistas,22076,Sim,0.6443160176983986,0.045445195168421285
3511508,Sinistros com vítimas feridas - ciclistas,46217,Sim,0.756549868659201,-0.029427321752985302
3511607,Sinistros com vítimas feridas - ciclistas,19588,Sim,0.11105367641012315,0.15502478656928756
3511706,Sinistros com vítimas feridas - ciclistas,15798,Sim,0.5401552403713916,-0.060320645802392096
3511904,Sinistros com vítimas feridas - ciclistas,7087,Não,0.7941345626303161,-0.026106814245688822
3512001,Sinistros com vítimas feridas - ciclistas,18842,Sim,0.4658432082290659,0.06968106460915627
3512100,Sinistros com vítimas feridas - ciclistas,6781,Não,0.33549281485835436,0.09494479058462986
3512209,Sinistros com vítimas feridas - ciclistas,29034,Sim,0.2784603403464662,0.10257083184053883
3512308,Sinistros com vítimas feridas - ciclistas,15381,Sim,0.8667695757405325,0.01710864612287679
3512407,Sinistros com vítimas feridas - ciclistas,25130,Sim,0.21352627141251926,0.11623893659620489
3512506,Sinistros com vítimas feridas - ciclistas,5498,Não,0.778890863809782,-0.02797818551962664
3512605,Sinistros com vítimas feridas - ciclistas,4295,Não,NA,NA
3512704,Sinistros com vítimas feridas - ciclistas,4285,Não,0.19324407489579937,-0.12768437354484705
3512803,Sinistros com vítimas feridas - ciclistas,61204,Sim,0.49656162158376377,0.06533234659263837
3512902,Sinistros com vítimas feridas - ciclistas,8968,Sim,0.9799206803450585,-0.0032511429776702935
3513009,Sinistros com vítimas feridas - ciclistas,287004,Sim,0.5147771557192995,-0.06038776864420727
3513108,Sinistros com vítimas feridas - ciclistas,34252,Sim,0.7382707661575018,-0.03184904238950299
3513207,Sinistros com vítimas feridas - ciclistas,9543,Sim,0.09272323984936424,0.16422433156880292
3513306,Sinistros com vítimas feridas - ciclistas,2129,Não,NA,NA
3513405,Sinistros com vítimas feridas - ciclistas,76513,Sim,1.7647385255086515e-4,0.33633788204841103
3513504,Sinistros com vítimas feridas - ciclistas,115082,Sim,0.09584761925696,-0.14721042126145584
3513603,Sinistros com vítimas feridas - ciclistas,22456,Sim,0.6004203422318055,0.05238333273634751
3513702,Sinistros com vítimas feridas - ciclistas,32622,Não,0.07513791621285464,-0.1687417359392826
3513801,Sinistros com vítimas feridas - ciclistas,404118,Sim,1,-4.471651254272972e-4
3513850,Sinistros com vítimas feridas - ciclistas,1641,Não,NA,NA
3513900,Sinistros com vítimas feridas - ciclistas,11314,Não,0.7218898066554122,-0.036782483937883026
3514007,Sinistros com vítimas feridas - ciclistas,8958,Sim,0.7862824391503942,-0.027241581975273852
3514106,Sinistros com vítimas feridas - ciclistas,24855,Sim,0.4178213484803843,0.07927152563894214
3514205,Sinistros com vítimas feridas - ciclistas,2250,Não,0.7918393820170588,0.0267947299734367
3514304,Sinistros com vítimas feridas - ciclistas,8186,Sim,0.7990994653595314,-0.025831846977462648
3514403,Sinistros com vítimas feridas - ciclistas,46664,Sim,0.012839439866368476,0.21688755249581854
3514502,Sinistros com vítimas feridas - ciclistas,12529,Não,0.8048866782974213,0.024642230174436893
3514601,Sinistros com vítimas feridas - ciclistas,9719,Não,0.592609302304826,0.05289539509349444
3514700,Sinistros com vítimas feridas - ciclistas,6295,Não,0.28560949949622644,0.1057496413214137
3514809,Sinistros com vítimas feridas - ciclistas,13162,Sim,0.012461859490574372,-0.24294277494485042
3514908,Sinistros com vítimas feridas - ciclistas,18103,Não,0.4913649086367262,0.06896715738353068
3514924,Sinistros com vítimas feridas - ciclistas,3189,Não,NA,NA
3514957,Sinistros com vítimas feridas - ciclistas,2353,Não,0.33060949373115583,-0.09655402033694295
3515004,Sinistros com vítimas feridas - ciclistas,259323,Sim,0.006035920213421159,0.259901121723636
3515103,Sinistros com vítimas feridas - ciclistas,68805,Sim,0.12300197015158973,-0.14814848896667251
3515129,Sinistros com vítimas feridas - ciclistas,3062,Não,0.467498034346237,0.07202708251247783
3515152,Sinistros com vítimas feridas - ciclistas,20139,Sim,0.22622365070870748,-0.11666007392789397
3515186,Sinistros com vítimas feridas - ciclistas,40681,Sim,0.9788695449883841,0.0031364912972680205
3515194,Sinistros com vítimas feridas - ciclistas,4217,Sim,0.09203576484188987,-0.16552117772047362
3515202,Sinistros com vítimas feridas - ciclistas,9655,Não,0.5059912550463936,0.06534296365975366
3515301,Sinistros com vítimas feridas - ciclistas,2749,Não,0.8308897668881221,0.02298905246117689
3515350,Sinistros com vítimas feridas - ciclistas,7928,Não,0.8557437560362812,-0.018786797801791016
3515400,Sinistros com vítimas feridas - ciclistas,16984,Não,0.553520023814622,-0.05837481851844397
3515509,Sinistros com vítimas feridas - ciclistas,73286,Sim,0.5451761976654741,-0.05316475685320195
3515608,Sinistros com vítimas feridas - ciclistas,6066,Não,0.6004203422318055,-0.05238333273634751
3515657,Sinistros com vítimas feridas - ciclistas,1689,Não,0.19324407489579937,-0.12768437354484705
3515707,Sinistros com vítimas feridas - ciclistas,185622,Sim,0.4360215676770532,-0.07437564724186012
3515806,Sinistros com vítimas feridas - ciclistas,1492,Não,NA,NA
3515905,Sinistros com vítimas feridas - ciclistas,2756,Não,NA,NA
3516002,Sinistros com vítimas feridas - ciclistas,13171,Não,0.24162381585615897,-0.1143501864045689
3516101,Sinistros com vítimas feridas - ciclistas,3987,Sim,0.9865190656971827,0.0032739582960217193
3516200,Sinistros com vítimas feridas - ciclistas,364331,Sim,0.037478515803458394,0.17441723844669607
3516309,Sinistros com vítimas feridas - ciclistas,171107,Sim,0.5986907639499377,-0.051685858935435786
3516408,Sinistros com vítimas feridas - ciclistas,149786,Sim,0.6188321700843353,-0.04714345369558673
3516507,Sinistros com vítimas feridas - ciclistas,2811,Não,0.5771247734654821,-0.05565729103236923
3516606,Sinistros com vítimas feridas - ciclistas,6435,Não,0.9131415067926992,-0.011741748626119385
3516705,Sinistros com vítimas feridas - ciclistas,43115,Sim,0.06641445659851476,0.1656324973764228
3516804,Sinistros com vítimas feridas - ciclistas,3235,Não,0.30756494176688237,-0.10115183082917832
3516853,Sinistros com vítimas feridas - ciclistas,4797,Sim,0.43359461153613366,-0.07816277836800144
3516903,Sinistros com vítimas feridas - ciclistas,10449,Não,0.6318402260802456,-0.046770316905593
3517000,Sinistros com vítimas feridas - ciclistas,10355,Não,0.16151090974501228,0.13793431476706136
3517109,Sinistros com vítimas feridas - ciclistas,4173,Sim,NA,NA
3517208,Sinistros com vítimas feridas - ciclistas,11459,Não,0.3740711846181206,0.08619608748676745
3517307,Sinistros com vítimas feridas - ciclistas,5606,Não,0.43937176715713816,-0.07588726407397715
3517406,Sinistros com vítimas feridas - ciclistas,40424,Sim,0.5277706451724562,0.058073188349514644
3517505,Sinistros com vítimas feridas - ciclistas,22316,Sim,0.2508539577224162,-0.11139353402253831
3517604,Sinistros com vítimas feridas - ciclistas,17256,Sim,NA,NA
3517703,Sinistros com vítimas feridas - ciclistas,18790,Sim,0.0175836147943009,0.22567131344392163
3517802,Sinistros com vítimas feridas - ciclistas,7486,Sim,0.1271276203368769,0.14793861405890332
3517901,Sinistros com vítimas feridas - ciclistas,10542,Não,0.8836029613114974,-0.014735853271625193
3518008,Sinistros com vítimas feridas - ciclistas,1999,Não,NA,NA
3518107,Sinistros com vítimas feridas - ciclistas,6531,Não,0.4283768450568738,-0.07807386254910303
3518206,Sinistros com vítimas feridas - ciclistas,31872,Sim,0.017222379876283677,-0.2097233814423722
3518305,Sinistros com vítimas feridas - ciclistas,32436,Sim,0.28457237164921506,-0.10097892272412877
3518404,Sinistros com vítimas feridas - ciclistas,121710,Sim,0.004252767118552888,0.2439972980434203
3518503,Sinistros com vítimas feridas - ciclistas,15268,Sim,0.2871072717626449,0.10476666547269502
3518602,Sinistros com vítimas feridas - ciclistas,38609,Sim,0.30137934949573403,0.09947198934350711
3518701,Sinistros com vítimas feridas - ciclistas,294973,Sim,3.408169442283187e-4,0.30157197317178003
3518800,Sinistros com vítimas feridas - ciclistas,1345364,Sim,0.014154720905034153,0.20672678048143603
3518859,Sinistros com vítimas feridas - ciclistas,7462,Não,0.7562494372747272,0.030885858287867787
3518909,Sinistros com vítimas feridas - ciclistas,4276,Não,0.24366748891503676,-0.11458854036076017
3519006,Sinistros com vítimas feridas - ciclistas,9302,Não,0.4423809342423473,-0.07527804294065787
3519055,Sinistros com vítimas feridas - ciclistas,15596,Sim,0.8528976759692256,0.01881951073516447
3519071,Sinistros com vítimas feridas - ciclistas,247331,Sim,0.044590002507366784,0.18134082728758288
3519105,Sinistros com vítimas feridas - ciclistas,10633,Não,0.8462985837493053,0.019853365558847844
3519204,Sinistros com vítimas feridas - ciclistas,6207,Não,0.8036103901734933,-0.024869498239668126
3519253,Sinistros com vítimas feridas - ciclistas,8257,Não,0.037682851284764174,-0.2029854143533466
3519303,Sinistros com vítimas feridas - ciclistas,33110,Sim,0.3004125056557813,-0.09866844709001858
3519402,Sinistros com vítimas feridas - ciclistas,11934,Não,0.5206513642791695,0.06340544258104468
3519501,Sinistros com vítimas feridas - ciclistas,6461,Não,0.9552199669883715,0.0062173745599170315
3519600,Sinistros com vítimas feridas - ciclistas,61908,Sim,2.747747989083887e-4,0.3268807273791154
3519709,Sinistros com vítimas feridas - ciclistas,77651,Sim,0.31249250225728253,0.09859821744997653
3519808,Sinistros com vítimas feridas - ciclistas,7969,Sim,0.19629991153685225,-0.12653350137268424
3519907,Sinistros com vítimas feridas - ciclistas,7739,Sim,0.4619757169102612,-0.07356496787576605
3520004,Sinistros com vítimas feridas - ciclistas,23430,Sim,0.8113185468081916,-0.02372926304599289
3520103,Sinistros com vítimas feridas - ciclistas,26755,Sim,0.33559636974593593,-0.09251359080234073
3520202,Sinistros com vítimas feridas - ciclistas,10904,Sim,NA,NA
3520301,Sinistros com vítimas feridas - ciclistas,29881,Sim,0.8705614638656405,0.015880299514928618
3520400,Sinistros com vítimas feridas - ciclistas,36329,Sim,0.0010197891884506337,0.30245099322442726
3520426,Sinistros com vítimas feridas - ciclistas,13955,Sim,0.6568131738087305,-0.04313868311473602
3520442,Sinistros com vítimas feridas - ciclistas,26240,Sim,0.32804248707352923,0.09158187582543685
3520509,Sinistros com vítimas feridas - ciclistas,267796,Sim,0.11345645173926985,0.13949377479210814
3520608,Sinistros com vítimas feridas - ciclistas,5191,Não,0.4447577371668595,-0.07538166039223741
3520707,Sinistros com vítimas feridas - ciclistas,4109,Não,0.11187095548992027,0.15632555673600287
3520806,Sinistros com vítimas feridas - ciclistas,3671,Sim,0.7162641396778344,-0.036203196019075484
3520905,Sinistros com vítimas feridas - ciclistas,13933,Sim,0.40069170417790445,0.08216518120831377
3521002,Sinistros com vítimas feridas - ciclistas,37999,Sim,0.24162381585615897,0.1143501864045689
3521101,Sinistros com vítimas feridas - ciclistas,6999,Não,0.41280505875573054,0.08040100054211155
3521150,Sinistros com vítimas feridas - ciclistas,7037,Sim,0.9667516046552552,0.005384404313731244
3521200,Sinistros com vítimas feridas - ciclistas,4091,Não,NA,NA
3521309,Sinistros com vítimas feridas - ciclistas,14691,Sim,0.6953180267591241,0.03891654567896265
3521408,Sinistros com vítimas feridas - ciclistas,22435,Sim,0.020076071933363145,0.22445674857549072
3521507,Sinistros com vítimas feridas - ciclistas,6946,Não,0.553520023814622,0.05837481851844397
3521606,Sinistros com vítimas feridas - ciclistas,7145,Não,0.028175621035810068,-0.21369739617771752
3521705,Sinistros com vítimas feridas - ciclistas,18258,Sim,0.2720812743637098,-0.10804062376871675
3521804,Sinistros com vítimas feridas - ciclistas,25930,Sim,0.3503395995245834,0.09145388234556222
3521903,Sinistros com vítimas feridas - ciclistas,17420,Não,0.8178793067119369,-0.02348349725223877
3522000,Sinistros com vítimas feridas - ciclistas,3702,Não,NA,NA
3522109,Sinistros com vítimas feridas - ciclistas,117435,Sim,0.8111329612957888,0.021123395167712066
3522158,Sinistros com vítimas feridas - ciclistas,3490,Não,NA,NA
3522208,Sinistros com vítimas feridas - ciclistas,163928,Sim,0.09177828743341201,0.16030307446366296
3522307,Sinistros com vítimas feridas - ciclistas,163774,Sim,0.11262267905195839,-0.13739877154982652
3522406,Sinistros com vítimas feridas - ciclistas,92324,Sim,0.33161620696111693,-0.08999329315161304
3522505,Sinistros com vítimas feridas - ciclistas,241924,Sim,0.07018548447535981,-0.16978657554868898
3522604,Sinistros com vítimas feridas - ciclistas,73919,Sim,0.021302549699355654,0.21591147406186673
3522653,Sinistros com vítimas feridas - ciclistas,4405,Não,NA,NA
3522703,Sinistros com vítimas feridas - ciclistas,40464,Sim,0.0654362972856372,0.17138045816887057
3522802,Sinistros com vítimas feridas - ciclistas,14260,Sim,0.03897535888150173,0.1996870376204369
3522901,Sinistros com vítimas feridas - ciclistas,13984,Não,0.08835850144123154,0.16595386739190485
3523008,Sinistros com vítimas feridas - ciclistas,4014,Não,0.44704586361800736,0.07530104080849954
3523107,Sinistros com vítimas feridas - ciclistas,382521,Sim,0.14906687939672275,-0.12820253030386844
3523206,Sinistros com vítimas feridas - ciclistas,45327,Sim,0.6898852779981728,0.03819719485857083
3523305,Sinistros com vítimas feridas - ciclistas,15762,Sim,0.19353065684129447,-0.12533928730774585
3523404,Sinistros com vítimas feridas - ciclistas,126403,Sim,0.030886883785622748,0.19893397495097434
3523503,Sinistros com vítimas feridas - ciclistas,19427,Sim,0.20316686567854444,0.12401100467083699
3523602,Sinistros com vítimas feridas - ciclistas,16433,Sim,0.053981885700000856,0.18661537590436825
3523701,Sinistros com vítimas feridas - ciclistas,5861,Não,0.07603864019391413,0.17351978968915113
3523800,Sinistros com vítimas feridas - ciclistas,8210,Sim,0.023527238848855356,0.220760576862981
3523909,Sinistros com vítimas feridas - ciclistas,174561,Sim,0.39418875507612916,-0.07503009240221464
3524006,Sinistros com vítimas feridas - ciclistas,74119,Sim,0.20189612522780848,0.11889249342200087
3524105,Sinistros com vítimas feridas - ciclistas,38451,Sim,0.9422241525504678,0.007267716984027732
3524204,Sinistros com vítimas feridas - ciclistas,6293,Sim,0.8186273212499156,0.023273973841137552
3524303,Sinistros com vítimas feridas - ciclistas,73467,Sim,0.6782466696827794,-0.038065338811608826
3524402,Sinistros com vítimas feridas - ciclistas,249968,Sim,7.547166657771912e-4,0.29153742132504357
3524501,Sinistros com vítimas feridas - ciclistas,7878,Não,NA,NA
3524600,Sinistros com vítimas feridas - ciclistas,16254,Sim,0.9021105183999893,-0.012454122218175016
3524709,Sinistros com vítimas feridas - ciclistas,61801,Sim,0.3621294518831643,0.08786670966983816
3524808,Sinistros com vítimas feridas - ciclistas,50017,Sim,0.48755407917486826,0.06088595715445878
3524907,Sinistros com vítimas feridas - ciclistas,6575,Não,0.7283236901523403,0.034998628039253084
3525003,Sinistros com vítimas feridas - ciclistas,121988,Sim,0.43615246347670594,0.07618953166589096
3525102,Sinistros com vítimas feridas - ciclistas,46868,Sim,0.3384488169360973,0.08942168246305249
3525201,Sinistros com vítimas feridas - ciclistas,39531,Sim,0.5949061785069296,0.052022252300147676
3525300,Sinistros com vítimas feridas - ciclistas,137323,Sim,0.0011663179083086796,-0.29947122128026094
3525409,Sinistros com vítimas feridas - ciclistas,3976,Não,NA,NA
3525508,Sinistros com vítimas feridas - ciclistas,13095,Não,0.5318555310864392,0.062205207624412666
3525607,Sinistros com vítimas feridas - ciclistas,4456,Não,0.38365715784824644,0.08530886922245616
3525706,Sinistros com vítimas feridas - ciclistas,37859,Sim,0.5590053416949992,-0.05434790553947622
3525805,Sinistros com vítimas feridas - ciclistas,4308,Não,0.856661731563711,0.018845415098059353
3525854,Sinistros com vítimas feridas - ciclistas,3123,Não,0.5287006586983842,-0.06189578674229034
3525904,Sinistros com vítimas feridas - ciclistas,460313,Sim,0.24608964499834227,0.10042956538381098
3526001,Sinistros com vítimas feridas - ciclistas,20878,Sim,0.4811120383760108,0.06558953897140898
3526100,Sinistros com vítimas feridas - ciclistas,17255,Sim,0.8433430884707973,0.019682598874238705
3526209,Sinistros com vítimas feridas - ciclistas,28007,Sim,0.09752473848403,-0.16150366456769497
3526308,Sinistros com vítimas feridas - ciclistas,5182,Não,0.20852402668836148,0.12414088329035522
3526407,Sinistros com vítimas feridas - ciclistas,27009,Sim,0.6272293021673091,-0.04790420914405501
3526506,Sinistros com vítimas feridas - ciclistas,9909,Não,0.9131415067926992,0.011741748626119385
3526605,Sinistros com vítimas feridas - ciclistas,7328,Não,0.3098582667527976,-0.09944334277576954
3526704,Sinistros com vítimas feridas - ciclistas,101316,Sim,5.4596460485160125e-5,0.3422793262146141
3526803,Sinistros com vítimas feridas - ciclistas,68395,Sim,0.22811192851445816,0.11364470255094765
3526902,Sinistros com vítimas feridas - ciclistas,300728,Sim,0.015722537876119422,0.21183343702322346
3527009,Sinistros com vítimas feridas - ciclistas,7147,Sim,0.48967848563576977,-0.06810214203149244
3527108,Sinistros com vítimas feridas - ciclistas,76729,Sim,0.6135322312122071,0.04559886358318898
3527207,Sinistros com vítimas feridas - ciclistas,87370,Sim,4.4347233057761637e-4,0.30598714659493054
3527256,Sinistros com vítimas feridas - ciclistas,1968,Não,1,0
3527306,Sinistros com vítimas feridas - ciclistas,54111,Sim,0.5434923539420627,0.05952099775170546
3527405,Sinistros com vítimas feridas - ciclistas,20372,Sim,0.23971415560056525,-0.11276451828528337
3527504,Sinistros com vítimas feridas - ciclistas,2419,Não,NA,NA
3527603,Sinistros com vítimas feridas - ciclistas,12531,Sim,0.1883027392947439,0.1283148459215759
3527702,Sinistros com vítimas feridas - ciclistas,4751,Não,NA,NA
3527801,Sinistros com vítimas feridas - ciclistas,4017,Não,0.7218898066554122,-0.036782483937883026
3527900,Sinistros com vítimas feridas - ciclistas,2699,Não,NA,NA
3528007,Sinistros com vítimas feridas - ciclistas,17120,Não,0.23019924859064256,0.11741748626119386
3528106,Sinistros com vítimas feridas - ciclistas,7587,Não,0.08274277558201393,-0.16789750055570993
3528205,Sinistros com vítimas feridas - ciclistas,4048,Sim,0.536507866007863,-0.0610570928558208
3528304,Sinistros com vítimas feridas - ciclistas,3212,Não,0.8871160752576746,0.014810710626178442
3528403,Sinistros com vítimas feridas - ciclistas,51660,Sim,0.9618883285589056,0.005290755355707152
3528502,Sinistros com vítimas feridas - ciclistas,97399,Sim,0.9727723041215789,-0.003968066516780364
3528601,Sinistros com vítimas feridas - ciclistas,10092,Não,0.6869973223650153,0.04038303235298433
3528700,Sinistros com vítimas feridas - ciclistas,4627,Não,0.20506637278134243,0.12441041524882533
3528809,Sinistros com vítimas feridas - ciclistas,12826,Não,0.4644061505311859,0.07193773732715243
3528858,Sinistros com vítimas feridas - ciclistas,3392,Não,0.5318127217545553,-0.0619206496079093
3528908,Sinistros com vítimas feridas - ciclistas,3539,Sim,0.05010232959496178,-0.19114635313745915
3529005,Sinistros com vítimas feridas - ciclistas,246627,Sim,0.02558590570323005,-0.19036213329268545
3529104,Sinistros com vítimas feridas - ciclistas,1870,Não,NA,NA
3529203,Sinistros com vítimas feridas - ciclistas,25299,Sim,0.09421964126072599,0.15915697231041612
3529302,Sinistros com vítimas feridas - ciclistas,80998,Sim,0.006444472747190259,0.24523467448476788
3529401,Sinistros com vítimas feridas - ciclistas,429380,Sim,0.4554870586691016,0.06752053555016789
3529500,Sinistros com vítimas feridas - ciclistas,6369,Não,0.6077977723791612,0.05077957928975466
3529609,Sinistros com vítimas feridas - ciclistas,4697,Não,0.9903301518083067,-0.002348349725223877
3529658,Sinistros com vítimas feridas - ciclistas,1988,Não,0.8785270127561069,0.01615321294119373
3529708,Sinistros com vítimas feridas - ciclistas,19655,Sim,0.11800041679133141,0.15210921647658063
3529807,Sinistros com vítimas feridas - ciclistas,11349,Não,0.6733625787537247,-0.04174689344928706
3529906,Sinistros com vítimas feridas - ciclistas,18679,Sim,0.8754557581688429,0.015746079099390964
3530003,Sinistros com vítimas feridas - ciclistas,3199,Não,0.8791318473617636,0.016369791480108597
3530102,Sinistros com vítimas feridas - ciclistas,28737,Sim,0.49246579696323534,-0.06610333830516611
3530201,Sinistros com vítimas feridas - ciclistas,16069,Não,0.4462814727091257,0.07437835097515225
3530300,Sinistros com vítimas feridas - ciclistas,65485,Sim,0.30678870638196065,-0.08901099102913511
3530409,Sinistros com vítimas feridas - ciclistas,4771,Sim,0.6004203422318055,0.05238333273634751
3530508,Sinistros com vítimas feridas - ciclistas,69324,Sim,4.15525595710493e-4,0.32425058221606134
3530607,Sinistros com vítimas feridas - ciclistas,468120,Sim,0.12317430399132336,-0.13376556266721026
3530706,Sinistros com vítimas feridas - ciclistas,159735,Sim,0.009413653519082561,0.22668956112811744
3530805,Sinistros com vítimas feridas - ciclistas,95534,Sim,0.0027232681748127477,0.2714374325854965
3530904,Sinistros com vítimas feridas - ciclistas,3815,Não,0.9595725862854564,-0.0065479165920434386
3531001,Sinistros com vítimas feridas - ciclistas,1954,Sim,0.3547427758983374,-0.09195620984470756
3531100,Sinistros com vítimas feridas - ciclistas,64519,Sim,0.0021029602316708414,0.28692459797125397
3531209,Sinistros com vítimas feridas - ciclistas,8873,Sim,0.6022656757980314,-0.051663693954925295
3531308,Sinistros com vítimas feridas - ciclistas,48725,Sim,0.6367401475353403,-0.045779837052030134
3531407,Sinistros com vítimas feridas - ciclistas,22650,Não,0.5231077095021126,0.061932353728533236
3531506,Sinistros com vítimas feridas - ciclistas,18363,Sim,0.1864872599891538,0.12915923488731323
3531605,Sinistros com vítimas feridas - ciclistas,4301,Não,0.31444862160927367,0.09863068845940284
3531704,Sinistros com vítimas feridas - ciclistas,4205,Não,0.2375982420562468,-0.11576469274522173
3531803,Sinistros com vítimas feridas - ciclistas,67296,Sim,0.4655680961099027,0.06982089475309836
3531902,Sinistros com vítimas feridas - ciclistas,28561,Sim,0.8992706849410544,-0.012380282151392934
3532009,Sinistros com vítimas feridas - ciclistas,14081,Sim,0.48967848563576977,0.06810214203149244
3532058,Sinistros com vítimas feridas - ciclistas,4079,Não,NA,NA
3532108,Sinistros com vítimas feridas - ciclistas,3763,Não,NA,NA
3532157,Sinistros com vítimas feridas - ciclistas,2699,Não,NA,NA
3532207,Sinistros com vítimas feridas - ciclistas,5908,Não,0.28480749980665926,-0.10449944689640313
3532306,Sinistros com vítimas feridas - ciclistas,7134,Sim,NA,NA
3532405,Sinistros com vítimas feridas - ciclistas,18620,Sim,0.3895159939443083,0.08454059010805957
3532504,Sinistros com vítimas feridas - ciclistas,9921,Não,0.37583629395298096,0.08601857854172423
3532603,Sinistros com vítimas feridas - ciclistas,9944,Não,0.9665407467190242,-0.00487671446650544
3532702,Sinistros com vítimas feridas - ciclistas,4860,Sim,0.14776646816330918,0.14253212525929673
3532801,Sinistros com vítimas feridas - ciclistas,6858,Não,0.38883659475693294,-0.0851229156965647
3532827,Sinistros com vítimas feridas - ciclistas,8631,Sim,0.2720812743637098,-0.10804062376871675
3532843,Sinistros com vítimas feridas - ciclistas,2058,Sim,NA,NA
3532868,Sinistros com vítimas feridas - ciclistas,1074,Não,0.28560949949622644,-0.1057496413214137
3532900,Sinistros com vítimas feridas - ciclistas,9459,Não,0.14776646816330918,0.14253212525929673
3533007,Sinistros com vítimas feridas - ciclistas,19725,Sim,0.491289298809539,0.0669208361724116
3533106,Sinistros com vítimas feridas - ciclistas,2188,Não,0.9865190656971827,0.0032739582960217193
3533205,Sinistros com vítimas feridas - ciclistas,4795,Não,0.3547427758983374,0.09195620984470756
3533254,Sinistros com vítimas feridas - ciclistas,4469,Não,0.5530314220128614,-0.05977153639905992
3533304,Sinistros com vítimas feridas - ciclistas,2838,Sim,0.4913649086367262,-0.06896715738353068
3533403,Sinistros com vítimas feridas - ciclistas,64228,Sim,0.07516999805042072,0.1690752994384113
3533502,Sinistros com vítimas feridas - ciclistas,39435,Sim,0.01728397140545236,0.21834502743854067
3533601,Sinistros com vítimas feridas - ciclistas,7550,Não,0.12990584342890452,0.14807111862760922
3533700,Sinistros com vítimas feridas - ciclistas,4412,Não,0.5852269022054746,0.05517372590682454
3533809,Sinistros com vítimas feridas - ciclistas,2540,Não,NA,NA
3533908,Sinistros com vítimas feridas - ciclistas,56701,Sim,0.339631323086375,0.08726695435219639
3534005,Sinistros com vítimas feridas - ciclistas,4912,Não,0.30756494176688237,0.10115183082917832
3534104,Sinistros com vítimas feridas - ciclistas,6180,Não,0.6267553564506838,0.048459638823581196
3534203,Sinistros com vítimas feridas - ciclistas,6145,Não,NA,NA
3534302,Sinistros com vítimas feridas - ciclistas,39193,Sim,0.7569625262266642,0.02944910729710866
3534401,Sinistros com vítimas feridas - ciclistas,756952,Sim,0.1360707468054363,-0.12803519838651325
3534500,Sinistros com vítimas feridas - ciclistas,2504,Não,0.2449437149629941,0.11494526230588446
3534609,Sinistros com vítimas feridas - ciclistas,32099,Sim,0.18806226140119206,0.12070517587650728
3534708,Sinistros com vítimas feridas - ciclistas,106877,Sim,0.4618200210232185,-0.06394574883742438
3534757,Sinistros com vítimas feridas - ciclistas,10596,Não,0.8545544189308107,-0.018066426270498856
3534807,Sinistros com vítimas feridas - ciclistas,7901,Não,0.22721643522202445,0.11722162709854916
3534906,Sinistros com vítimas feridas - ciclistas,15217,Não,0.1615955870729978,-0.13560951967961185
3535002,Sinistros com vítimas feridas - ciclistas,11689,Não,0.31444862160927367,0.09863068845940284
3535101,Sinistros com vítimas feridas - ciclistas,9709,Sim,0.320378512699328,-0.09732752697202976
3535200,Sinistros com vítimas feridas - ciclistas,8994,Sim,0.7405423764685878,0.032627736688240226
3535309,Sinistros com vítimas feridas - ciclistas,19767,Não,0.1976589481688363,-0.12327929748350024
3535408,Sinistros com vítimas feridas - ciclistas,15214,Sim,0.13459956368298528,-0.1421031031302085
3535507,Sinistros com vítimas feridas - ciclistas,42087,Sim,0.7780997036174735,-0.025746770222112303
3535606,Sinistros com vítimas feridas - ciclistas,17950,Sim,0.9391004562610402,0.008413914320713733
3535705,Sinistros com vítimas feridas - ciclistas,6211,Sim,0.19400954268243112,-0.126208714810706
3535804,Sinistros com vítimas feridas - ciclistas,19799,Sim,0.9225201172589679,0.010768808627462488
3535903,Sinistros com vítimas feridas - ciclistas,4111,Não,0.21740590165754722,0.12113645695280362
3536000,Sinistros com vítimas feridas - ciclistas,10729,Não,0.9488852171856862,-0.006945114337316735
3536109,Sinistros com vítimas feridas - ciclistas,7382,Não,0.5099154632752814,-0.06547916592043439
3536208,Sinistros com vítimas feridas - ciclistas,19576,Sim,0.8860120126875984,-0.014549577228194669
3536257,Sinistros com vítimas feridas - ciclistas,3001,Sim,0.20671901477581067,0.12318225208471288
3536307,Sinistros com vítimas feridas - ciclistas,14837,Sim,0.3104490328075842,0.09961147980402801
3536406,Sinistros com vítimas feridas - ciclistas,8200,Sim,0.6975550955858132,0.03928749955226063
3536505,Sinistros com vítimas feridas - ciclistas,115690,Sim,0.4401766189816623,0.07318608998582227
3536570,Sinistros com vítimas feridas - ciclistas,2146,Não,NA,NA
3536604,Sinistros com vítimas feridas - ciclistas,7430,Não,0.05397651340461943,0.18786797801791016
3536703,Sinistros com vítimas feridas - ciclistas,46223,Sim,0.43035490272577787,-0.07489494608779385
3536802,Sinistros com vítimas feridas - ciclistas,6718,Não,NA,NA
3536901,Sinistros com vítimas feridas - ciclistas,2848,Sim,NA,NA
3537008,Sinistros com vítimas feridas - ciclistas,15742,Sim,0.9881403794971544,0.00214691162398298
3537107,Sinistros com vítimas feridas - ciclistas,44332,Sim,0.21677870222042941,0.11981222257226214
3537156,Sinistros com vítimas feridas - ciclistas,2838,Não,0.06873665265686729,0.17768534235313105
3537206,Sinistros com vítimas feridas - ciclistas,11539,Sim,0.24001664999807829,-0.1148038097529398
3537305,Sinistros com vítimas feridas - ciclistas,63317,Sim,0.08693035580364458,-0.14860021539741128
3537404,Sinistros com vítimas feridas - ciclistas,24389,Sim,0.748981580007114,-0.02937706610708086
3537503,Sinistros com vítimas feridas - ciclistas,8969,Não,0.7869234583646871,-0.027731171852367932
3537602,Sinistros com vítimas feridas - ciclistas,70543,Sim,0.15443992650994248,0.12724162749967696
3537701,Sinistros com vítimas feridas - ciclistas,5623,Não,0.2375982420562468,-0.11576469274522173
3537800,Sinistros com vítimas feridas - ciclistas,54237,Sim,0.46258759311775316,-0.0709637287192504
3537909,Sinistros com vítimas feridas - ciclistas,28417,Sim,0.3192087576598961,-0.09650998245929643
3538006,Sinistros com vítimas feridas - ciclistas,172027,Sim,0.3961843148987372,0.07312976743225429
3538105,Sinistros com vítimas feridas - ciclistas,14721,Não,0.28711956229307234,0.10332153880351379
3538204,Sinistros com vítimas feridas - ciclistas,15605,Sim,NA,NA
3538303,Sinistros com vítimas feridas - ciclistas,3296,Não,0.5852269022054746,-0.05517372590682454
3538501,Sinistros com vítimas feridas - ciclistas,12570,Sim,0.15678734157158083,0.1381537371603174
3538600,Sinistros com vítimas feridas - ciclistas,26764,Sim,0.27008102153488733,-0.10790660599072865
3538709,Sinistros com vítimas feridas - ciclistas,438827,Sim,0.0731323323400999,0.1534250316380779
3538808,Sinistros com vítimas feridas - ciclistas,30261,Sim,0.37583629395298096,0.08601857854172423
3538907,Sinistros com vítimas feridas - ciclistas,22743,Sim,0.04806255679650879,0.19001863619720907
3539004,Sinistros com vítimas feridas - ciclistas,11076,Não,0.5740912276434724,0.05511438562978751
3539103,Sinistros com vítimas feridas - ciclistas,18836,Sim,0.4511795855712613,0.07405355313089221
3539202,Sinistros com vítimas feridas - ciclistas,26065,Sim,0.9849900378756721,0.0024148883788017305
3539301,Sinistros com vítimas feridas - ciclistas,75475,Sim,0.7456502874182054,-0.028089486547941103
3539400,Sinistros com vítimas feridas - ciclistas,15554,Não,0.006993946146391877,0.2623611596637324
3539509,Sinistros com vítimas feridas - ciclistas,34416,Sim,0.1474637743399524,-0.1359380544174976
3539608,Sinistros com vítimas feridas - ciclistas,4454,Não,0.8525520849630969,0.019643749776130315
3539707,Sinistros com vítimas feridas - ciclistas,3061,Não,NA,NA
3539806,Sinistros com vítimas feridas - ciclistas,106431,Sim,0.2588485099931248,-0.10324361358357859
3539905,Sinistros com vítimas feridas - ciclistas,5696,Sim,0.22673977566091455,0.11845689490208736
3540002,Sinistros com vítimas feridas - ciclistas,20512,Não,0.08023337780551669,0.16912762688257182
3540101,Sinistros com vítimas feridas - ciclistas,3443,Não,0.20852402668836148,0.12414088329035522
3540200,Sinistros com vítimas feridas - ciclistas,38376,Sim,0.16889971888168176,-0.13071659205674355
3540259,Sinistros com vítimas feridas - ciclistas,4196,Sim,0.156190900743186,0.13855263378820876
3540309,Sinistros com vítimas feridas - ciclistas,2415,Não,NA,NA
3540408,Sinistros com vítimas feridas - ciclistas,4185,Não,0.050740205608443695,0.18931307221605898
3540507,Sinistros com vítimas feridas - ciclistas,10773,Sim,0.16151090974501228,0.13793431476706136
3540606,Sinistros com vítimas feridas - ciclistas,58345,Sim,0.5766610538644625,-0.05201931647526487
3540705,Sinistros com vítimas feridas - ciclistas,53940,Sim,0.17839728689315532,0.1202999573975306
3540754,Sinistros com vítimas feridas - ciclistas,20767,Sim,0.18110996209693078,0.12872744620100868
3540804,Sinistros com vítimas feridas - ciclistas,18994,Sim,0.6498880032666325,0.04423739552038088
3540853,Sinistros com vítimas feridas - ciclistas,2599,Não,0.6241318923394095,-0.049109374440325794
3540903,Sinistros com vítimas feridas - ciclistas,17309,Sim,0.9700487000140591,0.004192061714698765
3541000,Sinistros com vítimas feridas - ciclistas,365577,Sim,0.9808904041242371,0.0023851205191300173
3541059,Sinistros com vítimas feridas - ciclistas,5246,Não,0.467498034346237,-0.07202708251247783
3541109,Sinistros com vítimas feridas - ciclistas,3841,Não,NA,NA
3541208,Sinistros com vítimas feridas - ciclistas,14772,Não,0.14839148839858038,0.14020326168981034
3541307,Sinistros com vítimas feridas - ciclistas,40383,Sim,0.4652273307190841,0.06342189208084553
3541406,Sinistros com vítimas feridas - ciclistas,234083,Sim,8.808526505326184e-4,0.28529889846256784
3541505,Sinistros com vítimas feridas - ciclistas,35902,NA,0.04184095281303589,-0.18653702458883167
3541604,Sinistros com vítimas feridas - ciclistas,35991,Sim,0.33321071916461875,-0.08824530939390797
3541653,Sinistros com vítimas feridas - ciclistas,3472,Não,NA,NA
3541703,Sinistros com vítimas feridas - ciclistas,13399,Sim,0.693356475771371,0.03901371573204352
3541802,Sinistros com vítimas feridas - ciclistas,3351,Não,0.3547427758983374,-0.09195620984470756
3541901,Sinistros com vítimas feridas - ciclistas,9146,Sim,1,0
3542008,Sinistros com vítimas feridas - ciclistas,7225,Não,0.9390714737940097,-0.00846326321495911
3542107,Sinistros com vítimas feridas - ciclistas,9133,Sim,0.38139014739295923,-0.0861504690196999
3542206,Sinistros com vítimas feridas - ciclistas,29305,Sim,0.9761075243975799,-0.0031073789733679492
3542305,Sinistros com vítimas feridas - ciclistas,4611,Não,NA,NA
3542404,Sinistros com vítimas feridas - ciclistas,20565,Não,0.08938075698841072,-0.16314124596320753
3542503,Sinistros com vítimas feridas - ciclistas,7808,Não,0.6182670068564149,0.05057591541458916
3542602,Sinistros com vítimas feridas - ciclistas,61732,Sim,0.7243684193284666,-0.03183247167389708
3542701,Sinistros com vítimas feridas - ciclistas,6492,Não,0.4115570130675755,0.08041063677752092
3542800,Sinistros com vítimas feridas - ciclistas,3166,Não,0.28468355577157795,0.10499588411775926
3542909,Sinistros com vítimas feridas - ciclistas,11079,Não,0.13603569030158558,-0.14559768296388037
3543006,Sinistros com vítimas feridas - ciclistas,18930,Sim,0.4077068445862202,0.08184895740054299
3543105,Sinistros com vítimas feridas - ciclistas,4706,Não,0.03590233596354149,-0.20460736392178727
3543204,Sinistros com vítimas feridas - ciclistas,4768,Não,0.6004203422318055,0.05238333273634751
3543238,Sinistros com vítimas feridas - ciclistas,2045,Não,NA,NA
3543253,Sinistros com vítimas feridas - ciclistas,7570,Sim,0.7430155840428102,0.03267148182987683
3543303,Sinistros com vítimas feridas - ciclistas,118877,Sim,0.8391377268122762,0.019116562997707153
3543402,Sinistros com vítimas feridas - ciclistas,728400,Sim,0.9923026381358526,0.0012189141240282534
3543501,Sinistros com vítimas feridas - ciclistas,5647,Sim,0.8791318473617636,0.016369791480108597
3543600,Sinistros com vítimas feridas - ciclistas,4158,Sim,0.9595725862854564,0.0065479165920434386
3543709,Sinistros com vítimas feridas - ciclistas,9145,Não,NA,NA
3543808,Sinistros com vítimas feridas - ciclistas,9357,Sim,0.43937176715713816,0.07588726407397715
3543907,Sinistros com vítimas feridas - ciclistas,208857,Sim,6.055700860180221e-10,0.5291047813787899
3544004,Sinistros com vítimas feridas - ciclistas,32267,Sim,0.6812941037617097,-0.040359976095122575
3544103,Sinistros com vítimas feridas - ciclistas,45317,Sim,0.00229173362512409,0.29614600254898343
3544202,Sinistros com vítimas feridas - ciclistas,10453,Não,0.8866953398885246,0.014529591394244127
3544251,Sinistros com vítimas feridas - ciclistas,17533,Sim,1,7.156372079943267e-4
3544301,Sinistros com vítimas feridas - ciclistas,11095,Não,0.12990052279663386,0.14572823082999378
3544400,Sinistros com vítimas feridas - ciclistas,2741,Não,0.25760268716149204,-0.11131458206473846
3544509,Sinistros com vítimas feridas - ciclistas,3965,Não,0.010216220374497143,0.24875099200203477
3544608,Sinistros com vítimas feridas - ciclistas,5185,Não,0.6241318923394095,-0.049109374440325794
3544707,Sinistros com vítimas feridas - ciclistas,2519,Não,0.2720812743637098,-0.10804062376871675
3544806,Sinistros com vítimas feridas - ciclistas,6612,Não,0.3447754455433586,-0.09238668906353466
3544905,Sinistros com vítimas feridas - ciclistas,11654,Não,0.4949400639974121,0.06671741418342698
3545001,Sinistros com vítimas feridas - ciclistas,15396,Sim,0.9043918861493744,0.012694894822438666
3545100,Sinistros com vítimas feridas - ciclistas,4883,Não,0.7071330393377895,0.03757359560358203
3545159,Sinistros com vítimas feridas - ciclistas,8371,Sim,0.3895159939443083,-0.08454059010805957
3545209,Sinistros com vítimas feridas - ciclistas,140125,Sim,0.35155316336706877,-0.08356407879106624
3545308,Sinistros com vítimas feridas - ciclistas,45138,Sim,0.30308253463204354,0.10045209791237936
3545407,Sinistros com vítimas feridas - ciclistas,9212,Não,0.5158409395460718,0.06372808923914956
3545506,Sinistros com vítimas feridas - ciclistas,3699,Não,NA,NA
3545605,Sinistros com vítimas feridas - ciclistas,14203,Não,0.5542640074352421,0.05893124932839095
3545704,Sinistros com vítimas feridas - ciclistas,6543,Não,0.46350631257243,-0.07199560950608089
3545803,Sinistros com vítimas feridas - ciclistas,189338,Sim,9.515552246068112e-6,0.37617875418423724
3546009,Sinistros com vítimas feridas - ciclistas,14212,Sim,0.16078929485702897,0.1375062484329122
3546108,Sinistros com vítimas feridas - ciclistas,2677,Sim,0.23027059231651067,0.1178624986567819
3546207,Sinistros com vítimas feridas - ciclistas,4365,Sim,0.5854891423960855,0.054012043680149176
3546256,Sinistros com vítimas feridas - ciclistas,2162,Não,0.43359461153613366,-0.07816277836800144
3546306,Sinistros com vítimas feridas - ciclistas,29525,Sim,0.5517814392731145,0.058118365576976506
3546405,Sinistros com vítimas feridas - ciclistas,47677,Sim,0.29860166158275414,-0.09385436066567836
3546504,Sinistros com vítimas feridas - ciclistas,6256,Não,0.813275728923113,0.024229819411790598
3546603,Sinistros com vítimas feridas - ciclistas,36098,Sim,0.13949073980345658,0.12839983620012757
3546702,Sinistros com vítimas feridas - ciclistas,24107,Sim,4.832300240103596e-4,0.32665685669706207
3546801,Sinistros com vítimas feridas - ciclistas,54586,Sim,0.5798847158702793,0.05391977759076034
3546900,Sinistros com vítimas feridas - ciclistas,7181,Não,0.2604050520230806,0.1103802884314905
3547007,Sinistros com vítimas feridas - ciclistas,5314,Não,NA,NA
3547106,Sinistros com vítimas feridas - ciclistas,3012,Não,0.12298085542231664,0.15172774624376748
3547205,Sinistros com vítimas feridas - ciclistas,1698,Não,0.12298085542231664,0.15172774624376748
3547304,Sinistros com vítimas feridas - ciclistas,162341,Sim,0.18344733696505822,0.12887045492576607
3547403,Sinistros com vítimas feridas - ciclistas,2790,Não,NA,NA
3547502,Sinistros com vítimas feridas - ciclistas,25060,Sim,0.38780168042654933,0.08373281845890533
3547601,Sinistros com vítimas feridas - ciclistas,23725,Sim,0.9114548237838748,0.011291733584721651
3547650,Sinistros com vítimas feridas - ciclistas,1686,Não,0.33549281485835436,-0.09494479058462986
3547700,Sinistros com vítimas feridas - ciclistas,18045,Sim,0.05105116939803714,0.18737392855221321
3547809,Sinistros com vítimas feridas - ciclistas,778711,Sim,0.1978428597875128,-0.11021842972943723
3547908,Sinistros com vítimas feridas - ciclistas,6917,Não,NA,NA
3548005,Sinistros com vítimas feridas - ciclistas,23779,Sim,0.4004563736437936,-0.08251681634585133
3548054,Sinistros com vítimas feridas - ciclistas,8568,Não,0.19186143940193806,0.1287386937825906
3548104,Sinistros com vítimas feridas - ciclistas,6237,Sim,0.8308897668881221,-0.02298905246117689
3548203,Sinistros com vítimas feridas - ciclistas,7294,Sim,0.4636436470792823,-0.07185631371608252
3548302,Sinistros com vítimas feridas - ciclistas,3063,Não,0.13263240614229002,-0.14732812332097736
3548401,Sinistros com vítimas feridas - ciclistas,3933,Não,0.5318555310864392,0.062205207624412666
3548500,Sinistros com vítimas feridas - ciclistas,429567,Sim,0.4172931506722633,-0.06794622960500088
3548609,Sinistros com vítimas feridas - ciclistas,11948,Não,0.988914348836621,0.002692202156865622
3548708,Sinistros com vítimas feridas - ciclistas,840499,Sim,0.9422227423579872,-0.006562374363215698
3548807,Sinistros com vítimas feridas - ciclistas,172109,Sim,0.2620641649098299,-0.10397153718618007
3548906,Sinistros com vítimas feridas - ciclistas,265294,Sim,0.6261345486285556,0.04321009585426665
3549003,Sinistros com vítimas feridas - ciclistas,2629,Não,NA,NA
3549102,Sinistros com vítimas feridas - ciclistas,95762,Sim,0.13254981137411084,0.13801391568865282
3549201,Sinistros com vítimas feridas - ciclistas,2622,Não,NA,NA
3549250,Sinistros com vítimas feridas - ciclistas,1880,Não,0.7577198944083667,0.03218467344564765
3549300,Sinistros com vítimas feridas - ciclistas,2288,Não,NA,NA
3549409,Sinistros com vítimas feridas - ciclistas,49815,Sim,0.0017992048213087255,0.30128326456561155
3549508,Sinistros com vítimas feridas - ciclistas,7690,Não,0.22092013831290083,-0.11976583598641774
3549607,Sinistros com vítimas feridas - ciclistas,3898,Não,NA,NA
3549706,Sinistros com vítimas feridas - ciclistas,53416,Sim,0.0757357359689411,0.170825152161543
3549805,Sinistros com vítimas feridas - ciclistas,501597,Sim,0.43075507325706985,0.06638117709502132
3549904,Sinistros com vítimas feridas - ciclistas,724756,Sim,1.4247312636262474e-4,0.3170827399410647
3549953,Sinistros com vítimas feridas - ciclistas,16458,Sim,0.6891943852161005,-0.03992194532880591
3550001,Sinistros com vítimas feridas - ciclistas,10497,Sim,0.050630064477178785,0.19042342233657997
3550100,Sinistros com vítimas feridas - ciclistas,38166,Sim,0.46588041793943014,0.07103355792741574
3550209,Sinistros com vítimas feridas - ciclistas,32904,Sim,0.6337817173354237,0.04673526412393204
3550308,Sinistros com vítimas feridas - ciclistas,11895578,Sim,0.17114951989644012,-0.11116532982128129
3550407,Sinistros com vítimas feridas - ciclistas,39725,Sim,0.7336334268581514,0.0326649270883513
3550506,Sinistros com vítimas feridas - ciclistas,7333,Não,NA,NA
3550605,Sinistros com vítimas feridas - ciclistas,81342,Sim,0.047002951202583514,-0.18459685406424226
3550704,Sinistros com vítimas feridas - ciclistas,84019,Sim,0.386741042185469,0.08031947101851795
3550803,Sinistros com vítimas feridas - ciclistas,10484,Não,0.536507866007863,0.0610570928558208
3550902,Sinistros com vítimas feridas - ciclistas,13590,Sim,0.9938483964484631,-0.001493912385605705
3551009,Sinistros com vítimas feridas - ciclistas,338407,Sim,0.6109809588067989,0.042847178436688685
3551108,Sinistros com vítimas feridas - ciclistas,10632,Sim,0.40624866168390766,0.08276058886023681
3551207,Sinistros com vítimas feridas - ciclistas,3769,Não,NA,NA
3551306,Sinistros com vítimas feridas - ciclistas,3187,Sim,NA,NA
3551405,Sinistros com vítimas feridas - ciclistas,13058,Não,0.09917750687095245,0.1608020010842231
3551504,Sinistros com vítimas feridas - ciclistas,45408,Sim,0.6529548192222692,-0.042973616774141826
3551603,Sinistros com vítimas feridas - ciclistas,30920,Sim,0.048093327062224994,0.19239872633149688
3551702,Sinistros com vítimas feridas - ciclistas,131600,Sim,0.1984731891833223,0.11137491766525244
3551801,Sinistros com vítimas feridas - ciclistas,12912,Sim,0.38391081274426586,-0.0850773171578998
3551900,Sinistros com vítimas feridas - ciclistas,14724,Sim,0.9309303483967272,-0.009043112549875108
3552007,Sinistros com vítimas feridas - ciclistas,6313,Sim,0.9326722217727889,-0.009821874888065157
3552106,Sinistros com vítimas feridas - ciclistas,41405,Sim,0.873354083094863,0.016255714888351466
3552205,Sinistros com vítimas feridas - ciclistas,757459,Sim,0.14540073014926685,-0.12413952217854402
3552304,Sinistros com vítimas feridas - ciclistas,7466,Sim,0.41235249835641485,0.08076606470596866
3552403,Sinistros com vítimas feridas - ciclistas,289787,Sim,0.15530814718528457,0.12810201748290387
3552502,Sinistros com vítimas feridas - ciclistas,318765,Sim,0.5164223450141303,0.05720599321379005
3552551,Sinistros com vítimas feridas - ciclistas,3464,Sim,0.9432490472977774,0.009195620984470756
3552601,Sinistros com vítimas feridas - ciclistas,11499,Sim,0.07028390742998851,0.17621905506563093
3552700,Sinistros com vítimas feridas - ciclistas,14994,Não,0.23728347359224738,0.11462233211014812
3552809,Sinistros com vítimas feridas - ciclistas,284274,Sim,0.7751709951505664,0.02674713830737244
3552908,Sinistros com vítimas feridas - ciclistas,6399,Sim,1,0
3553005,Sinistros com vítimas feridas - ciclistas,13006,Sim,0.5196096495411591,-0.063104357405353
3553104,Sinistros com vítimas feridas - ciclistas,5751,Não,NA,NA
3553203,Sinistros com vítimas feridas - ciclistas,6733,Não,0.5217295405495181,-0.0643693468912953
3553302,Sinistros com vítimas feridas - ciclistas,21682,Sim,0.7739262318835275,0.029465624664195476
3553401,Sinistros com vítimas feridas - ciclistas,26021,Sim,0.7896232887522843,0.02557320714855147
3553500,Sinistros com vítimas feridas - ciclistas,8122,Não,0.2449437149629941,0.11494526230588446
3553609,Sinistros com vítimas feridas - ciclistas,11936,Não,0.11187095548992027,0.15632555673600287
3553658,Sinistros com vítimas feridas - ciclistas,2652,Não,NA,NA
3553708,Sinistros com vítimas feridas - ciclistas,53322,Sim,0.5463423148163811,-0.05590985424512292
3553807,Sinistros com vítimas feridas - ciclistas,24863,Sim,0.8234972821753779,0.02196667741745954
3553856,Sinistros com vítimas feridas - ciclistas,7112,Sim,NA,NA
3553906,Sinistros com vítimas feridas - ciclistas,6635,Não,0.7283236901523403,0.034998628039253084
3553955,Sinistros com vítimas feridas - ciclistas,15248,Sim,0.7124155448174446,0.03626893042820961
3554003,Sinistros com vítimas feridas - ciclistas,128560,Sim,0.10765194494687282,0.14279972411463349
3554102,Sinistros com vítimas feridas - ciclistas,321298,Sim,0.6517063125321941,0.03813844056605551
3554201,Sinistros com vítimas feridas - ciclistas,4142,Não,NA,NA
3554300,Sinistros com vítimas feridas - ciclistas,22559,Sim,0.44830134120089254,0.07166466231184421
3554409,Sinistros com vítimas feridas - ciclistas,7985,Sim,0.1283900238715633,-0.14844333168032245
3554508,Sinistros com vítimas feridas - ciclistas,38690,Sim,0.30752328633850384,-0.09531580064453664
3554607,Sinistros com vítimas feridas - ciclistas,2490,Não,NA,NA
3554656,Sinistros com vítimas feridas - ciclistas,2063,Não,NA,NA
3554706,Sinistros com vítimas feridas - ciclistas,9484,Sim,0.43359461153613366,0.07816277836800144
3554755,Sinistros com vítimas feridas - ciclistas,1719,Não,NA,NA
3554805,Sinistros com vítimas feridas - ciclistas,53083,Sim,0.01962466076904841,0.21719538264309243
3554904,Sinistros com vítimas feridas - ciclistas,7013,Não,0.7507828944450701,-0.031440086774281555
3554953,Sinistros com vítimas feridas - ciclistas,6947,Não,NA,NA
3555000,Sinistros com vítimas feridas - ciclistas,65416,Sim,0.3397768305011449,0.08355165411034533
3555109,Sinistros com vítimas feridas - ciclistas,16206,Sim,0.4755425276268575,0.06941680917544969
3555208,Sinistros com vítimas feridas - ciclistas,1839,Não,0.9432490472977774,0.009195620984470756
3555307,Sinistros com vítimas feridas - ciclistas,1672,Não,NA,NA
3555356,Sinistros com vítimas feridas - ciclistas,5456,Não,0.4913649086367262,0.06896715738353068
3555406,Sinistros com vítimas feridas - ciclistas,96598,Sim,0.003253910633147852,0.24774656059812855
3555505,Sinistros com vítimas feridas - ciclistas,5265,Não,0.12298085542231664,0.15172774624376748
3555604,Sinistros com vítimas feridas - ciclistas,10627,Não,0.9903301518083067,-0.002348349725223877
3555703,Sinistros com vítimas feridas - ciclistas,1628,Sim,0.4913649086367262,-0.06896715738353068
3555802,Sinistros com vítimas feridas - ciclistas,8973,Não,0.258955368143909,-0.10883215339324112
3555901,Sinistros com vítimas feridas - ciclistas,1419,Não,0.30756494176688237,-0.10115183082917832
3556008,Sinistros com vítimas feridas - ciclistas,14038,Sim,0.8836722937075661,-0.014830789403745558
3556107,Sinistros com vítimas feridas - ciclistas,14531,Não,0.2479980933060946,-0.11175265767366033
3556206,Sinistros com vítimas feridas - ciclistas,131277,Sim,0.6862363020134084,-0.03833896746883201
3556305,Sinistros com vítimas feridas - ciclistas,24723,Sim,0.6940474786349746,-0.03875619664232189
3556354,Sinistros com vítimas feridas - ciclistas,10805,Sim,0.9709961357743083,0.004696699450447754
3556404,Sinistros com vítimas feridas - ciclistas,41226,Sim,0.1819181279438945,0.1258352729331451
3556453,Sinistros com vítimas feridas - ciclistas,52103,Sim,0.7212826708858096,0.03506622319172201
3556503,Sinistros com vítimas feridas - ciclistas,119576,Sim,0.7474169151637368,0.03121943652237296
3556602,Sinistros com vítimas feridas - ciclistas,10294,Não,0.3238918491591208,-0.09691927764716239
3556701,Sinistros com vítimas feridas - ciclistas,79235,Sim,0.12641307815337005,-0.14355914856698698
3556800,Sinistros com vítimas feridas - ciclistas,17681,Sim,0.0754891071647354,0.17317862827138378
3556909,Sinistros com vítimas feridas - ciclistas,8327,Sim,0.5137370884803778,0.06461285176477492
3556958,Sinistros com vítimas feridas - ciclistas,1826,Sim,NA,NA
3557006,Sinistros com vítimas feridas - ciclistas,132849,Sim,0.6408344044171848,-0.04255913617277353
3557105,Sinistros com vítimas feridas - ciclistas,100159,Sim,0.11598181471390162,0.13376752756610963
3557154,Sinistros com vítimas feridas - ciclistas,2761,Não,0.6465858916838177,0.04576743666671557
3557204,Sinistros com vítimas feridas - ciclistas,12411,Não,0.6861951602971275,0.040200500271055775
3557303,Sinistros com vítimas feridas - ciclistas,11566,Sim,0.5099154632752814,0.06547916592043439
3500105,Sinistros com vítimas feridas - ocupantes de motocicleta,35642,Sim,0.9214162386639891,0.008514049200414497
3500204,Sinistros com vítimas feridas - ocupantes de motocicleta,4478,Sim,0.2656174585229328,0.10731255304906795
3500303,Sinistros com vítimas feridas - ocupantes de motocicleta,32888,Não,0.003663401953331715,0.24360773001862457
3500402,Sinistros com vítimas feridas - ocupantes de motocicleta,7470,Sim,0.338241952667447,0.08678623435015069
3500501,Sinistros com vítimas feridas - ocupantes de motocicleta,18245,Sim,0.05595968327882889,0.16646650389530845
3500550,Sinistros com vítimas feridas - ocupantes de motocicleta,7407,Não,0.1806972055216141,-0.1260682871298005
3500600,Sinistros com vítimas feridas - ocupantes de motocicleta,2829,Sim,0.08406881599608827,0.16023511985162187
3500709,Sinistros com vítimas feridas - ocupantes de motocicleta,38879,Sim,1.3351844852611925e-4,0.32217114287830373
3500758,Sinistros com vítimas feridas - ocupantes de motocicleta,6330,Não,0.8074073279706075,-0.022648242505416336
3500808,Sinistros com vítimas feridas - ocupantes de motocicleta,4556,Não,0.2206285212314178,0.1164057658702432
3500907,Sinistros com vítimas feridas - ocupantes de motocicleta,3479,Não,0.39999766066623765,-0.08192304337191918
3501004,Sinistros com vítimas feridas - ocupantes de motocicleta,17156,Sim,0.8170727411116101,0.021227421873498187
3501103,Sinistros com vítimas feridas - ocupantes de motocicleta,3883,Não,0.8795181960342338,-0.015152735008397403
3501152,Sinistros com vítimas feridas - ocupantes de motocicleta,17591,Sim,0.006729927089429486,0.23407826143949303
3501202,Sinistros com vítimas feridas - ocupantes de motocicleta,3978,Não,0.1357903986055211,0.14011418728798258
3501301,Sinistros com vítimas feridas - ocupantes de motocicleta,28250,Não,0.9282165818158886,-0.007999927040998077
3501400,Sinistros com vítimas feridas - ocupantes de motocicleta,4896,Não,0.2554347201580427,0.10951745973213523
3501509,Sinistros com vítimas feridas - ocupantes de motocicleta,2923,Não,0.22782695244191448,-0.11705948358151586
3501608,Sinistros com vítimas feridas - ocupantes de motocicleta,246655,Sim,4.591107044240236e-5,0.3284854253536153
3501707,Sinistros com vítimas feridas - ocupantes de motocicleta,33757,Sim,0.2491986481235767,0.09970719317900167
3501806,Sinistros com vítimas feridas - ocupantes de motocicleta,5975,Sim,0.921850577623818,-0.009778485272959535
3501905,Sinistros com vítimas feridas - ocupantes de motocicleta,69717,Sim,0.07691153795357135,0.1456402055387011
3502002,Sinistros com vítimas feridas - ocupantes de motocicleta,4684,Não,0.6168020086197838,0.048347910584226106
3502101,Sinistros com vítimas feridas - ocupantes de motocicleta,61473,Sim,8.45686374622626e-4,0.2711055509691811
3502200,Sinistros com vítimas feridas - ocupantes de motocicleta,24512,Sim,0.8441668682325496,-0.017372341983579894
3502309,Sinistros com vítimas feridas - ocupantes de motocicleta,5766,Não,0.43934920057884946,0.07456393564187318
3502408,Sinistros com vítimas feridas - ocupantes de motocicleta,4108,Não,0.9468733696692498,-0.006911731466423247
3502507,Sinistros com vítimas feridas - ocupantes de motocicleta,33223,Sim,7.611779956658651e-4,0.28147230838784193
3502606,Sinistros com vítimas feridas - ocupantes de motocicleta,4124,Não,0.05013187989536819,-0.1787885871474261
3502705,Sinistros com vítimas feridas - ocupantes de motocicleta,24886,Sim,0.048269904783806904,0.17131200772905647
3502754,Sinistros com vítimas feridas - ocupantes de motocicleta,22168,Sim,0.11530778351659796,0.1326279718484593
3502804,Sinistros com vítimas feridas - ocupantes de motocicleta,207775,Sim,0.44075682889561446,-0.06228277033148386
3502903,Sinistros com vítimas feridas - ocupantes de motocicleta,33656,Sim,0.4697577959662331,0.06109979738128889
3503000,Sinistros com vítimas feridas - ocupantes de motocicleta,5526,Não,0.8852578455096309,0.014319645939993783
3503109,Sinistros com vítimas feridas - ocupantes de motocicleta,7050,Sim,0.6979522008815249,-0.03747190774296519
3503158,Sinistros com vítimas feridas - ocupantes de motocicleta,2355,Não,0.23667706713034936,0.11544867643260673
3503208,Sinistros com vítimas feridas - ocupantes de motocicleta,252318,Sim,0.010208601422854274,0.2060688446164116
3503307,Sinistros com vítimas feridas - ocupantes de motocicleta,135331,Sim,2.470237528174314e-4,0.2962812886437467
3503356,Sinistros com vítimas feridas - ocupantes de motocicleta,2085,Não,0.974798846020562,0.0037764641286943184
3503406,Sinistros com vítimas feridas - ocupantes de motocicleta,8280,Sim,0.5197625341139391,-0.05953695549100336
3503505,Sinistros com vítimas feridas - ocupantes de motocicleta,3625,Não,0.42063423170880193,0.07820866421114127
3503604,Sinistros com vítimas feridas - ocupantes de motocicleta,10257,Não,0.9607661218311531,0.005233270191509699
3503703,Sinistros com vítimas feridas - ocupantes de motocicleta,7653,Não,0.8674288050235451,0.016074313404522016
3503802,Sinistros com vítimas feridas - ocupantes de motocicleta,53157,Sim,0.2691822033553386,-0.09185421925462964
3503901,Sinistros com vítimas feridas - ocupantes de motocicleta,89943,Sim,1.0433260476825346e-4,0.31731428038813
3503950,Sinistros com vítimas feridas - ocupantes de motocicleta,1873,Sim,0.07987217342264674,-0.16830226652812968
3504008,Sinistros com vítimas feridas - ocupantes de motocicleta,104642,Sim,0.004093265687561788,0.23220782406371998
3504107,Sinistros com vítimas feridas - ocupantes de motocicleta,166043,Sim,0.25161742126294767,0.09336976233422466
3504206,Sinistros com vítimas feridas - ocupantes de motocicleta,13873,Não,0.5797314266936062,0.04847611048919066
3504305,Sinistros com vítimas feridas - ocupantes de motocicleta,4519,Sim,0.30457021880562507,-0.09894336017179114
3504404,Sinistros com vítimas feridas - ocupantes de motocicleta,11438,Não,0.2936870720447493,-0.09438112134159553
3504503,Sinistros com vítimas feridas - ocupantes de motocicleta,96098,Sim,0.5208654085124964,-0.05287425402436095
3504602,Sinistros com vítimas feridas - ocupantes de motocicleta,28909,Não,0.021084556032449017,0.19301833644163455
3504701,Sinistros com vítimas feridas - ocupantes de motocicleta,3963,Não,0.7014726269664376,0.038482892144202245
3504800,Sinistros com vítimas feridas - ocupantes de motocicleta,9854,Não,0.8415231706362345,0.01920360641685236
3504909,Sinistros com vítimas feridas - ocupantes de motocicleta,10109,Sim,0.31356742781032604,0.095826092508445
3505005,Sinistros com vítimas feridas - ocupantes de motocicleta,3618,Não,0.45100856358469893,-0.07355064897599668
3505104,Sinistros com vítimas feridas - ocupantes de motocicleta,5659,Não,0.8327061484316625,0.020444159692717793
3505203,Sinistros com vítimas feridas - ocupantes de motocicleta,32405,Sim,0.006318050052658331,-0.23294395610581528
3505302,Sinistros com vítimas feridas - ocupantes de motocicleta,35159,Sim,0.6264979855788646,-0.04122715861382933
3505351,Sinistros com vítimas feridas - ocupantes de motocicleta,5256,Não,0.40381932566197704,0.08053081094256125
3505401,Sinistros com vítimas feridas - ocupantes de motocicleta,6922,Sim,0.40532696349410896,0.07686975707161164
3505500,Sinistros com vítimas feridas - ocupantes de motocicleta,126600,Sim,0.03257835747397544,-0.17322918012146
3505609,Sinistros com vítimas feridas - ocupantes de motocicleta,33181,Não,0.43660871724940786,-0.0675305426807741
3505708,Sinistros com vítimas feridas - ocupantes de motocicleta,330339,Sim,1.5719537625952297e-7,0.4223919209030672
3505807,Sinistros com vítimas feridas - ocupantes de motocicleta,21900,Sim,0.29928232820538225,-0.08905427573752799
3505906,Sinistros com vítimas feridas - ocupantes de motocicleta,59873,Sim,0.013147971441240367,0.2032290161105989
3506003,Sinistros com vítimas feridas - ocupantes de motocicleta,391740,Sim,0.0020256231774334692,-0.24697607192431464
3506102,Sinistros com vítimas feridas - ocupantes de motocicleta,78210,Sim,0.7502568049807641,-0.02621459267072375
3506201,Sinistros com vítimas feridas - ocupantes de motocicleta,2642,Não,0.7941626647891344,-0.02578828794202408
3506300,Sinistros com vítimas feridas - ocupantes de motocicleta,11852,Sim,0.8927760504552659,0.012553098202720738
3506359,Sinistros com vítimas feridas - ocupantes de motocicleta,66873,Sim,6.720238696760339e-6,0.3664364195657277
3506409,Sinistros com vítimas feridas - ocupantes de motocicleta,7455,Não,0.018886682327812033,0.21492719928609383
3506508,Sinistros com vítimas feridas - ocupantes de motocicleta,122988,Sim,0.013486931877472989,-0.20058791458866085
3506607,Sinistros com vítimas feridas - ocupantes de motocicleta,30526,Sim,0.8203460138732729,-0.020221892308918635
3506706,Sinistros com vítimas feridas - ocupantes de motocicleta,13135,Sim,0.14479191403982358,-0.13258751498210908
3506805,Sinistros com vítimas feridas - ocupantes de motocicleta,11467,Sim,0.3471965658801327,-0.08607070327656963
3506904,Sinistros com vítimas feridas - ocupantes de motocicleta,10688,Não,0.05181287121954266,-0.18041910771304467
3507001,Sinistros com vítimas feridas - ocupantes de motocicleta,63415,Sim,0.5144595199505766,-0.05374721011917233
3507100,Sinistros com vítimas feridas - ocupantes de motocicleta,22501,Sim,0.09129412418377848,0.14510795595407228
3507159,Sinistros com vítimas feridas - ocupantes de motocicleta,3610,Não,0.8076063966513759,-0.02412452742963543
3507209,Sinistros com vítimas feridas - ocupantes de motocicleta,928,Não,0.3593173383295708,0.08979341500313857
3507308,Sinistros com vítimas feridas - ocupantes de motocicleta,4823,Não,0.37822689314952535,-0.08376290049594275
3507407,Sinistros com vítimas feridas - ocupantes de motocicleta,14415,Não,0.8315096988762115,-0.018999053837840674
3507456,Sinistros com vítimas feridas - ocupantes de motocicleta,2787,Não,0.03117021251393845,0.20560664201581075
3507506,Sinistros com vítimas feridas - ocupantes de motocicleta,150442,Sim,0.9217977533730185,0.008298636514180406
3507605,Sinistros com vítimas feridas - ocupantes de motocicleta,184634,Sim,0.829743337100851,0.017725499477692665
3507704,Sinistros com vítimas feridas - ocupantes de motocicleta,5466,Não,0.4657211733022145,-0.07031174305805518
3507753,Sinistros com vítimas feridas - ocupantes de motocicleta,2605,Não,0.2142991050620577,-0.11871062052963942
3507803,Sinistros com vítimas feridas - ocupantes de motocicleta,26167,Sim,0.11972454115355714,0.1336295832597208
3507902,Sinistros com vítimas feridas - ocupantes de motocicleta,24423,Sim,3.703126437654193e-8,0.467964142490759
3508009,Sinistros com vítimas feridas - ocupantes de motocicleta,20674,Sim,0.6369541630172526,0.04366233120978699
3508108,Sinistros com vítimas feridas - ocupantes de motocicleta,17597,Sim,0.2650516540346391,0.09711848613350403
3508207,Sinistros com vítimas feridas - ocupantes de motocicleta,4447,Sim,0.3538140674716482,0.08828020409278456
3508306,Sinistros com vítimas feridas - ocupantes de motocicleta,4362,Não,0.3645671427358572,-0.08677437152301198
3508405,Sinistros com vítimas feridas - ocupantes de motocicleta,48473,Sim,0.7736126324331323,0.02441249886901473
3508504,Sinistros com vítimas feridas - ocupantes de motocicleta,99678,Sim,7.531243397722648e-8,0.43767840944700237
3508603,Sinistros com vítimas feridas - ocupantes de motocicleta,32482,Sim,4.281079873250876e-6,0.3877746472191946
3508702,Sinistros com vítimas feridas - ocupantes de motocicleta,17266,Não,0.007443931620141664,0.24349529840354955
3508801,Sinistros com vítimas feridas - ocupantes de motocicleta,16905,Sim,0.09105508260658408,-0.1468231575111805
3508900,Sinistros com vítimas feridas - ocupantes de motocicleta,3745,Sim,0.3096933861709882,-0.0986221044133936
3509007,Sinistros com vítimas feridas - ocupantes de motocicleta,98257,Sim,0.7314661421736628,0.028731297983643333
3509106,Sinistros com vítimas feridas - ocupantes de motocicleta,5585,Não,0.15310561526774738,0.13574358740551587
3509205,Sinistros com vítimas feridas - ocupantes de motocicleta,97363,Sim,0.4415088678701979,-0.06361137575062271
3509254,Sinistros com vítimas feridas - ocupantes de motocicleta,29257,Sim,0.005680519247698744,0.23440968045269556
3509304,Sinistros com vítimas feridas - ocupantes de motocicleta,9232,Sim,0.020962405378835765,-0.21822169215666304
3509403,Sinistros com vítimas feridas - ocupantes de motocicleta,24217,Sim,0.3730462138244008,0.07704624575882657
3509452,Sinistros com vítimas feridas - ocupantes de motocicleta,6077,Sim,0.3791667496538017,0.08477148298431364
3509502,Sinistros com vítimas feridas - ocupantes de motocicleta,1185977,Sim,0.006219878406957153,0.21870781475867915
3509601,Sinistros com vítimas feridas - ocupantes de motocicleta,79663,Sim,3.486951351171521e-9,0.4874407270386674
3509700,Sinistros com vítimas feridas - ocupantes de motocicleta,47983,Sim,9.425376681897395e-5,0.3217876166819135
3509809,Sinistros com vítimas feridas - ocupantes de motocicleta,4991,Não,0.9153914343949732,0.010885573247453812
3509908,Sinistros com vítimas feridas - ocupantes de motocicleta,12489,Sim,0.9233283687497116,0.009386388346329134
3509957,Sinistros com vítimas feridas - ocupantes de motocicleta,5049,Não,0.4062603141888654,0.07672503361239318
3510005,Sinistros com vítimas feridas - ocupantes de motocicleta,30172,Sim,0.521285079869855,-0.054755603058804385
3510104,Sinistros com vítimas feridas - ocupantes de motocicleta,2951,Não,0.948487844137175,0.007251472434253194
3510153,Sinistros com vítimas feridas - ocupantes de motocicleta,6524,Não,0.42681782460749595,0.0733932377058762
3510203,Sinistros com vítimas feridas - ocupantes de motocicleta,47403,Sim,0.20196733718392204,-0.10630172307736493
3510302,Sinistros com vítimas feridas - ocupantes de motocicleta,23597,Sim,0.0015537969662496442,0.2743922937902106
3510401,Sinistros com vítimas feridas - ocupantes de motocicleta,51318,Sim,0.2222705161811446,-0.1022466253066585
3510500,Sinistros com vítimas feridas - ocupantes de motocicleta,141084,Sim,0.31908003387931805,0.08103513543344709
3510609,Sinistros com vítimas feridas - ocupantes de motocicleta,398462,Sim,0.0025437717635561803,0.24509516487558208
3510708,Sinistros com vítimas feridas - ocupantes de motocicleta,11491,Não,0.4766439194984094,0.06277355698313436
3510807,Sinistros com vítimas feridas - ocupantes de motocicleta,28786,Sim,0.868202580773818,0.014443627872005886
3510906,Sinistros com vítimas feridas - ocupantes de motocicleta,2855,Não,0.8971266116403941,-0.013327311407215351
3511003,Sinistros com vítimas feridas - ocupantes de motocicleta,20418,Não,0.4520750617361188,0.06380668802878117
3511102,Sinistros com vítimas feridas - ocupantes de motocicleta,119172,Sim,4.4908544400287285e-5,-0.329429081096236
3511201,Sinistros com vítimas feridas - ocupantes de motocicleta,7105,Não,0.8919520769932197,-0.012813111603443228
3511300,Sinistros com vítimas feridas - ocupantes de motocicleta,13160,Não,2.4416555862861853e-4,0.3140581872956343
3511409,Sinistros com vítimas feridas - ocupantes de motocicleta,22076,Sim,0.7998732464972533,0.02330523659235716
3511508,Sinistros com vítimas feridas - ocupantes de motocicleta,46217,Sim,0.9962335571777131,7.911527343724132e-4
3511607,Sinistros com vítimas feridas - ocupantes de motocicleta,19588,Sim,0.06977096984530583,0.1572878996705045
3511706,Sinistros com vítimas feridas - ocupantes de motocicleta,15798,Sim,0.24433479217508486,0.10409948154125416
3511904,Sinistros com vítimas feridas - ocupantes de motocicleta,7087,Não,0.991580627430925,-0.0014666728535041671
3512001,Sinistros com vítimas feridas - ocupantes de motocicleta,18842,Sim,0.7120960118359114,0.03220344995428361
3512100,Sinistros com vítimas feridas - ocupantes de motocicleta,6781,Não,0.8767480967758322,0.01531312438641388
3512209,Sinistros com vítimas feridas - ocupantes de motocicleta,29034,Sim,0.3133414844074678,0.08688959516047662
3512308,Sinistros com vítimas feridas - ocupantes de motocicleta,15381,Sim,0.417351678726915,0.07172664096031894
3512407,Sinistros com vítimas feridas - ocupantes de motocicleta,25130,Sim,0.0016785546082747716,0.263900392833462
3512506,Sinistros com vítimas feridas - ocupantes de motocicleta,5498,Não,0.8169046121367358,0.021056026156579314
3512605,Sinistros com vítimas feridas - ocupantes de motocicleta,4295,Não,0.4362466873001888,0.07508336425471648
3512704,Sinistros com vítimas feridas - ocupantes de motocicleta,4285,Não,0.2794915207684034,0.09982164766766119
3512803,Sinistros com vítimas feridas - ocupantes de motocicleta,61204,Sim,0.5243647996363054,-0.05436489087920604
3512902,Sinistros com vítimas feridas - ocupantes de motocicleta,8968,Sim,0.0035004216405698035,0.2610129515695656
3513009,Sinistros com vítimas feridas - ocupantes de motocicleta,287004,Sim,0.07735676441917781,0.14238943691158773
3513108,Sinistros com vítimas feridas - ocupantes de motocicleta,34252,Sim,0.5371829961218706,-0.05184489726892011
3513207,Sinistros com vítimas feridas - ocupantes de motocicleta,9543,Sim,0.8426762525305839,0.019061291728080913
3513306,Sinistros com vítimas feridas - ocupantes de motocicleta,2129,Não,0.5458502898466011,-0.05906079870998824
3513405,Sinistros com vítimas feridas - ocupantes de motocicleta,76513,Sim,1.8023947016072284e-8,0.45992364798246
3513504,Sinistros com vítimas feridas - ocupantes de motocicleta,115082,Sim,0.6133038579811949,-0.04141145798708534
3513603,Sinistros com vítimas feridas - ocupantes de motocicleta,22456,Sim,4.873280487386703e-7,0.43566891737935054
3513702,Sinistros com vítimas feridas - ocupantes de motocicleta,32622,Não,0.0013407723400283456,0.2675310974321136
3513801,Sinistros com vítimas feridas - ocupantes de motocicleta,404118,Sim,0.9776195474704399,-0.0026409827942099583
3513850,Sinistros com vítimas feridas - ocupantes de motocicleta,1641,Não,0.5458502898466011,0.05906079870998824
3513900,Sinistros com vítimas feridas - ocupantes de motocicleta,11314,Não,0.4668386711799321,0.06668154693063189
3514007,Sinistros com vítimas feridas - ocupantes de motocicleta,8958,Sim,0.00311107828251062,0.26320032695724144
3514106,Sinistros com vítimas feridas - ocupantes de motocicleta,24855,Sim,0.2859764793720176,-0.09210085646714848
3514205,Sinistros com vítimas feridas - ocupantes de motocicleta,2250,Não,0.37883811227483655,0.08474125428664106
3514304,Sinistros com vítimas feridas - ocupantes de motocicleta,8186,Sim,0.005587385042154447,0.25346731271400175
3514403,Sinistros com vítimas feridas - ocupantes de motocicleta,46664,Sim,0.8771117269924144,0.013006377782890176
3514502,Sinistros com vítimas feridas - ocupantes de motocicleta,12529,Não,0.28230969314713716,-0.09636095481511371
3514601,Sinistros com vítimas feridas - ocupantes de motocicleta,9719,Não,0.4717067850599516,-0.06685132523598558
3514700,Sinistros com vítimas feridas - ocupantes de motocicleta,6295,Não,0.004494859785672942,-0.2722147817086829
3514809,Sinistros com vítimas feridas - ocupantes de motocicleta,13162,Sim,0.17552823343661947,-0.12581313963474633
3514908,Sinistros com vítimas feridas - ocupantes de motocicleta,18103,Não,0.25607511151930207,0.10433863849737147
3514924,Sinistros com vítimas feridas - ocupantes de motocicleta,3189,Não,0.7783274229856137,-0.027134681331382447
3514957,Sinistros com vítimas feridas - ocupantes de motocicleta,2353,Não,0.1058684910005985,-0.15688985715137205
3515004,Sinistros com vítimas feridas - ocupantes de motocicleta,259323,Sim,1.4553237612420743e-8,0.4576445899109542
3515103,Sinistros com vítimas feridas - ocupantes de motocicleta,68805,Sim,3.905677701040438e-10,-0.5102680276322511
3515129,Sinistros com vítimas feridas - ocupantes de motocicleta,3062,Não,0.3340940617429402,-0.0936098784674213
3515152,Sinistros com vítimas feridas - ocupantes de motocicleta,20139,Sim,0.29929749024431124,0.09086792668560206
3515186,Sinistros com vítimas feridas - ocupantes de motocicleta,40681,Sim,0.002647938991760749,0.2507154085028155
3515194,Sinistros com vítimas feridas - ocupantes de motocicleta,4217,Sim,0.19138291650988895,0.1263262823395159
3515202,Sinistros com vítimas feridas - ocupantes de motocicleta,9655,Não,0.8026631841415199,0.02268138829514832
3515301,Sinistros com vítimas feridas - ocupantes de motocicleta,2749,Não,0.6050389243619723,-0.050643783347418335
3515350,Sinistros com vítimas feridas - ocupantes de motocicleta,7928,Não,0.31121262678568634,0.09580995173143408
3515400,Sinistros com vítimas feridas - ocupantes de motocicleta,16984,Não,0.037442330075494405,-0.1856153421581433
3515509,Sinistros com vítimas feridas - ocupantes de motocicleta,73286,Sim,0.40512670808622564,-0.06774238225891839
3515608,Sinistros com vítimas feridas - ocupantes de motocicleta,6066,Não,0.26964659229022186,-0.10270549527475403
3515657,Sinistros com vítimas feridas - ocupantes de motocicleta,1689,Não,0.9904636825155408,-0.0022997926830340154
3515707,Sinistros com vítimas feridas - ocupantes de motocicleta,185622,Sim,0.6040713924516412,0.043425292510307904
3515806,Sinistros com vítimas feridas - ocupantes de motocicleta,1492,Não,0.17056911701078467,-0.13315861825452585
3515905,Sinistros com vítimas feridas - ocupantes de motocicleta,2756,Não,0.9306956165557032,0.009150682818137577
3516002,Sinistros com vítimas feridas - ocupantes de motocicleta,13171,Não,0.5052047611523456,0.0605708139295272
3516101,Sinistros com vítimas feridas - ocupantes de motocicleta,3987,Sim,0.698475638227584,0.038029246914462494
3516200,Sinistros com vítimas feridas - ocupantes de motocicleta,364331,Sim,0.011491263614647598,0.20304841271451318
3516309,Sinistros com vítimas feridas - ocupantes de motocicleta,171107,Sim,0.014652079857790117,0.20134329324873493
3516408,Sinistros com vítimas feridas - ocupantes de motocicleta,149786,Sim,5.643646069898597e-4,0.2818766641232205
3516507,Sinistros com vítimas feridas - ocupantes de motocicleta,2811,Não,0.9097592372964958,-0.011457973801716592
3516606,Sinistros com vítimas feridas - ocupantes de motocicleta,6435,Não,0.7940017649230944,-0.02437341462985778
3516705,Sinistros com vítimas feridas - ocupantes de motocicleta,43115,Sim,6.324476460885689e-4,0.2827690078434015
3516804,Sinistros com vítimas feridas - ocupantes de motocicleta,3235,Não,0.3085096179560003,-0.09881042196816531
3516853,Sinistros com vítimas feridas - ocupantes de motocicleta,4797,Sim,0.8509353613681171,0.018610406524673318
3516903,Sinistros com vítimas feridas - ocupantes de motocicleta,10449,Não,0.2486212981198668,-0.10559330161518908
3517000,Sinistros com vítimas feridas - ocupantes de motocicleta,10355,Não,0.5129385061042624,0.061206529416350026
3517109,Sinistros com vítimas feridas - ocupantes de motocicleta,4173,Sim,0.06547271012931996,-0.1742300512974949
3517208,Sinistros com vítimas feridas - ocupantes de motocicleta,11459,Não,0.268352031545432,0.09642068679737063
3517307,Sinistros com vítimas feridas - ocupantes de motocicleta,5606,Não,0.029762323220072943,0.2052915798353317
3517406,Sinistros com vítimas feridas - ocupantes de motocicleta,40424,Sim,0.19038536498973166,0.11115986005156828
3517505,Sinistros com vítimas feridas - ocupantes de motocicleta,22316,Sim,0.838818075875646,-0.018251570923321542
3517604,Sinistros com vítimas feridas - ocupantes de motocicleta,17256,Sim,0.3351911267752596,0.08586140968454552
3517703,Sinistros com vítimas feridas - ocupantes de motocicleta,18790,Sim,0.01205306568914443,0.2212600901258498
3517802,Sinistros com vítimas feridas - ocupantes de motocicleta,7486,Sim,0.41665385462696186,0.07333620959735113
3517901,Sinistros com vítimas feridas - ocupantes de motocicleta,10542,Não,0.9216528624153812,0.009596761048566207
3518008,Sinistros com vítimas feridas - ocupantes de motocicleta,1999,Não,0.8913508521033547,-0.013788392780108162
3518107,Sinistros com vítimas feridas - ocupantes de motocicleta,6531,Não,0.04881307151564165,-0.1839934652272624
3518206,Sinistros com vítimas feridas - ocupantes de motocicleta,31872,Sim,8.902092132466428e-4,-0.2763719380235437
3518305,Sinistros com vítimas feridas - ocupantes de motocicleta,32436,Sim,0.22447054409604963,-0.10255559358354083
3518404,Sinistros com vítimas feridas - ocupantes de motocicleta,121710,Sim,2.3502387359934833e-7,0.41685200321428756
3518503,Sinistros com vítimas feridas - ocupantes de motocicleta,15268,Sim,0.8778669271278174,0.014699539019459565
3518602,Sinistros com vítimas feridas - ocupantes de motocicleta,38609,Sim,0.4578314721878326,-0.06364389703506383
3518701,Sinistros com vítimas feridas - ocupantes de motocicleta,294973,Sim,2.5261144720035744e-4,0.29494083182779834
3518800,Sinistros com vítimas feridas - ocupantes de motocicleta,1345364,Sim,3.0407982349161087e-10,0.5013952561508517
3518859,Sinistros com vítimas feridas - ocupantes de motocicleta,7462,Não,0.07371603689654507,-0.17057212044449255
3518909,Sinistros com vítimas feridas - ocupantes de motocicleta,4276,Não,0.6908338938182577,-0.038947175712722736
3519006,Sinistros com vítimas feridas - ocupantes de motocicleta,9302,Não,0.6335587779891674,-0.043103129788981974
3519055,Sinistros com vítimas feridas - ocupantes de motocicleta,15596,Sim,0.0071873104329783525,0.23380213825015564
3519071,Sinistros com vítimas feridas - ocupantes de motocicleta,247331,Sim,2.4613619559669303e-8,0.45401858234487585
3519105,Sinistros com vítimas feridas - ocupantes de motocicleta,10633,Não,0.3127389648585339,-0.09245280185863222
3519204,Sinistros com vítimas feridas - ocupantes de motocicleta,6207,Não,0.42832256507362637,-0.07201056676858625
3519253,Sinistros com vítimas feridas - ocupantes de motocicleta,8257,Não,0.3886523792908575,0.08299938973207177
3519303,Sinistros com vítimas feridas - ocupantes de motocicleta,33110,Sim,0.0024619408872605547,0.2592615764914481
3519402,Sinistros com vítimas feridas - ocupantes de motocicleta,11934,Não,0.02434896413359576,-0.20530837738086263
3519501,Sinistros com vítimas feridas - ocupantes de motocicleta,6461,Não,0.3832695380553515,0.08277374530080323
3519600,Sinistros com vítimas feridas - ocupantes de motocicleta,61908,Sim,0.03431756550266775,0.17250850143671614
3519709,Sinistros com vítimas feridas - ocupantes de motocicleta,77651,Sim,0.0429047241641373,-0.16945447330651772
3519808,Sinistros com vítimas feridas - ocupantes de motocicleta,7969,Sim,0.7798445639049446,0.026817457158410794
3519907,Sinistros com vítimas feridas - ocupantes de motocicleta,7739,Sim,0.15833567752137875,0.135491442455788
3520004,Sinistros com vítimas feridas - ocupantes de motocicleta,23430,Sim,0.2561287780425159,0.09830708034559936
3520103,Sinistros com vítimas feridas - ocupantes de motocicleta,26755,Sim,0.796392216547767,0.022536999782321845
3520202,Sinistros com vítimas feridas - ocupantes de motocicleta,10904,Sim,0.02815855731170495,0.20303463865690374
3520301,Sinistros com vítimas feridas - ocupantes de motocicleta,29881,Sim,0.1135710409757396,0.13631348898159165
3520400,Sinistros com vítimas feridas - ocupantes de motocicleta,36329,Sim,1.9442094377748424e-12,0.5763616072834052
3520426,Sinistros com vítimas feridas - ocupantes de motocicleta,13955,Sim,0.231202537629732,0.10487593131768654
3520442,Sinistros com vítimas feridas - ocupantes de motocicleta,26240,Sim,0.12510590322113802,0.12863210681413575
3520509,Sinistros com vítimas feridas - ocupantes de motocicleta,267796,Sim,0.3312292361371118,0.07837157315542863
3520608,Sinistros com vítimas feridas - ocupantes de motocicleta,5191,Não,0.5067632753696023,-0.062019539232772335
3520707,Sinistros com vítimas feridas - ocupantes de motocicleta,4109,Não,0.3221141100221213,0.09422790931181176
3520806,Sinistros com vítimas feridas - ocupantes de motocicleta,3671,Sim,0.7094341952718007,-0.03617987915290592
3520905,Sinistros com vítimas feridas - ocupantes de motocicleta,13933,Sim,0.3653969551324286,-0.08193233837078237
3521002,Sinistros com vítimas feridas - ocupantes de motocicleta,37999,Sim,0.15884259212975385,0.12120760906287581
3521101,Sinistros com vítimas feridas - ocupantes de motocicleta,6999,Não,0.42421764220125535,0.07525370980060792
3521150,Sinistros com vítimas feridas - ocupantes de motocicleta,7037,Sim,0.4795714798264324,-0.06566203003921675
3521200,Sinistros com vítimas feridas - ocupantes de motocicleta,4091,Não,0.030513210861970105,-0.2092811341560954
3521309,Sinistros com vítimas feridas - ocupantes de motocicleta,14691,Sim,0.09051485594055068,0.15738688119648578
3521408,Sinistros com vítimas feridas - ocupantes de motocicleta,22435,Sim,0.5299592739239258,0.055308356727936187
3521507,Sinistros com vítimas feridas - ocupantes de motocicleta,6946,Não,0.48251413496022594,-0.06736352826679774
3521606,Sinistros com vítimas feridas - ocupantes de motocicleta,7145,Não,0.8533331477195446,-0.01784014254345402
3521705,Sinistros com vítimas feridas - ocupantes de motocicleta,18258,Sim,0.4058557030371199,0.07524339843621507
3521804,Sinistros com vítimas feridas - ocupantes de motocicleta,25930,Sim,0.3050868613211236,0.09067098104529574
3521903,Sinistros com vítimas feridas - ocupantes de motocicleta,17420,Não,0.16495574776467353,-0.12102955431070056
3522000,Sinistros com vítimas feridas - ocupantes de motocicleta,3702,Não,0.6952985667826368,0.03851931703843733
3522109,Sinistros com vítimas feridas - ocupantes de motocicleta,117435,Sim,0.4336170853442039,0.0644709920456542
3522158,Sinistros com vítimas feridas - ocupantes de motocicleta,3490,Não,0.9394400080349974,-0.008040143049743495
3522208,Sinistros com vítimas feridas - ocupantes de motocicleta,163928,Sim,0.0017880263197448262,0.2550335475732791
3522307,Sinistros com vítimas feridas - ocupantes de motocicleta,163774,Sim,0.008091552440047422,0.2147468314064343
3522406,Sinistros com vítimas feridas - ocupantes de motocicleta,92324,Sim,0.3936171275980493,0.06996344769807994
3522505,Sinistros com vítimas feridas - ocupantes de motocicleta,241924,Sim,0.03019077305887691,0.17944956266985093
3522604,Sinistros com vítimas feridas - ocupantes de motocicleta,73919,Sim,1.867273530744884e-8,0.4590884500104535
3522653,Sinistros com vítimas feridas - ocupantes de motocicleta,4405,Não,0.18743857056631796,0.1255773492178827
3522703,Sinistros com vítimas feridas - ocupantes de motocicleta,40464,Sim,3.4857359521606953e-11,0.5440898178832808
3522802,Sinistros com vítimas feridas - ocupantes de motocicleta,14260,Sim,0.25937745194142237,0.10196368692139433
3522901,Sinistros com vítimas feridas - ocupantes de motocicleta,13984,Não,0.7412244510255297,-0.02978296739893773
3523008,Sinistros com vítimas feridas - ocupantes de motocicleta,4014,Não,0.3077986716795384,-0.09906972686836737
3523107,Sinistros com vítimas feridas - ocupantes de motocicleta,382521,Sim,1.436832412138314e-6,0.3927767144340846
3523206,Sinistros com vítimas feridas - ocupantes de motocicleta,45327,Sim,0.5108901048093774,0.05571132533696568
3523305,Sinistros com vítimas feridas - ocupantes de motocicleta,15762,Sim,0.9251867812069593,-0.00886128815534888
3523404,Sinistros com vítimas feridas - ocupantes de motocicleta,126403,Sim,1.761395497829766e-11,0.5441673450333925
3523503,Sinistros com vítimas feridas - ocupantes de motocicleta,19427,Sim,0.2677007254263628,-0.09717648094623514
3523602,Sinistros com vítimas feridas - ocupantes de motocicleta,16433,Sim,0.0012239111221420595,0.2912545474725649
3523701,Sinistros com vítimas feridas - ocupantes de motocicleta,5861,Não,0.014115732747123435,0.23275215715843156
3523800,Sinistros com vítimas feridas - ocupantes de motocicleta,8210,Sim,0.686128852700734,0.038074262994203585
3523909,Sinistros com vítimas feridas - ocupantes de motocicleta,174561,Sim,0.1129163100276716,0.12844926959709202
3524006,Sinistros com vítimas feridas - ocupantes de motocicleta,74119,Sim,5.5605411681352596e-5,0.3300857497183216
3524105,Sinistros com vítimas feridas - ocupantes de motocicleta,38451,Sim,0.08013623061233145,-0.1465363697067103
3524204,Sinistros com vítimas feridas - ocupantes de motocicleta,6293,Sim,0.8422961291156347,-0.018803790717920876
3524303,Sinistros com vítimas feridas - ocupantes de motocicleta,73467,Sim,0.1598908524623045,-0.11507649047607685
3524402,Sinistros com vítimas feridas - ocupantes de motocicleta,249968,Sim,1.19344843547857e-9,0.49018735720021483
3524501,Sinistros com vítimas feridas - ocupantes de motocicleta,7878,Não,0.2959155764275951,-0.09529097102373889
3524600,Sinistros com vítimas feridas - ocupantes de motocicleta,16254,Sim,0.0535100554724269,-0.16696201656657644
3524709,Sinistros com vítimas feridas - ocupantes de motocicleta,61801,Sim,2.1947149879950837e-8,0.46213642991420395
3524808,Sinistros com vítimas feridas - ocupantes de motocicleta,50017,Sim,0.9552250735784859,0.004929381643955749
3524907,Sinistros com vítimas feridas - ocupantes de motocicleta,6575,Não,0.6740147353638388,0.03915241431996938
3525003,Sinistros com vítimas feridas - ocupantes de motocicleta,121988,Sim,0.1165427552543422,0.13101962836118175
3525102,Sinistros com vítimas feridas - ocupantes de motocicleta,46868,Sim,0.3198604989891616,0.08333552235758672
3525201,Sinistros com vítimas feridas - ocupantes de motocicleta,39531,Sim,0.042001608815845345,0.17162143762541862
3525300,Sinistros com vítimas feridas - ocupantes de motocicleta,137323,Sim,0.003434798015297438,-0.23628422786981249
3525409,Sinistros com vítimas feridas - ocupantes de motocicleta,3976,Não,0.3371558270685389,-0.09270009989860026
3525508,Sinistros com vítimas feridas - ocupantes de motocicleta,13095,Não,0.1288416934746062,0.14082013681537078
3525607,Sinistros com vítimas feridas - ocupantes de motocicleta,4456,Não,0.4386250533322307,-0.07458939007141827
3525706,Sinistros com vítimas feridas - ocupantes de motocicleta,37859,Sim,0.17720942530868003,0.11195594329303925
3525805,Sinistros com vítimas feridas - ocupantes de motocicleta,4308,Não,0.7476845624643602,-0.031237379904707225
3525854,Sinistros com vítimas feridas - ocupantes de motocicleta,3123,Não,0.5485366735284745,-0.05465704006336164
3525904,Sinistros com vítimas feridas - ocupantes de motocicleta,460313,Sim,2.3352123427210965e-4,0.2946337195079912
3526001,Sinistros com vítimas feridas - ocupantes de motocicleta,20878,Sim,0.6132570521278106,-0.04275840699195799
3526100,Sinistros com vítimas feridas - ocupantes de motocicleta,17255,Sim,0.697058581495458,0.03418706034529156
3526209,Sinistros com vítimas feridas - ocupantes de motocicleta,28007,Sim,0.282893047516575,-0.09424165839590314
3526308,Sinistros com vítimas feridas - ocupantes de motocicleta,5182,Não,0.9774156606318011,0.003353573233270829
3526407,Sinistros com vítimas feridas - ocupantes de motocicleta,27009,Sim,0.38125921062647283,0.07499440096488413
3526506,Sinistros com vítimas feridas - ocupantes de motocicleta,9909,Não,0.5457952553425276,0.05721193036664567
3526605,Sinistros com vítimas feridas - ocupantes de motocicleta,7328,Não,0.06647440555400311,0.16735970219045185
3526704,Sinistros com vítimas feridas - ocupantes de motocicleta,101316,Sim,1.9239999202668502e-5,0.3452141795288731
3526803,Sinistros com vítimas feridas - ocupantes de motocicleta,68395,Sim,0.4446476109723072,0.06298609664408052
3526902,Sinistros com vítimas feridas - ocupantes de motocicleta,300728,Sim,1.7769195138991246e-7,0.4184955301738014
3527009,Sinistros com vítimas feridas - ocupantes de motocicleta,7147,Sim,0.34972002639284216,-0.08512099355486681
3527108,Sinistros com vítimas feridas - ocupantes de motocicleta,76729,Sim,0.3303164995390354,-0.07946560694026131
3527207,Sinistros com vítimas feridas - ocupantes de motocicleta,87370,Sim,7.240146799428318e-6,0.3643698042311206
3527256,Sinistros com vítimas feridas - ocupantes de motocicleta,1968,Não,0.8971266116403941,0.013327311407215351
3527306,Sinistros com vítimas feridas - ocupantes de motocicleta,54111,Sim,0.676180174775689,0.035793553660425
3527405,Sinistros com vítimas feridas - ocupantes de motocicleta,20372,Sim,0.0796295674409734,-0.14647059969170856
3527504,Sinistros com vítimas feridas - ocupantes de motocicleta,2419,Não,0.07941626951853953,-0.17007387876073105
3527603,Sinistros com vítimas feridas - ocupantes de motocicleta,12531,Sim,0.931571214413915,0.008540269435016666
3527702,Sinistros com vítimas feridas - ocupantes de motocicleta,4751,Não,0.30302779942146446,0.10134184148960382
3527801,Sinistros com vítimas feridas - ocupantes de motocicleta,4017,Não,0.03891544090974665,0.19817582171082462
3527900,Sinistros com vítimas feridas - ocupantes de motocicleta,2699,Não,0.5109393498748493,-0.06439419512495244
3528007,Sinistros com vítimas feridas - ocupantes de motocicleta,17120,Não,0.45085737364025236,-0.06675314481775449
3528106,Sinistros com vítimas feridas - ocupantes de motocicleta,7587,Não,0.3103914946509658,0.09362987795347802
3528205,Sinistros com vítimas feridas - ocupantes de motocicleta,4048,Sim,0.6879514479604092,0.038675659479051015
3528304,Sinistros com vítimas feridas - ocupantes de motocicleta,3212,Não,0.7142539565171648,0.035713663983222815
3528403,Sinistros com vítimas feridas - ocupantes de motocicleta,51660,Sim,0.010665298584571825,0.21350191500278762
3528502,Sinistros com vítimas feridas - ocupantes de motocicleta,97399,Sim,5.054320537190779e-7,0.41369658045841584
3528601,Sinistros com vítimas feridas - ocupantes de motocicleta,10092,Não,0.18643354168663942,0.12239676798465828
3528700,Sinistros com vítimas feridas - ocupantes de motocicleta,4627,Não,0.007212624485899862,0.25752754242697373
3528809,Sinistros com vítimas feridas - ocupantes de motocicleta,12826,Não,0.019326136820852026,0.20940344756980098
3528858,Sinistros com vítimas feridas - ocupantes de motocicleta,3392,Não,0.4648474502343204,-0.0698987379944061
3528908,Sinistros com vítimas feridas - ocupantes de motocicleta,3539,Sim,0.27252314470877614,0.10504706858876599
3529005,Sinistros com vítimas feridas - ocupantes de motocicleta,246627,Sim,1.1581415309433685e-8,-0.4561857633304783
3529104,Sinistros com vítimas feridas - ocupantes de motocicleta,1870,Não,1,0
3529203,Sinistros com vítimas feridas - ocupantes de motocicleta,25299,Sim,0.7393955635515628,0.02861698619725506
3529302,Sinistros com vítimas feridas - ocupantes de motocicleta,80998,Sim,0.0016806553422459595,0.2553571193836554
3529401,Sinistros com vítimas feridas - ocupantes de motocicleta,429380,Sim,0.012452522489244536,0.20072456904703953
3529500,Sinistros com vítimas feridas - ocupantes de motocicleta,6369,Não,0.7680005782565945,-0.028092372537844554
3529609,Sinistros com vítimas feridas - ocupantes de motocicleta,4697,Não,0.8967302401451305,0.012550667342522937
3529658,Sinistros com vítimas feridas - ocupantes de motocicleta,1988,Não,0.9394400080349974,-0.008040143049743495
3529708,Sinistros com vítimas feridas - ocupantes de motocicleta,19655,Sim,0.3999300617901606,0.07482744457594157
3529807,Sinistros com vítimas feridas - ocupantes de motocicleta,11349,Não,0.768517100667634,0.02727033281264416
3529906,Sinistros com vítimas feridas - ocupantes de motocicleta,18679,Sim,0.4317667396265927,0.06757782526610145
3530003,Sinistros com vítimas feridas - ocupantes de motocicleta,3199,Não,0.413634211890447,-0.07902862433846089
3530102,Sinistros com vítimas feridas - ocupantes de motocicleta,28737,Sim,0.018999250720348738,0.19889167581653946
3530201,Sinistros com vítimas feridas - ocupantes de motocicleta,16069,Não,0.1501384219154172,-0.12509896320845534
3530300,Sinistros com vítimas feridas - ocupantes de motocicleta,65485,Sim,0.07630937124080749,-0.14535678547366737
3530409,Sinistros com vítimas feridas - ocupantes de motocicleta,4771,Sim,0.3487087018630669,0.08870411477260083
3530508,Sinistros com vítimas feridas - ocupantes de motocicleta,69324,Sim,6.350135417622918e-7,0.40540757898028473
3530607,Sinistros com vítimas feridas - ocupantes de motocicleta,468120,Sim,1.32290423025519e-4,0.30879583799777244
3530706,Sinistros com vítimas feridas - ocupantes de motocicleta,159735,Sim,4.3499320138180496e-10,0.5013530780325746
3530805,Sinistros com vítimas feridas - ocupantes de motocicleta,95534,Sim,6.973403305498925e-8,0.43647701716193193
3530904,Sinistros com vítimas feridas - ocupantes de motocicleta,3815,Não,0.05320403865978906,0.18460254173625265
3531001,Sinistros com vítimas feridas - ocupantes de motocicleta,1954,Sim,0.6416669828558669,0.04572448932386187
3531100,Sinistros com vítimas feridas - ocupantes de motocicleta,64519,Sim,1.629146190396436e-5,0.3552959164432664
3531209,Sinistros com vítimas feridas - ocupantes de motocicleta,8873,Sim,0.724747837937147,-0.032317204049694924
3531308,Sinistros com vítimas feridas - ocupantes de motocicleta,48725,Sim,0.7775067148300664,-0.023894001243720785
3531407,Sinistros com vítimas feridas - ocupantes de motocicleta,22650,Não,0.20275853554390633,-0.10944502245794178
3531506,Sinistros com vítimas feridas - ocupantes de motocicleta,18363,Sim,0.060354752613138614,0.16999027842334002
3531605,Sinistros com vítimas feridas - ocupantes de motocicleta,4301,Não,0.09574512047512865,-0.1589698237277347
3531704,Sinistros com vítimas feridas - ocupantes de motocicleta,4205,Não,0.7146398440896629,0.03494487151522795
3531803,Sinistros com vítimas feridas - ocupantes de motocicleta,67296,Sim,0.5619295870020335,0.0496631488579494
3531902,Sinistros com vítimas feridas - ocupantes de motocicleta,28561,Sim,0.008766714739516686,0.2214066989145151
3532009,Sinistros com vítimas feridas - ocupantes de motocicleta,14081,Sim,0.1335125071853646,0.1325178251966082
3532058,Sinistros com vítimas feridas - ocupantes de motocicleta,4079,Não,0.32333119132456645,0.09501604555328277
3532108,Sinistros com vítimas feridas - ocupantes de motocicleta,3763,Não,0.9678781374674822,0.004492167092162525
3532157,Sinistros com vítimas feridas - ocupantes de motocicleta,2699,Não,0.8149210911464686,-0.024772450141903154
3532207,Sinistros com vítimas feridas - ocupantes de motocicleta,5908,Não,0.9167341849609479,-0.01051897425644375
3532306,Sinistros com vítimas feridas - ocupantes de motocicleta,7134,Sim,0.7349305618656896,-0.03261228741283318
3532405,Sinistros com vítimas feridas - ocupantes de motocicleta,18620,Sim,0.866663225901126,0.01491817956896504
3532504,Sinistros com vítimas feridas - ocupantes de motocicleta,9921,Não,0.9332602740557636,-0.008252747102274501
3532603,Sinistros com vítimas feridas - ocupantes de motocicleta,9944,Não,0.09307774396026085,-0.14847399897973748
3532702,Sinistros com vítimas feridas - ocupantes de motocicleta,4860,Sim,0.3777598751747283,-0.08376358150122408
3532801,Sinistros com vítimas feridas - ocupantes de motocicleta,6858,Não,0.8609711833651881,-0.0170825812915169
3532827,Sinistros com vítimas feridas - ocupantes de motocicleta,8631,Sim,0.311772177711236,0.0968818787348507
3532843,Sinistros com vítimas feridas - ocupantes de motocicleta,2058,Sim,1,-0.0015979151221374977
3532868,Sinistros com vítimas feridas - ocupantes de motocicleta,1074,Não,0.21129954733371048,0.12186249178997377
3532900,Sinistros com vítimas feridas - ocupantes de motocicleta,9459,Não,0.9460871107348163,0.006871841297495454
3533007,Sinistros com vítimas feridas - ocupantes de motocicleta,19725,Sim,0.031112621780919694,0.18890592512542018
3533106,Sinistros com vítimas feridas - ocupantes de motocicleta,2188,Não,0.27474582582502527,-0.10511663890054891
3533205,Sinistros com vítimas feridas - ocupantes de motocicleta,4795,Não,0.5732908684792833,-0.054075058274183484
3533254,Sinistros com vítimas feridas - ocupantes de motocicleta,4469,Não,0.30440989142693536,-0.09940220855741115
3533304,Sinistros com vítimas feridas - ocupantes de motocicleta,2838,Sim,0.6017970207529535,0.05074469562785384
3533403,Sinistros com vítimas feridas - ocupantes de motocicleta,64228,Sim,3.1678240312679386e-6,0.38374991876562575
3533502,Sinistros com vítimas feridas - ocupantes de motocicleta,39435,Sim,0.499727321273532,-0.0568669377898119
3533601,Sinistros com vítimas feridas - ocupantes de motocicleta,7550,Não,0.009732145294520166,0.24939858131831225
3533700,Sinistros com vítimas feridas - ocupantes de motocicleta,4412,Não,0.7851667572167372,0.026494970621289114
3533809,Sinistros com vítimas feridas - ocupantes de motocicleta,2540,Não,0.42635334144541615,-0.07721106764101174
3533908,Sinistros com vítimas feridas - ocupantes de motocicleta,56701,Sim,0.536501019050397,0.05076764481849905
3534005,Sinistros com vítimas feridas - ocupantes de motocicleta,4912,Não,0.7906556276636395,-0.024553817739933398
3534104,Sinistros com vítimas feridas - ocupantes de motocicleta,6180,Não,0.8576738003253124,0.016990949916447503
3534203,Sinistros com vítimas feridas - ocupantes de motocicleta,6145,Não,0.2420028797110769,0.11329292479184017
3534302,Sinistros com vítimas feridas - ocupantes de motocicleta,39193,Sim,0.4079319484839493,-0.06890476260226602
3534401,Sinistros com vítimas feridas - ocupantes de motocicleta,756952,Sim,0.07287657836027743,0.14404082469570917
3534500,Sinistros com vítimas feridas - ocupantes de motocicleta,2504,Não,0.27174025026180715,0.10669047508901101
3534609,Sinistros com vítimas feridas - ocupantes de motocicleta,32099,Sim,0.17429544766936977,0.11287171010102795
3534708,Sinistros com vítimas feridas - ocupantes de motocicleta,106877,Sim,0.02337920815925936,-0.18332442481325809
3534757,Sinistros com vítimas feridas - ocupantes de motocicleta,10596,Não,0.18584076812759545,-0.11745288440590285
3534807,Sinistros com vítimas feridas - ocupantes de motocicleta,7901,Não,0.07265943358975607,0.16312170066632503
3534906,Sinistros com vítimas feridas - ocupantes de motocicleta,15217,Não,0.2639019798680131,0.09806879008435555
3535002,Sinistros com vítimas feridas - ocupantes de motocicleta,11689,Não,0.6903828837765086,0.03806543539581956
3535101,Sinistros com vítimas feridas - ocupantes de motocicleta,9709,Sim,0.16227852988832334,0.13093557731318037
3535200,Sinistros com vítimas feridas - ocupantes de motocicleta,8994,Sim,0.09926229644714123,0.14480927612744365
3535309,Sinistros com vítimas feridas - ocupantes de motocicleta,19767,Não,0.8395905219244564,0.01804207679942929
3535408,Sinistros com vítimas feridas - ocupantes de motocicleta,15214,Sim,0.46671185585350666,-0.06300895412140037
3535507,Sinistros com vítimas feridas - ocupantes de motocicleta,42087,Sim,0.4331616674989184,0.06491142588481608
3535606,Sinistros com vítimas feridas - ocupantes de motocicleta,17950,Sim,0.6164810131217218,-0.04382758490789574
3535705,Sinistros com vítimas feridas - ocupantes de motocicleta,6211,Sim,0.024128885035884288,0.21405763567658045
3535804,Sinistros com vítimas feridas - ocupantes de motocicleta,19799,Sim,0.8554936283818172,0.017336488361257597
3535903,Sinistros com vítimas feridas - ocupantes de motocicleta,4111,Não,0.4803737900885962,0.0674451878795511
3536000,Sinistros com vítimas feridas - ocupantes de motocicleta,10729,Não,0.11457808355196027,-0.13982168388841457
3536109,Sinistros com vítimas feridas - ocupantes de motocicleta,7382,Não,0.8886758155759176,0.013554720729924773
3536208,Sinistros com vítimas feridas - ocupantes de motocicleta,19576,Sim,0.1215606250049095,-0.13513676564031618
3536257,Sinistros com vítimas feridas - ocupantes de motocicleta,3001,Sim,0.1018999964957947,0.15611889204819354
3536307,Sinistros com vítimas feridas - ocupantes de motocicleta,14837,Sim,0.41518692666946827,0.07271149219918144
3536406,Sinistros com vítimas feridas - ocupantes de motocicleta,8200,Sim,0.5473673383411672,0.05477015902990043
3536505,Sinistros com vítimas feridas - ocupantes de motocicleta,115690,Sim,0.007926886734388433,0.2197556034965152
3536570,Sinistros com vítimas feridas - ocupantes de motocicleta,2146,Não,0.6025455230443836,-0.05141768427650008
3536604,Sinistros com vítimas feridas - ocupantes de motocicleta,7430,Não,0.04456931638491297,-0.19167235472858882
3536703,Sinistros com vítimas feridas - ocupantes de motocicleta,46223,Sim,0.7529852864111898,0.026358838480123565
3536802,Sinistros com vítimas feridas - ocupantes de motocicleta,6718,Não,0.357095820550288,0.08723413420403339
3536901,Sinistros com vítimas feridas - ocupantes de motocicleta,2848,Sim,0.8549694345171533,-0.01842228206186133
3537008,Sinistros com vítimas feridas - ocupantes de motocicleta,15742,Sim,0.20550038919333105,0.11317614059161382
3537107,Sinistros com vítimas feridas - ocupantes de motocicleta,44332,Sim,1.811154273802284e-8,0.46742586528246916
3537156,Sinistros com vítimas feridas - ocupantes de motocicleta,2838,Não,0.8297171444529672,-0.021731919673056002
3537206,Sinistros com vítimas feridas - ocupantes de motocicleta,11539,Sim,0.1740782086182626,0.12440603650648982
3537305,Sinistros com vítimas feridas - ocupantes de motocicleta,63317,Sim,0.060414213874123754,-0.15317703923493722
3537404,Sinistros com vítimas feridas - ocupantes de motocicleta,24389,Sim,0.31735217245206804,-0.08479922663457962
3537503,Sinistros com vítimas feridas - ocupantes de motocicleta,8969,Não,0.036139938903624484,-0.19882774420807925
3537602,Sinistros com vítimas feridas - ocupantes de motocicleta,70543,Sim,0.045378100345390256,0.16405187805642646
3537701,Sinistros com vítimas feridas - ocupantes de motocicleta,5623,Não,0.675293088522581,-0.040418116960078646
3537800,Sinistros com vítimas feridas - ocupantes de motocicleta,54237,Sim,0.13668355158061418,0.12427351152684188
3537909,Sinistros com vítimas feridas - ocupantes de motocicleta,28417,Sim,0.1882699222488381,0.1114305671479416
3538006,Sinistros com vítimas feridas - ocupantes de motocicleta,172027,Sim,2.075378569546348e-4,0.3010130200281506
3538105,Sinistros com vítimas feridas - ocupantes de motocicleta,14721,Não,0.6518317859704765,0.04004520099280892
3538204,Sinistros com vítimas feridas - ocupantes de motocicleta,15605,Sim,0.7806686947882111,-0.025004664652419923
3538303,Sinistros com vítimas feridas - ocupantes de motocicleta,3296,Não,0.25149583495551625,-0.10767053976132192
3538501,Sinistros com vítimas feridas - ocupantes de motocicleta,12570,Sim,0.21529500577260857,0.11617140819024235
3538600,Sinistros com vítimas feridas - ocupantes de motocicleta,26764,Sim,0.8287763695565848,-0.01912431138537831
3538709,Sinistros com vítimas feridas - ocupantes de motocicleta,438827,Sim,1.0654906694686208e-7,0.4261363618919812
3538808,Sinistros com vítimas feridas - ocupantes de motocicleta,30261,Sim,0.8910115431252558,-0.011912692082196943
3538907,Sinistros com vítimas feridas - ocupantes de motocicleta,22743,Sim,0.721963822356815,0.03057196052367608
3539004,Sinistros com vítimas feridas - ocupantes de motocicleta,11076,Não,0.5605654068364341,0.053082890928550515
3539103,Sinistros com vítimas feridas - ocupantes de motocicleta,18836,Sim,0.9843009778166038,-0.0021961915936973453
3539202,Sinistros com vítimas feridas - ocupantes de motocicleta,26065,Sim,0.05605351493157599,-0.16113045008744256
3539301,Sinistros com vítimas feridas - ocupantes de motocicleta,75475,Sim,0.003698293683912326,-0.23639258830681392
3539400,Sinistros com vítimas feridas - ocupantes de motocicleta,15554,Não,0.008910474523704142,0.23343306534024477
3539509,Sinistros com vítimas feridas - ocupantes de motocicleta,34416,Sim,0.7017933300484909,-0.033175811915365915
3539608,Sinistros com vítimas feridas - ocupantes de motocicleta,4454,Não,0.03798128221150694,0.20034088142719317
3539707,Sinistros com vítimas feridas - ocupantes de motocicleta,3061,Não,0.25987470728466866,-0.10928395353916588
3539806,Sinistros com vítimas feridas - ocupantes de motocicleta,106431,Sim,0.003555674406022872,0.24155293757928714
3539905,Sinistros com vítimas feridas - ocupantes de motocicleta,5696,Sim,0.1577933810667232,-0.1352254057765549
3540002,Sinistros com vítimas feridas - ocupantes de motocicleta,20512,Não,0.03863824976646932,0.17459582637253068
3540101,Sinistros com vítimas feridas - ocupantes de motocicleta,3443,Não,0.58523585004952,-0.053300904332199084
3540200,Sinistros com vítimas feridas - ocupantes de motocicleta,38376,Sim,0.6451185681929246,-0.04034719077412643
3540259,Sinistros com vítimas feridas - ocupantes de motocicleta,4196,Sim,0.4699825338263095,-0.06938837260739307
3540309,Sinistros com vítimas feridas - ocupantes de motocicleta,2415,Não,0.891000962737475,0.014502423770294894
3540408,Sinistros com vítimas feridas - ocupantes de motocicleta,4185,Não,0.3285284542159557,-0.09355471748618113
3540507,Sinistros com vítimas feridas - ocupantes de motocicleta,10773,Sim,0.5843401927188846,0.049696664257687664
3540606,Sinistros com vítimas feridas - ocupantes de motocicleta,58345,Sim,0.001539473881160067,-0.26297582070148934
3540705,Sinistros com vítimas feridas - ocupantes de motocicleta,53940,Sim,0.043372970232755895,0.16519222547628717
3540754,Sinistros com vítimas feridas - ocupantes de motocicleta,20767,Sim,3.4059697241359694e-5,0.3716555581197173
3540804,Sinistros com vítimas feridas - ocupantes de motocicleta,18994,Sim,0.18530803284278813,-0.11566753667916543
3540853,Sinistros com vítimas feridas - ocupantes de motocicleta,2599,Não,0.6376142776413272,-0.046048092012167294
3540903,Sinistros com vítimas feridas - ocupantes de motocicleta,17309,Sim,0.5332889317433498,0.055433730153048595
3541000,Sinistros com vítimas feridas - ocupantes de motocicleta,365577,Sim,0.010422597780312784,0.20673148126887433
3541059,Sinistros com vítimas feridas - ocupantes de motocicleta,5246,Não,0.4869670526744974,-0.06598479382099962
3541109,Sinistros com vítimas feridas - ocupantes de motocicleta,3841,Não,0.1687271993498109,-0.13336309386126377
3541208,Sinistros com vítimas feridas - ocupantes de motocicleta,14772,Não,0.7974913038783235,-0.022859478008001526
3541307,Sinistros com vítimas feridas - ocupantes de motocicleta,40383,Sim,0.030985093357240843,0.1770876613611051
3541406,Sinistros com vítimas feridas - ocupantes de motocicleta,234083,Sim,0.3061707471812438,0.08248073140106586
3541505,Sinistros com vítimas feridas - ocupantes de motocicleta,35902,NA,0.1306233723473355,-0.12487549620367253
3541604,Sinistros com vítimas feridas - ocupantes de motocicleta,35991,Sim,0.9924146469309333,-0.001207051723022175
3541653,Sinistros com vítimas feridas - ocupantes de motocicleta,3472,Não,0.016711955073594804,-0.2269903142092236
3541703,Sinistros com vítimas feridas - ocupantes de motocicleta,13399,Sim,0.5737015859870777,-0.04903512928643319
3541802,Sinistros com vítimas feridas - ocupantes de motocicleta,3351,Não,0.6702802271899244,0.04191411521354004
3541901,Sinistros com vítimas feridas - ocupantes de motocicleta,9146,Sim,0.12753606323552916,-0.14475560980588206
3542008,Sinistros com vítimas feridas - ocupantes de motocicleta,7225,Não,0.34952970367920766,-0.08836649767975267
3542107,Sinistros com vítimas feridas - ocupantes de motocicleta,9133,Sim,0.27913769209205946,0.10226007334236784
3542206,Sinistros com vítimas feridas - ocupantes de motocicleta,29305,Sim,0.501897562547382,0.05581871678143814
3542305,Sinistros com vítimas feridas - ocupantes de motocicleta,4611,Não,0.2716267812649823,-0.10458733295690562
3542404,Sinistros com vítimas feridas - ocupantes de motocicleta,20565,Não,0.08234489394214684,-0.14746934279382914
3542503,Sinistros com vítimas feridas - ocupantes de motocicleta,7808,Não,0.9489607659772884,0.006696496542697609
3542602,Sinistros com vítimas feridas - ocupantes de motocicleta,61732,Sim,0.29324328561331603,0.0867079835944832
3542701,Sinistros com vítimas feridas - ocupantes de motocicleta,6492,Não,0.003800031817204809,0.2577623262580398
3542800,Sinistros com vítimas feridas - ocupantes de motocicleta,3166,Não,0.020545097452041743,0.22083521875289344
3542909,Sinistros com vítimas feridas - ocupantes de motocicleta,11079,Não,0.454856281639079,-0.06935997342096285
3543006,Sinistros com vítimas feridas - ocupantes de motocicleta,18930,Sim,0.07753572515811222,0.16165675206220054
3543105,Sinistros com vítimas feridas - ocupantes de motocicleta,4706,Não,0.6064796999519803,-0.049230453619704025
3543204,Sinistros com vítimas feridas - ocupantes de motocicleta,4768,Não,0.6297392127130857,-0.04574110130963203
3543238,Sinistros com vítimas feridas - ocupantes de motocicleta,2045,Não,0.2337582411125326,-0.11535270340550548
3543253,Sinistros com vítimas feridas - ocupantes de motocicleta,7570,Sim,0.1599814633400512,0.13194274549512972
3543303,Sinistros com vítimas feridas - ocupantes de motocicleta,118877,Sim,0.02093544170350724,0.19021586412433072
3543402,Sinistros com vítimas feridas - ocupantes de motocicleta,728400,Sim,0.331387459356251,-0.0779874688823874
3543501,Sinistros com vítimas feridas - ocupantes de motocicleta,5647,Sim,0.34087815403665056,0.09068347540368488
3543600,Sinistros com vítimas feridas - ocupantes de motocicleta,4158,Sim,0.21928058458849356,-0.11694624320399229
3543709,Sinistros com vítimas feridas - ocupantes de motocicleta,9145,Não,0.3804164753597895,0.08231018209003821
3543808,Sinistros com vítimas feridas - ocupantes de motocicleta,9357,Sim,0.9274648143489513,-0.008692153604453289
3543907,Sinistros com vítimas feridas - ocupantes de motocicleta,208857,Sim,4.874893598345403e-7,0.40400223323027123
3544004,Sinistros com vítimas feridas - ocupantes de motocicleta,32267,Sim,0.2875403989658328,-0.09234560901365126
3544103,Sinistros com vítimas feridas - ocupantes de motocicleta,45317,Sim,0.5710666071437032,0.050000619445581866
3544202,Sinistros com vítimas feridas - ocupantes de motocicleta,10453,Não,0.31592913857755783,0.09449447113917388
3544251,Sinistros com vítimas feridas - ocupantes de motocicleta,17533,Sim,0.07137015789407386,-0.1589417267224747
3544301,Sinistros com vítimas feridas - ocupantes de motocicleta,11095,Não,0.26920346417745444,0.0986274981715147
3544400,Sinistros com vítimas feridas - ocupantes de motocicleta,2741,Não,0.13104659267132449,-0.14603230815153598
3544509,Sinistros com vítimas feridas - ocupantes de motocicleta,3965,Não,0.7188496021178116,0.03402019878855107
3544608,Sinistros com vítimas feridas - ocupantes de motocicleta,5185,Não,0.1682562756869594,-0.13324033796457777
3544707,Sinistros com vítimas feridas - ocupantes de motocicleta,2519,Não,0.4385491225945925,-0.07536388116215999
3544806,Sinistros com vítimas feridas - ocupantes de motocicleta,6612,Não,0.7204036084376513,-0.03445941028059896
3544905,Sinistros com vítimas feridas - ocupantes de motocicleta,11654,Não,0.009879987849139434,0.22708449822135204
3545001,Sinistros com vítimas feridas - ocupantes de motocicleta,15396,Sim,0.3278305981519686,-0.08791381344090693
3545100,Sinistros com vítimas feridas - ocupantes de motocicleta,4883,Não,0.05699412595312572,-0.18168680148656244
3545159,Sinistros com vítimas feridas - ocupantes de motocicleta,8371,Sim,0.6308741317669202,0.04627581507023497
3545209,Sinistros com vítimas feridas - ocupantes de motocicleta,140125,Sim,0.001190781600725983,-0.2624913777386315
3545308,Sinistros com vítimas feridas - ocupantes de motocicleta,45138,Sim,0.8796945025231054,-0.013123538236351472
3545407,Sinistros com vítimas feridas - ocupantes de motocicleta,9212,Não,0.9722582587589342,-0.0035407624656800547
3545506,Sinistros com vítimas feridas - ocupantes de motocicleta,3699,Não,0.9394929194460141,-0.007966715547780124
3545605,Sinistros com vítimas feridas - ocupantes de motocicleta,14203,Não,0.0131075793546197,-0.2199887395215878
3545704,Sinistros com vítimas feridas - ocupantes de motocicleta,6543,Não,0.6059377757202024,0.048505567924122375
3545803,Sinistros com vítimas feridas - ocupantes de motocicleta,189338,Sim,3.769035457616544e-13,0.5827004280544654
3546009,Sinistros com vítimas feridas - ocupantes de motocicleta,14212,Sim,0.06243901909834636,0.1743055470056363
3546108,Sinistros com vítimas feridas - ocupantes de motocicleta,2677,Sim,0.6868081601809986,0.039550416791040995
3546207,Sinistros com vítimas feridas - ocupantes de motocicleta,4365,Sim,0.6447590860558154,0.04351430008581638
3546256,Sinistros com vítimas feridas - ocupantes de motocicleta,2162,Não,0.48703307879664637,0.0671390145235764
3546306,Sinistros com vítimas feridas - ocupantes de motocicleta,29525,Sim,5.351329015287067e-5,0.35070320737523347
3546405,Sinistros com vítimas feridas - ocupantes de motocicleta,47677,Sim,0.9513449953835851,-0.00539408168661856
3546504,Sinistros com vítimas feridas - ocupantes de motocicleta,6256,Não,0.9401676481349802,0.0076577088548179205
3546603,Sinistros com vítimas feridas - ocupantes de motocicleta,36098,Sim,0.05278563284509864,-0.159128333911423
3546702,Sinistros com vítimas feridas - ocupantes de motocicleta,24107,Sim,0.0031900439428118386,0.25018810948859616
3546801,Sinistros com vítimas feridas - ocupantes de motocicleta,54586,Sim,6.024897572570386e-4,0.2865043493100093
3546900,Sinistros com vítimas feridas - ocupantes de motocicleta,7181,Não,0.27212043532040064,0.10398958761781671
3547007,Sinistros com vítimas feridas - ocupantes de motocicleta,5314,Não,0.5172048362338642,0.0625873837303371
3547106,Sinistros com vítimas feridas - ocupantes de motocicleta,3012,Não,0.09154188212147218,-0.15846190156780976
3547205,Sinistros com vítimas feridas - ocupantes de motocicleta,1698,Não,0.36141928346625474,-0.08777012022871945
3547304,Sinistros com vítimas feridas - ocupantes de motocicleta,162341,Sim,0.005841540765268687,0.22879579826287286
3547403,Sinistros com vítimas feridas - ocupantes de motocicleta,2790,Não,0.15277173865747865,-0.13826342521031643
3547502,Sinistros com vítimas feridas - ocupantes de motocicleta,25060,Sim,0.3571996691251941,0.07984849910185612
3547601,Sinistros com vítimas feridas - ocupantes de motocicleta,23725,Sim,0.2579512619814059,-0.09839202733522935
3547650,Sinistros com vítimas feridas - ocupantes de motocicleta,1686,Não,0.5196052329481514,0.062108549681597645
3547700,Sinistros com vítimas feridas - ocupantes de motocicleta,18045,Sim,0.6914567362200282,0.03373108562536444
3547809,Sinistros com vítimas feridas - ocupantes de motocicleta,778711,Sim,1.5979993132400777e-5,0.345289731732603
3547908,Sinistros com vítimas feridas - ocupantes de motocicleta,6917,Não,0.19752739335653963,-0.12473592987943698
3548005,Sinistros com vítimas feridas - ocupantes de motocicleta,23779,Sim,0.2137970739383604,0.1076924694517142
3548054,Sinistros com vítimas feridas - ocupantes de motocicleta,8568,Não,0.20007954456923793,-0.1224258905022672
3548104,Sinistros com vítimas feridas - ocupantes de motocicleta,6237,Sim,0.010707163962024986,0.24460773400470148
3548203,Sinistros com vítimas feridas - ocupantes de motocicleta,7294,Sim,0.169781718185561,0.12447354298337872
3548302,Sinistros com vítimas feridas - ocupantes de motocicleta,3063,Não,0.22997307953899274,-0.11555980233804614
3548401,Sinistros com vítimas feridas - ocupantes de motocicleta,3933,Não,0.6315111538255735,-0.0469366172477574
3548500,Sinistros com vítimas feridas - ocupantes de motocicleta,429567,Sim,0.8481461934972441,0.015704640812698952
3548609,Sinistros com vítimas feridas - ocupantes de motocicleta,11948,Não,0.0025115293757906566,0.28618582378926843
3548708,Sinistros com vítimas feridas - ocupantes de motocicleta,840499,Sim,1.470357799580047e-7,0.4191190860115383
3548807,Sinistros com vítimas feridas - ocupantes de motocicleta,172109,Sim,0.1861769948276143,0.10858132793987448
3548906,Sinistros com vítimas feridas - ocupantes de motocicleta,265294,Sim,0.16098936714140893,0.1130419263249005
3549003,Sinistros com vítimas feridas - ocupantes de motocicleta,2629,Não,0.04047770684882448,0.19674772002584176
3549102,Sinistros com vítimas feridas - ocupantes de motocicleta,95762,Sim,0.10750989604245362,-0.13091993006926622
3549201,Sinistros com vítimas feridas - ocupantes de motocicleta,2622,Não,0.5098520692126243,-0.06372438083280933
3549250,Sinistros com vítimas feridas - ocupantes de motocicleta,1880,Não,0.8051652236028067,0.02504964105778209
3549300,Sinistros com vítimas feridas - ocupantes de motocicleta,2288,Não,0.914291992379981,0.01132968093745162
3549409,Sinistros com vítimas feridas - ocupantes de motocicleta,49815,Sim,7.175856230003732e-8,0.456662610725211
3549508,Sinistros com vítimas feridas - ocupantes de motocicleta,7690,Não,0.1207846455047903,0.14526107056683404
3549607,Sinistros com vítimas feridas - ocupantes de motocicleta,3898,Não,0.48770595857819926,-0.06716287631404237
3549706,Sinistros com vítimas feridas - ocupantes de motocicleta,53416,Sim,2.402730672562528e-6,0.38964720358127936
3549805,Sinistros com vítimas feridas - ocupantes de motocicleta,501597,Sim,4.164861754612085e-4,-0.28183611484414794
3549904,Sinistros com vítimas feridas - ocupantes de motocicleta,724756,Sim,1.6626859921086493e-14,0.6117576721286428
3549953,Sinistros com vítimas feridas - ocupantes de motocicleta,16458,Sim,0.12043628952153716,0.13673851708935525
3550001,Sinistros com vítimas feridas - ocupantes de motocicleta,10497,Sim,0.21841106946172742,0.10584116839225592
3550100,Sinistros com vítimas feridas - ocupantes de motocicleta,38166,Sim,0.7301210918403288,-0.029397163223224082
3550209,Sinistros com vítimas feridas - ocupantes de motocicleta,32904,Sim,0.0013494255049796894,0.2725105212184597
3550308,Sinistros com vítimas feridas - ocupantes de motocicleta,11895578,Sim,9.557422597049022e-5,0.3101149424971896
3550407,Sinistros com vítimas feridas - ocupantes de motocicleta,39725,Sim,0.0029301578201813712,0.24733498256861444
3550506,Sinistros com vítimas feridas - ocupantes de motocicleta,7333,Não,0.5473256724887117,0.05647826650027759
3550605,Sinistros com vítimas feridas - ocupantes de motocicleta,81342,Sim,0.0021003924452825244,0.25217778928722767
3550704,Sinistros com vítimas feridas - ocupantes de motocicleta,84019,Sim,3.265474240579899e-5,0.3372248543536055
3550803,Sinistros com vítimas feridas - ocupantes de motocicleta,10484,Não,0.015504599783138602,0.22557869373366882
3550902,Sinistros com vítimas feridas - ocupantes de motocicleta,13590,Sim,0.9123697274605079,-0.010264217566681074
3551009,Sinistros com vítimas feridas - ocupantes de motocicleta,338407,Sim,0.6072376146147225,0.04170244722212728
3551108,Sinistros com vítimas feridas - ocupantes de motocicleta,10632,Sim,1,-4.434172129257501e-4
3551207,Sinistros com vítimas feridas - ocupantes de motocicleta,3769,Não,0.698475638227584,0.038029246914462494
3551306,Sinistros com vítimas feridas - ocupantes de motocicleta,3187,Sim,0.8816785598589252,-0.015115181825548994
3551405,Sinistros com vítimas feridas - ocupantes de motocicleta,13058,Não,0.6116724361566306,-0.0481865728486123
3551504,Sinistros com vítimas feridas - ocupantes de motocicleta,45408,Sim,0.576113870154793,0.047609854355291595
3551603,Sinistros com vítimas feridas - ocupantes de motocicleta,30920,Sim,0.005681559452962482,0.23329149419136336
3551702,Sinistros com vítimas feridas - ocupantes de motocicleta,131600,Sim,0.009680647033716934,0.21018997111621127
3551801,Sinistros com vítimas feridas - ocupantes de motocicleta,12912,Sim,0.0032822075255594216,-0.25963664441870377
3551900,Sinistros com vítimas feridas - ocupantes de motocicleta,14724,Sim,0.6139539526791051,-0.045131450367682784
3552007,Sinistros com vítimas feridas - ocupantes de motocicleta,6313,Sim,0.9209073986244698,0.010172577958117636
3552106,Sinistros com vítimas feridas - ocupantes de motocicleta,41405,Sim,1.669744077318294e-4,0.3205595132105196
3552205,Sinistros com vítimas feridas - ocupantes de motocicleta,757459,Sim,0.8555167886498515,0.014906223433237737
3552304,Sinistros com vítimas feridas - ocupantes de motocicleta,7466,Sim,0.31533444333011085,-0.09573810789076563
3552403,Sinistros com vítimas feridas - ocupantes de motocicleta,289787,Sim,1.5685025341479185e-8,0.4551434955096256
3552502,Sinistros com vítimas feridas - ocupantes de motocicleta,318765,Sim,0.333015375979395,0.07867176739140541
3552551,Sinistros com vítimas feridas - ocupantes de motocicleta,3464,Sim,0.17506938066706879,0.13080631627785053
3552601,Sinistros com vítimas feridas - ocupantes de motocicleta,11499,Sim,0.003754911549276361,0.2625057246263262
3552700,Sinistros com vítimas feridas - ocupantes de motocicleta,14994,Não,0.21857291341842627,0.10847343812333018
3552809,Sinistros com vítimas feridas - ocupantes de motocicleta,284274,Sim,0.033675865672222575,-0.17232770421503987
3552908,Sinistros com vítimas feridas - ocupantes de motocicleta,6399,Sim,0.8912116522268513,0.013367273450150858
3553005,Sinistros com vítimas feridas - ocupantes de motocicleta,13006,Sim,0.1273349291960833,-0.14188860868735878
3553104,Sinistros com vítimas feridas - ocupantes de motocicleta,5751,Não,0.36303980115380274,-0.08830448329662832
3553203,Sinistros com vítimas feridas - ocupantes de motocicleta,6733,Não,0.13178075249925025,0.1411698302718099
3553302,Sinistros com vítimas feridas - ocupantes de motocicleta,21682,Sim,1.5569751838665435e-6,0.4441129720024304
3553401,Sinistros com vítimas feridas - ocupantes de motocicleta,26021,Sim,0.019826816926658306,0.1960577075915538
3553500,Sinistros com vítimas feridas - ocupantes de motocicleta,8122,Não,0.9759537021495079,0.0031933592121909803
3553609,Sinistros com vítimas feridas - ocupantes de motocicleta,11936,Não,0.007983492389239158,0.2467479695593453
3553658,Sinistros com vítimas feridas - ocupantes de motocicleta,2652,Não,0.2941980597769251,0.10130863404664404
3553708,Sinistros com vítimas feridas - ocupantes de motocicleta,53322,Sim,0.318093248612859,0.08212376367720237
3553807,Sinistros com vítimas feridas - ocupantes de motocicleta,24863,Sim,0.3759789041317794,0.0778162607616948
3553856,Sinistros com vítimas feridas - ocupantes de motocicleta,7112,Sim,0.025514927514629686,0.20779492721447565
3553906,Sinistros com vítimas feridas - ocupantes de motocicleta,6635,Não,0.9038151908504433,-0.011740011030515637
3553955,Sinistros com vítimas feridas - ocupantes de motocicleta,15248,Sim,0.655952786352616,-0.03990368359570039
3554003,Sinistros com vítimas feridas - ocupantes de motocicleta,128560,Sim,2.0055945321311976e-4,-0.3011872029882375
3554102,Sinistros com vítimas feridas - ocupantes de motocicleta,321298,Sim,1.2103358681487828e-7,0.4241855231093464
3554201,Sinistros com vítimas feridas - ocupantes de motocicleta,4142,Não,0.15808422614141956,0.13643238492667717
3554300,Sinistros com vítimas feridas - ocupantes de motocicleta,22559,Sim,0.1951581789965085,-0.11097859453585426
3554409,Sinistros com vítimas feridas - ocupantes de motocicleta,7985,Sim,0.8723729588132313,-0.01583349780024772
3554508,Sinistros com vítimas feridas - ocupantes de motocicleta,38690,Sim,0.5473533115207305,-0.050218725286397266
3554607,Sinistros com vítimas feridas - ocupantes de motocicleta,2490,Não,0.9344696661638657,0.009228815126551297
3554656,Sinistros com vítimas feridas - ocupantes de motocicleta,2063,Não,0.5156922216117295,0.0641381535736704
3554706,Sinistros com vítimas feridas - ocupantes de motocicleta,9484,Sim,0.7883999726024271,0.025815108841568655
3554755,Sinistros com vítimas feridas - ocupantes de motocicleta,1719,Não,0.33250157194787483,0.09426914164529153
3554805,Sinistros com vítimas feridas - ocupantes de motocicleta,53083,Sim,2.1002962105884592e-6,0.40024614927739866
3554904,Sinistros com vítimas feridas - ocupantes de motocicleta,7013,Não,0.10347807526547258,-0.1462112545632565
3554953,Sinistros com vítimas feridas - ocupantes de motocicleta,6947,Não,0.9255850325677234,-0.009309838944018293
3555000,Sinistros com vítimas feridas - ocupantes de motocicleta,65416,Sim,0.6704020818429155,0.03481058124989679
3555109,Sinistros com vítimas feridas - ocupantes de motocicleta,16206,Sim,0.9505313831082413,-0.005709566867907522
3555208,Sinistros com vítimas feridas - ocupantes de motocicleta,1839,Não,0.6446315245165124,-0.04483736966862024
3555307,Sinistros com vítimas feridas - ocupantes de motocicleta,1672,Não,0.6632605149438725,0.042606434879429736
3555356,Sinistros com vítimas feridas - ocupantes de motocicleta,5456,Não,0.253956507266244,0.10808820300229395
3555406,Sinistros com vítimas feridas - ocupantes de motocicleta,96598,Sim,0.0020027800140508434,0.2494261043815162
3555505,Sinistros com vítimas feridas - ocupantes de motocicleta,5265,Não,0.30047757825717314,0.09854182238136193
3555604,Sinistros com vítimas feridas - ocupantes de motocicleta,10627,Não,0.9276234103862184,0.008677450204688396
3555703,Sinistros com vítimas feridas - ocupantes de motocicleta,1628,Sim,0.2611362916412324,0.10942737935767965
3555802,Sinistros com vítimas feridas - ocupantes de motocicleta,8973,Não,0.367510732442329,0.08021592677798425
3555901,Sinistros com vítimas feridas - ocupantes de motocicleta,1419,Não,NA,NA
3556008,Sinistros com vítimas feridas - ocupantes de motocicleta,14038,Sim,0.33911104356930954,0.08478080521451677
3556107,Sinistros com vítimas feridas - ocupantes de motocicleta,14531,Não,0.10787834059931388,-0.13741381562645905
3556206,Sinistros com vítimas feridas - ocupantes de motocicleta,131277,Sim,1.4943851977523995e-6,0.38957654044782486
3556305,Sinistros com vítimas feridas - ocupantes de motocicleta,24723,Sim,0.713009934299776,-0.03202699136609576
3556354,Sinistros com vítimas feridas - ocupantes de motocicleta,10805,Sim,0.3511136356672993,-0.08445804022008853
3556404,Sinistros com vítimas feridas - ocupantes de motocicleta,41226,Sim,2.5423981891915146e-7,0.4299874173255251
3556453,Sinistros com vítimas feridas - ocupantes de motocicleta,52103,Sim,0.9022701069500317,0.010691865295235196
3556503,Sinistros com vítimas feridas - ocupantes de motocicleta,119576,Sim,1.231680421005154e-11,0.5526096908474191
3556602,Sinistros com vítimas feridas - ocupantes de motocicleta,10294,Não,0.5802354014119271,-0.04989461421613313
3556701,Sinistros com vítimas feridas - ocupantes de motocicleta,79235,Sim,0.3285728599989312,-0.08089983229381767
3556800,Sinistros com vítimas feridas - ocupantes de motocicleta,17681,Sim,0.01890876932465163,0.21045936495561526
3556909,Sinistros com vítimas feridas - ocupantes de motocicleta,8327,Sim,0.6506832583775205,0.04310217254335047
3556958,Sinistros com vítimas feridas - ocupantes de motocicleta,1826,Sim,0.8947440675645757,-0.013524110054438572
3557006,Sinistros com vítimas feridas - ocupantes de motocicleta,132849,Sim,0.099975756224392,0.13476083655094892
3557105,Sinistros com vítimas feridas - ocupantes de motocicleta,100159,Sim,0.021243930782165993,-0.18563006346519959
3557154,Sinistros com vítimas feridas - ocupantes de motocicleta,2761,Não,0.7149079031910932,0.03577085101635598
3557204,Sinistros com vítimas feridas - ocupantes de motocicleta,12411,Não,0.09198315324620786,0.15244694098410855
3557303,Sinistros com vítimas feridas - ocupantes de motocicleta,11566,Sim,0.21666801645644695,0.1132892336140876
